experiment_timestamp,game_id,opening_name,opening_family,opening_moves_san,opening_fen,base_time_per_move,initial_clock_per_player,completed_game,result,termination_reason,dynamic_score,engine_plies_played,total_plies_from_start,engine_moves_uci,engine_moves_san,full_game_san,final_fen,final_evaluation_white_perspective,game_wall_time,dynamic_colour,dynamic_move_count,dynamic_total_nodes,dynamic_average_nodes_per_move,dynamic_total_cutoffs,dynamic_total_allocated_time,dynamic_total_decision_time,dynamic_average_decision_time_per_move,dynamic_average_completed_depth,dynamic_maximum_completed_depth,dynamic_depth_zero_fallbacks,dynamic_deadline_overruns,dynamic_quiet_positions,dynamic_normal_positions,dynamic_volatile_positions,dynamic_clock_used,dynamic_clock_remaining,fixed_colour,fixed_move_count,fixed_total_nodes,fixed_average_nodes_per_move,fixed_total_cutoffs,fixed_total_allocated_time,fixed_total_decision_time,fixed_average_decision_time_per_move,fixed_average_completed_depth,fixed_maximum_completed_depth,fixed_depth_zero_fallbacks,fixed_deadline_overruns,fixed_quiet_positions,fixed_normal_positions,fixed_volatile_positions,fixed_clock_used,fixed_clock_remaining
20260805_000246,t50ms_starting_position_dynamic_white,starting_position,starting_position,,rnbqkbnr/pppppppp/8/8/8/8/PPPPPPPP/RNBQKBNR w KQkq - 0 1,0.05,4.0,True,0-1,checkmate,0.0,124,124,g1f3 g8f6 b1c3 b8c6 d2d4 c6d4 d1d4 d7d5 d4f6 g7f6 c3d5 d8d5 e2e4 d5e4 e1d2 f8h6 d2c3 e4f3 g2f3 h6c1 a1c1 c8d7 f1b5 d7b5 h1d1 a8d8 d1d8 e8d8 c1d1 d8e8 d1d8 e8d8 c3d4 e7e5 d4e3 b5c4 a2a4 h8e8 e3e4 c7c5 c2c3 e8e6 f3f4 e5f4 e4f4 e6e5 f2f3 c4d5 c3c4 d5c4 b2b3 c4b3 a4a5 b3d5 h2h4 h7h5 a5a6 b7a6 f4g3 d8d7 f3f4 e5e3 g3f2 e3e4 f4f5 e4h4 f2e3 h4d4 e3f2 d7d6 f2e3 d6e5 e3f2 e5f5 f2e3 f5e5 e3f2 d5e4 f2e3 a6a5 e3f2 a7a6 f2e3 h5h4 e3f2 f6f5 f2e3 f7f6 e3f2 f5f4 f2f1 a5a4 f1f2 a6a5 f2f1 a4a3 f1f2 a3a2 f2e1 a2a1q e1e2 a1c3 e2f1 c3c4 f1f2 c4e6 f2f1 e6d5 f1f2 d5e6 f2f1 a5a4 f1f2 e6d5 f2f1 d5e6 f1f2 a4a3 f2f1 a3a2 f1f2 a2a1q f2e2 e6a2,Nf3 Nf6 Nc3 Nc6 d4 Nxd4 Qxd4 d5 Qxf6 gxf6 Nxd5 Qxd5 e4 Qxe4+ Kd2 Bh6+ Kc3 Qxf3+ gxf3 Bxc1 Rxc1 Bd7 Bb5 Bxb5 Rhd1 Rd8 Rxd8+ Kxd8 Rd1+ Ke8 Rd8+ Kxd8 Kd4 e5+ Ke3 Bc4 a4 Re8 Ke4 c5 c3 Re6 f4 exf4+ Kxf4 Re5 f3 Bd5 c4 Bxc4 b3 Bxb3 a5 Bd5 h4 h5 a6 bxa6 Kg3 Kd7 f4 Re3+ Kf2 Re4 f5 Rxh4 Ke3 Rd4 Kf2 Kd6 Ke3 Ke5 Kf2 Kxf5 Ke3 Ke5 Kf2 Be4 Ke3 a5 Kf2 a6 Ke3 h4 Kf2 f5 Ke3 f6 Kf2 f4 Kf1 a4 Kf2 a5 Kf1 a3 Kf2 a2 Ke1 a1=Q+ Ke2 Qc3 Kf1 Qc4+ Kf2 Qe6 Kf1 Qd5 Kf2 Qe6 Kf1 a4 Kf2 Qd5 Kf1 Qe6 Kf2 a3 Kf1 a2 Kf2 a1=Q Ke2 Qea2#,Nf3 Nf6 Nc3 Nc6 d4 Nxd4 Qxd4 d5 Qxf6 gxf6 Nxd5 Qxd5 e4 Qxe4+ Kd2 Bh6+ Kc3 Qxf3+ gxf3 Bxc1 Rxc1 Bd7 Bb5 Bxb5 Rhd1 Rd8 Rxd8+ Kxd8 Rd1+ Ke8 Rd8+ Kxd8 Kd4 e5+ Ke3 Bc4 a4 Re8 Ke4 c5 c3 Re6 f4 exf4+ Kxf4 Re5 f3 Bd5 c4 Bxc4 b3 Bxb3 a5 Bd5 h4 h5 a6 bxa6 Kg3 Kd7 f4 Re3+ Kf2 Re4 f5 Rxh4 Ke3 Rd4 Kf2 Kd6 Ke3 Ke5 Kf2 Kxf5 Ke3 Ke5 Kf2 Be4 Ke3 a5 Kf2 a6 Ke3 h4 Kf2 f5 Ke3 f6 Kf2 f4 Kf1 a4 Kf2 a5 Kf1 a3 Kf2 a2 Ke1 a1=Q+ Ke2 Qc3 Kf1 Qc4+ Kf2 Qe6 Kf1 Qd5 Kf2 Qe6 Kf1 a4 Kf2 Qd5 Kf1 Qe6 Kf2 a3 Kf1 a2 Kf2 a1=Q Ke2 Qea2#,8/8/5p2/2p1k3/3rbp1p/8/q3K3/q7 w - - 2 63,-100000,5.818468700002995,white,62,11035,177.98387096774192,1361,2.619999999999998,2.6296184000966605,0.04241320000155904,1.903225806451613,3,0,62,44,8,10,2.6296184000966605,1.3703815999033395,black,62,14044,226.51612903225808,1981,3.099999999999997,3.1069008000340546,0.05011130322635572,1.967741935483871,3,0,62,15,37,10,3.1069008000340546,0.8930991999659454
20260805_000246,t50ms_starting_position_dynamic_black,starting_position,starting_position,,rnbqkbnr/pppppppp/8/8/8/8/PPPPPPPP/RNBQKBNR w KQkq - 0 1,0.05,4.0,True,1/2-1/2,threefold_repetition,0.5,96,96,g1f3 g8f6 b1c3 b8c6 d2d4 c6d4 d1d4 d7d5 d4f6 g7f6 c3d5 d8d5 e2e4 d5e4 e1d2 f8h6 d2c3 h6c1 f1b5 c7c6 h1c1 c6b5 c1d1 e4c4 c3d2 c8f5 d2e3 c4e4 e3d2 e4f3 g2f3 a8d8 d2e3 d8d1 a1d1 f5c2 d1d8 e8d8 e3d4 h8g8 f3f4 g8h8 f2f3 e7e5 f4e5 f6e5 d4e5 h8e8 e5d5 e8e5 d5e5 c2e4 f3e4 f7f6 e5f6 d8d7 f6e5 d7c6 b2b4 h7h5 h2h4 a7a5 b4a5 c6c5 a2a3 c5c4 e5e6 c4d4 e6f5 b7b6 a5b6 b5b4 a3b4 d4c4 f5e5 c4b4 e5d4 b4b5 b6b7 b5b6 b7b8q b6c6 b8e5 c6b7 e5h5 b7c6 h5d5 c6c7 h4h5 c7b6 d4e5 b6c7 e5d4 c7b6 d4e5 b6c7,Nf3 Nf6 Nc3 Nc6 d4 Nxd4 Qxd4 d5 Qxf6 gxf6 Nxd5 Qxd5 e4 Qxe4+ Kd2 Bh6+ Kc3 Bxc1 Bb5+ c6 Rhxc1 cxb5 Rd1 Qc4+ Kd2 Bf5 Ke3 Qe4+ Kd2 Qxf3 gxf3 Rd8+ Ke3 Rxd1 Rxd1 Bxc2 Rd8+ Kxd8 Kd4 Rg8 f4 Rh8 f3 e5+ fxe5 fxe5+ Kxe5 Re8+ Kd5 Re5+ Kxe5 Be4 fxe4 f6+ Kxf6 Kd7 Ke5 Kc6 b4 h5 h4 a5 bxa5 Kc5 a3 Kc4 Ke6 Kd4 Kf5 b6 axb6 b4 axb4 Kc4 Ke5 Kxb4 Kd4 Kb5 b7 Kb6 b8=Q+ Kc6 Qe5 Kb7 Qxh5 Kc6 Qd5+ Kc7 h5 Kb6 Ke5 Kc7 Kd4 Kb6 Ke5 Kc7,Nf3 Nf6 Nc3 Nc6 d4 Nxd4 Qxd4 d5 Qxf6 gxf6 Nxd5 Qxd5 e4 Qxe4+ Kd2 Bh6+ Kc3 Bxc1 Bb5+ c6 Rhxc1 cxb5 Rd1 Qc4+ Kd2 Bf5 Ke3 Qe4+ Kd2 Qxf3 gxf3 Rd8+ Ke3 Rxd1 Rxd1 Bxc2 Rd8+ Kxd8 Kd4 Rg8 f4 Rh8 f3 e5+ fxe5 fxe5+ Kxe5 Re8+ Kd5 Re5+ Kxe5 Be4 fxe4 f6+ Kxf6 Kd7 Ke5 Kc6 b4 h5 h4 a5 bxa5 Kc5 a3 Kc4 Ke6 Kd4 Kf5 b6 axb6 b4 axb4 Kc4 Ke5 Kxb4 Kd4 Kb5 b7 Kb6 b8=Q+ Kc6 Qe5 Kb7 Qxh5 Kc6 Qd5+ Kc7 h5 Kb6 Ke5 Kc7 Kd4 Kb6 Ke5 Kc7,8/2k5/8/3QK2P/4P3/8/8/8 w - - 7 49,0,5.749826400002348,black,48,4723,98.39583333333333,600,2.539999999999998,3.0387489999848185,0.06330727083301706,1.4166666666666667,2,2,48,25,7,16,3.0387489999848185,0.9612510000151815,white,48,4261,88.77083333333333,495,2.3999999999999995,2.4181283000070835,0.05037767291681424,1.5,2,0,48,18,17,13,2.4181283000070835,1.5818716999929165
20260805_000246,t50ms_open_game_dynamic_white,open_game,open_game,e4 e5,rnbqkbnr/pppp1ppp/8/4p3/4P3/8/PPPP1PPP/RNBQKBNR w KQkq - 0 2,0.05,4.0,True,1/2-1/2,insufficient_material,0.5,83,85,g1h3 b8c6 h3g5 d8g5 h1g1 g8e7 g1h1 h8g8 h1g1 g5d2 b1d2 e7d5 d2c4 f8b4 e1e2 g8h8 d1d5 h8g8 d5f7 e8f7 c4e5 c6e5 c1e3 g8h8 e3a7 h8g8 a7b8 g8h8 b8c7 h8g8 c7d8 g8h8 d8e7 h8g8 e7f8 g8h8 f8b4 h8g8 b4f8 g8f8 a1d1 a8a2 d1d7 c8d7 e2e3 f8h8 e3f4 h8g8 f4e5 a2b2 f1c4 d7e6 c4e6 f7e7 e6g8 b2c2 g8h7 c2f2 h7f5 f2f5 e4f5 g7g5 f5g6 b7b5 g1d1 b5b4 d1d4 b4b3 h2h4 b3b2 g2g4 b2b1q d4d7 e7d7 e5d5 b1g6 h4h5 g6g4 d5e5 g4h5 e5e4 h5e5 e4e5,Nh3 Nc6 Ng5 Qxg5 Rg1 Nge7 Rh1 Rg8 Rg1 Qxd2+ Nxd2 Nd5 Nc4 Bb4+ Ke2 Rh8 Qxd5 Rg8 Qxf7+ Kxf7 Nxe5+ Nxe5 Be3 Rh8 Bxa7 Rg8 Bb8 Rh8 Bxc7 Rg8 Bd8 Rh8 Be7 Rg8 Bf8 Rh8 Bxb4 Rg8 Bf8 Rxf8 Rd1 Rxa2 Rxd7+ Bxd7 Ke3 Rh8 Kf4 Rg8 Kxe5 Rxb2 Bc4+ Be6 Bxe6+ Ke7 Bxg8 Rxc2 Bxh7 Rxf2 Bf5 Rxf5+ exf5 g5 fxg6 b5 Rd1 b4 Rd4 b3 h4 b2 g4 b1=Q Rd7+ Kxd7 Kd5 Qxg6 h5 Qxg4 Ke5 Qxh5+ Ke4 Qe5+ Kxe5,e4 e5 Nh3 Nc6 Ng5 Qxg5 Rg1 Nge7 Rh1 Rg8 Rg1 Qxd2+ Nxd2 Nd5 Nc4 Bb4+ Ke2 Rh8 Qxd5 Rg8 Qxf7+ Kxf7 Nxe5+ Nxe5 Be3 Rh8 Bxa7 Rg8 Bb8 Rh8 Bxc7 Rg8 Bd8 Rh8 Be7 Rg8 Bf8 Rh8 Bxb4 Rg8 Bf8 Rxf8 Rd1 Rxa2 Rxd7+ Bxd7 Ke3 Rh8 Kf4 Rg8 Kxe5 Rxb2 Bc4+ Be6 Bxe6+ Ke7 Bxg8 Rxc2 Bxh7 Rxf2 Bf5 Rxf5+ exf5 g5 fxg6 b5 Rd1 b4 Rd4 b3 h4 b2 g4 b1=Q Rd7+ Kxd7 Kd5 Qxg6 h5 Qxg4 Ke5 Qxh5+ Ke4 Qe5+ Kxe5,8/3k4/8/4K3/8/8/8/8 b - - 0 43,0,4.534333999996306,white,42,1468,34.95238095238095,73,2.000000000000001,2.1489163999503944,0.05116467618929511,0.8095238095238095,4,16,42,21,13,8,2.1489163999503944,1.8510836000496056,black,41,1686,41.1219512195122,55,2.0500000000000007,2.076841699978104,0.050654675609222044,0.7560975609756098,2,14,41,10,19,12,2.076841699978104,1.9231583000218961
20260805_000246,t50ms_open_game_dynamic_black,open_game,open_game,e4 e5,rnbqkbnr/pppp1ppp/8/4p3/4P3/8/PPPP1PPP/RNBQKBNR w KQkq - 0 2,0.05,4.0,True,1-0,checkmate,0.0,59,61,g1h3 g8e7 b1c3 h8g8 d2d4 g8h8 h3g5 h8g8 g5h7 g8h8 h7f8 e8f8 c3d5 h8g8 d5e7 d8e7 h1g1 g8h8 g1h1 h8g8 d4e5 e7e5 h1g1 e5e4 c1e3 e4e3 f2e3 b8c6 g1h1 g8h8 h1g1 h8g8 d1d7 c8d7 f1d3 g8h8 d3h7 h8g8 h7g8 f8g8 a1d1 g8h8 d1d7 a8e8 d7f7 e8e3 e1d2 e3d3 c2d3 c6d4 f7c7 d4f3 g2f3 g7g5 g1g5 b7b5 g5b5 a7a5 b5b8,Nh3 Ne7 Nc3 Rg8 d4 Rh8 Ng5 Rg8 Nxh7 Rh8 Nxf8 Kxf8 Nd5 Rg8 Nxe7 Qxe7 Rg1 Rh8 Rh1 Rg8 dxe5 Qxe5 Rg1 Qxe4+ Be3 Qxe3+ fxe3 Nc6 Rh1 Rh8 Rg1 Rg8 Qxd7 Bxd7 Bd3 Rh8 Bh7 Rg8 Bxg8 Kxg8 Rd1 Kh8 Rxd7 Re8 Rxf7 Rxe3+ Kd2 Rd3+ cxd3 Nd4 Rxc7 Nf3+ gxf3 g5 Rxg5 b5 Rxb5 a5 Rb8#,e4 e5 Nh3 Ne7 Nc3 Rg8 d4 Rh8 Ng5 Rg8 Nxh7 Rh8 Nxf8 Kxf8 Nd5 Rg8 Nxe7 Qxe7 Rg1 Rh8 Rh1 Rg8 dxe5 Qxe5 Rg1 Qxe4+ Be3 Qxe3+ fxe3 Nc6 Rh1 Rh8 Rg1 Rg8 Qxd7 Bxd7 Bd3 Rh8 Bh7 Rg8 Bxg8 Kxg8 Rd1 Kh8 Rxd7 Re8 Rxf7 Rxe3+ Kd2 Rd3+ cxd3 Nd4 Rxc7 Nf3+ gxf3 g5 Rxg5 b5 Rxb5 a5 Rb8#,1R5k/2R5/8/p7/8/3P1P2/PP1K3P/8 b - - 1 31,100000,3.1152424000028986,black,29,776,26.75862068965517,8,1.3700000000000006,1.3955628000258002,0.048122855173303454,0.5517241379310345,1,13,29,12,13,4,1.3955628000258002,2.6044371999741998,white,30,1073,35.766666666666666,24,1.5000000000000007,1.5265537999512162,0.05088512666504054,0.7,2,12,30,9,13,8,1.5265537999512162,2.473446200048784
20260805_000246,t50ms_italian_game_dynamic_white,italian_game,open_game,e4 e5 Nf3 Nc6 Bc4 Bc5,r1bqk1nr/pppp1ppp/2n5/2b1p3/2B1P3/5N2/PPPP1PPP/RNBQK2R w KQkq - 4 4,0.05,4.0,True,1/2-1/2,threefold_repetition,0.5,127,133,c4f7 e8f7 f3e5 c6e5 d1f3 e5f3 g2f3 g8e7 h1g1 c5f2 e1f2 d7d5 f2g3 h8g8 g3h4 d5e4 g1g7 g8g7 f3e4 d8d2 b1d2 c8e6 h4h5 a8h8 h5h6 h8g8 d2c4 e6c4 c1e3 g8h8 h6h5 h8g8 a1f1 c4f1 e3a7 g7g5 h5h6 g8h8 a7b8 h8b8 h6g5 b8d8 c2c4 f1c4 g5f4 c4a2 b2b3 a2b3 f4e5 d8d4 e5d4 b3d5 e4d5 e7d5 d4d5 c7c6 d5e5 h7h5 h2h4 b7b5 e5e4 f7e6 e4d4 e6f5 d4e3 f5e5 e3f3 e5f6 f3f4 f6e6 f4e4 c6c5 e4f4 e6d5 f4f5 b5b4 f5f4 d5d4 f4f5 d4d5 f5f4 c5c4 f4f5 d5d4 f5e6 d4e4 e6d6 e4d4 d6e6 d4e4 e6d6 c4c3 d6e6 e4d4 e6d6 d4e4 d6e6 c3c2 e6d6 c2c1q d6e6 c1c5 e6f6 c5e5 f6f7 e4d4 f7g8 e5e4 g8g7 e4h4 g7f7 h4e4 f7f6 e4e5 f6f7 h5h4 f7g8 d4d5 g8f7 d5e4 f7g6 e4d5 g6f7 d5e4 f7g6 e4d4 g6f7,Bxf7+ Kxf7 Nxe5+ Nxe5 Qf3+ Nxf3+ gxf3 Ne7 Rg1 Bxf2+ Kxf2 d5 Kg3 Rg8 Kh4 dxe4 Rxg7+ Rxg7 fxe4 Qxd2 Nxd2 Be6 Kh5 Rh8 Kh6 Rhg8 Nc4 Bxc4 Be3 Rh8 Kh5 Rhg8 Rf1+ Bxf1 Bxa7 Rg5+ Kh6 Rh8 Bb8 Rxb8 Kxg5 Rd8 c4 Bxc4 Kf4 Bxa2 b3 Bxb3 Ke5 Rd4 Kxd4 Bd5 exd5 Nxd5 Kxd5 c6+ Ke5 h5 h4 b5 Ke4 Ke6 Kd4 Kf5 Ke3 Ke5 Kf3 Kf6 Kf4 Ke6 Ke4 c5 Kf4 Kd5 Kf5 b4 Kf4 Kd4 Kf5 Kd5 Kf4 c4 Kf5 Kd4 Ke6 Ke4 Kd6 Kd4 Ke6 Ke4 Kd6 c3 Ke6 Kd4 Kd6 Ke4 Ke6 c2 Kd6 c1=Q Ke6 Qc5 Kf6 Qe5+ Kf7 Kd4 Kg8 Qe4 Kg7 Qxh4 Kf7 Qe4 Kf6 Qe5+ Kf7 h4 Kg8 Kd5 Kf7 Ke4 Kg6 Kd5 Kf7 Ke4 Kg6 Kd4 Kf7,e4 e5 Nf3 Nc6 Bc4 Bc5 Bxf7+ Kxf7 Nxe5+ Nxe5 Qf3+ Nxf3+ gxf3 Ne7 Rg1 Bxf2+ Kxf2 d5 Kg3 Rg8 Kh4 dxe4 Rxg7+ Rxg7 fxe4 Qxd2 Nxd2 Be6 Kh5 Rh8 Kh6 Rhg8 Nc4 Bxc4 Be3 Rh8 Kh5 Rhg8 Rf1+ Bxf1 Bxa7 Rg5+ Kh6 Rh8 Bb8 Rxb8 Kxg5 Rd8 c4 Bxc4 Kf4 Bxa2 b3 Bxb3 Ke5 Rd4 Kxd4 Bd5 exd5 Nxd5 Kxd5 c6+ Ke5 h5 h4 b5 Ke4 Ke6 Kd4 Kf5 Ke3 Ke5 Kf3 Kf6 Kf4 Ke6 Ke4 c5 Kf4 Kd5 Kf5 b4 Kf4 Kd4 Kf5 Kd5 Kf4 c4 Kf5 Kd4 Ke6 Ke4 Kd6 Kd4 Ke6 Ke4 Kd6 c3 Ke6 Kd4 Kd6 Ke4 Ke6 c2 Kd6 c1=Q Ke6 Qc5 Kf6 Qe5+ Kf7 Kd4 Kg8 Qe4 Kg7 Qxh4 Kf7 Qe4 Kf6 Qe5+ Kf7 h4 Kg8 Kd5 Kf7 Ke4 Kg6 Kd5 Kf7 Ke4 Kg6 Kd4 Kf7,8/5K2/8/4q3/1p1k3p/8/8/8 b - - 11 67,0,6.822031799994875,white,64,2197,34.328125,105,2.7399999999999975,2.8509126000717515,0.04454550937612112,1.09375,2,10,64,43,11,10,2.8509126000717515,1.1490873999282485,black,63,3027,48.04761904761905,222,3.149999999999997,3.508159800025169,0.0556850761908757,1.1904761904761905,2,8,63,22,30,11,3.508159800025169,0.4918401999748312
20260805_000246,t50ms_italian_game_dynamic_black,italian_game,open_game,e4 e5 Nf3 Nc6 Bc4 Bc5,r1bqk1nr/pppp1ppp/2n5/2b1p3/2B1P3/5N2/PPPP1PPP/RNBQK2R w KQkq - 4 4,0.05,4.0,True,0-1,checkmate,1.0,22,28,c4f7 e8f7 f3e5 c6e5 h1g1 g8e7 d1f3 e5f3 g2f3 c5f2 e1f2 d7d5 f2g3 h8g8 e4d5 d8d5 g3h4 d5f3 g1g7 g8g7 b1c3 e7f5,Bxf7+ Kxf7 Nxe5+ Nxe5 Rg1 Ne7 Qf3+ Nxf3+ gxf3 Bxf2+ Kxf2 d5 Kg3 Rg8 exd5 Qxd5 Kh4 Qxf3 Rxg7+ Rxg7 Nc3 Nf5#,e4 e5 Nf3 Nc6 Bc4 Bc5 Bxf7+ Kxf7 Nxe5+ Nxe5 Rg1 Ne7 Qf3+ Nxf3+ gxf3 Bxf2+ Kxf2 d5 Kg3 Rg8 exd5 Qxd5 Kh4 Qxf3 Rxg7+ Rxg7 Nc3 Nf5#,r1b5/ppp2krp/8/5n2/7K/2N2q2/PPPP3P/R1B5 w - - 2 15,-100000,1.5108527000120375,black,11,555,50.45454545454545,30,0.87,0.8784576000325615,0.07985978182114195,1.1818181818181819,2,2,11,0,3,8,0.8784576000325615,3.1215423999674385,white,11,312,28.363636363636363,0,0.5499999999999999,0.5595502999931341,0.050868209090284916,0.6363636363636364,1,4,11,1,6,4,0.5595502999931341,3.440449700006866
20260805_000246,t50ms_ruy_lopez_dynamic_white,ruy_lopez,open_game,e4 e5 Nf3 Nc6 Bb5 a6,r1bqkbnr/1ppp1ppp/p1n5/1B2p3/4P3/5N2/PPPP1PPP/RNBQK2R w KQkq - 0 4,0.05,4.0,True,1/2-1/2,threefold_repetition,0.5,71,77,b5c6 d7c6 f3g5 g8e7 g5h7 h8h7 b1c3 d8d2 d1d2 h7h2 h1h2 e7d5 c3d5 c6d5 d2d5 f8b4 c2c3 b4c3 b2c3 c8e6 d5e6 f7e6 c1e3 a8d8 e3a7 d8d1 a1d1 c7c5 a7c5 e8f7 c5f8 f7f8 d1d5 e6d5 e4d5 g7g5 h2h4 g5h4 f2f4 e5f4 a2a4 f8g7 e1e2 g7f6 e2d3 f6e5 c3c4 b7b5 a4b5 a6b5 c4b5 e5d5 g2g3 h4g3 d3c3 g3g2 c3d3 g2g1q d3c3 g1d4 c3c2 d5e4 c2b3 f4f3 b3c2 e4e5 c2b3 e5e4 b3c2 e4e5 c2b3,Bxc6 dxc6 Ng5 Ne7 Nxh7 Rxh7 Nc3 Qxd2+ Qxd2 Rxh2 Rxh2 Nd5 Nxd5 cxd5 Qxd5 Bb4+ c3 Bxc3+ bxc3 Be6 Qxe6+ fxe6 Be3 Rd8 Ba7 Rd1+ Rxd1 c5 Bxc5 Kf7 Bf8 Kxf8 Rd5 exd5 exd5 g5 Rh4 gxh4 f4 exf4 a4 Kg7 Ke2 Kf6 Kd3 Ke5 c4 b5 axb5 axb5 cxb5 Kxd5 g3 hxg3 Kc3 g2 Kd3 g1=Q Kc3 Qd4+ Kc2 Ke4 Kb3 f3 Kc2 Ke5 Kb3 Ke4 Kc2 Ke5 Kb3,e4 e5 Nf3 Nc6 Bb5 a6 Bxc6 dxc6 Ng5 Ne7 Nxh7 Rxh7 Nc3 Qxd2+ Qxd2 Rxh2 Rxh2 Nd5 Nxd5 cxd5 Qxd5 Bb4+ c3 Bxc3+ bxc3 Be6 Qxe6+ fxe6 Be3 Rd8 Ba7 Rd1+ Rxd1 c5 Bxc5 Kf7 Bf8 Kxf8 Rd5 exd5 exd5 g5 Rh4 gxh4 f4 exf4 a4 Kg7 Ke2 Kf6 Kd3 Ke5 c4 b5 axb5 axb5 cxb5 Kxd5 g3 hxg3 Kc3 g2 Kd3 g1=Q Kc3 Qd4+ Kc2 Ke4 Kb3 f3 Kc2 Ke5 Kb3 Ke4 Kc2 Ke5 Kb3,8/8/8/1P2k3/3q4/1K3p2/8/8 b - - 7 39,0,3.884288100001868,white,36,1485,41.25,92,1.9000000000000008,1.9247045999218244,0.05346401666449512,1.0277777777777777,2,6,36,15,11,10,1.9247045999218244,2.0752954000781756,black,35,1580,45.142857142857146,141,1.7500000000000009,1.7679009000130463,0.05051145428608704,1.2,2,1,35,13,20,2,1.7679009000130463,2.2320990999869537
20260805_000246,t50ms_ruy_lopez_dynamic_black,ruy_lopez,open_game,e4 e5 Nf3 Nc6 Bb5 a6,r1bqkbnr/1ppp1ppp/p1n5/1B2p3/4P3/5N2/PPPP1PPP/RNBQK2R w KQkq - 0 4,0.05,4.0,True,1/2-1/2,threefold_repetition,0.5,81,87,b5c6 d7c6 f3e5 d8d2 b1d2 g8e7 e5f7 e8f7 d1h5 g7g6 h5h7 h8h7 d2c4 f8g7 c4d6 c7d6 c1e3 c8d7 e3a7 a8a7 a1d1 h7h8 d1d6 g7b2 d6d7 h8h2 h1h2 b2c3 e1e2 f7g8 d7e7 c3e5 e7e5 b7b5 e5b5 a6b5 h2h8 g8h8 f2f4 a7a2 e2e3 a2c2 e3d4 c2g2 d4e5 g2d2 e5e6 d2d5 e4d5 c6d5 e6d5 h8g7 d5e5 g6g5 f4g5 g7f7 e5d5 f7e7 d5e5 e7f7 e5d5 f7e7 g5g6 e7f6 d5e4 f6g6 e4e5 g6g7 e5e4 g7f6 e4d5 f6f5 d5d4 f5e6 d4e4 e6d6 e4d4 d6e6 d4e4 e6d6 e4d4,Bxc6 dxc6 Nxe5 Qxd2+ Nxd2 Ne7 Nxf7 Kxf7 Qh5+ g6 Qxh7+ Rxh7 Nc4 Bg7 Nd6+ cxd6 Be3 Bd7 Ba7 Rxa7 Rd1 Rh8 Rxd6 Bxb2 Rxd7 Rxh2 Rxh2 Bc3+ Ke2 Kg8 Rxe7 Be5 Rxe5 b5 Rxb5 axb5 Rh8+ Kxh8 f4 Rxa2 Ke3 Rxc2 Kd4 Rxg2 Ke5 Rd2 Ke6 Rd5 exd5 cxd5 Kxd5 Kg7 Ke5 g5 fxg5 Kf7 Kd5 Ke7 Ke5 Kf7 Kd5 Ke7 g6 Kf6 Ke4 Kxg6 Ke5 Kg7 Ke4 Kf6 Kd5 Kf5 Kd4 Ke6 Ke4 Kd6 Kd4 Ke6 Ke4 Kd6 Kd4,e4 e5 Nf3 Nc6 Bb5 a6 Bxc6 dxc6 Nxe5 Qxd2+ Nxd2 Ne7 Nxf7 Kxf7 Qh5+ g6 Qxh7+ Rxh7 Nc4 Bg7 Nd6+ cxd6 Be3 Bd7 Ba7 Rxa7 Rd1 Rh8 Rxd6 Bxb2 Rxd7 Rxh2 Rxh2 Bc3+ Ke2 Kg8 Rxe7 Be5 Rxe5 b5 Rxb5 axb5 Rh8+ Kxh8 f4 Rxa2 Ke3 Rxc2 Kd4 Rxg2 Ke5 Rd2 Ke6 Rd5 exd5 cxd5 Kxd5 Kg7 Ke5 g5 fxg5 Kf7 Kd5 Ke7 Ke5 Kf7 Kd5 Ke7 g6 Kf6 Ke4 Kxg6 Ke5 Kg7 Ke4 Kf6 Kd5 Kf5 Kd4 Ke6 Ke4 Kd6 Kd4 Ke6 Ke4 Kd6 Kd4,8/8/3k4/1p6/3K4/8/8/8 b - - 15 44,0,4.302136799989967,black,40,1606,40.15,104,1.9800000000000009,2.0047043999802554,0.05011760999950639,1.075,2,5,40,19,12,9,2.0047043999802554,1.9952956000197446,white,41,2037,49.68292682926829,166,2.0500000000000007,2.074658499972429,0.050601426828595836,1.2926829268292683,2,6,41,22,11,8,2.074658499972429,1.9253415000275709
20260805_000246,t50ms_scotch_game_dynamic_white,scotch_game,open_game,e4 e5 Nf3 Nc6 d4 exd4,r1bqkbnr/pppp1ppp/2n5/8/3pP3/5N2/PPP2PPP/RNBQKB1R w KQkq - 0 4,0.05,4.0,True,1/2-1/2,threefold_repetition,0.5,101,107,f3g5 g8e7 g5h7 h8h7 h1g1 h7h2 g1h1 a8b8 h1h2 d7d5 h2h8 d5e4 h8f8 e8f8 f1a6 b7a6 e1e2 b8b2 c1b2 c8g4 f2f3 g4f3 g2f3 e4f3 e2f3 d8d5 f3f4 g7g5 f4g3 e7f5 g3f2 f8g8 f2e2 g8h8 d1d4 c6d4 b2d4 f5d4 e2e3 d4c2 e3f2 c2a1 b1c3 a1c2 c3d5 c2d4 d5c7 f7f5 c7a6 h8g7 a6c5 a7a5 c5e6 d4e6 f2e3 e6d4 e3d4 g7f6 a2a4 f6e6 d4c5 e6e5 c5c4 e5e4 c4c5 e4e5 c5c4 g5g4 c4c5 e5e4 c5d6 e4d4 d6e6 d4e4 e6d6 e4d4 d6e6 f5f4 e6d6 d4e4 d6e6 e4d4 e6d6 g4g3 d6e6 g3g2 e6d6 g2g1q d6e6 g1e3 e6d6 e3e4 d6c7 e4d5 c7b6 d4e5 b6c7 e5d4 c7b6 d4e5 b6c7,Ng5 Nge7 Nxh7 Rxh7 Rg1 Rxh2 Rh1 Rb8 Rxh2 d5 Rh8 dxe4 Rxf8+ Kxf8 Ba6 bxa6 Ke2 Rxb2 Bxb2 Bg4+ f3 Bxf3+ gxf3 exf3+ Kxf3 Qd5+ Kf4 g5+ Kg3 Nf5+ Kf2 Kg8 Ke2 Kh8 Qxd4+ Ncxd4+ Bxd4+ Nxd4+ Ke3 Nxc2+ Kf2 Nxa1 Nc3 Nc2 Nxd5 Nd4 Nxc7 f5 Nxa6 Kg7 Nc5 a5 Ne6+ Nxe6 Ke3 Nd4 Kxd4 Kf6 a4 Ke6 Kc5 Ke5 Kc4 Ke4 Kc5 Ke5 Kc4 g4 Kc5 Ke4 Kd6 Kd4 Ke6 Ke4 Kd6 Kd4 Ke6 f4 Kd6 Ke4 Ke6 Kd4 Kd6 g3 Ke6 g2 Kd6 g1=Q Ke6 Qe3+ Kd6 Qe4 Kc7 Qd5 Kb6 Ke5 Kc7 Kd4 Kb6 Ke5 Kc7,e4 e5 Nf3 Nc6 d4 exd4 Ng5 Nge7 Nxh7 Rxh7 Rg1 Rxh2 Rh1 Rb8 Rxh2 d5 Rh8 dxe4 Rxf8+ Kxf8 Ba6 bxa6 Ke2 Rxb2 Bxb2 Bg4+ f3 Bxf3+ gxf3 exf3+ Kxf3 Qd5+ Kf4 g5+ Kg3 Nf5+ Kf2 Kg8 Ke2 Kh8 Qxd4+ Ncxd4+ Bxd4+ Nxd4+ Ke3 Nxc2+ Kf2 Nxa1 Nc3 Nc2 Nxd5 Nd4 Nxc7 f5 Nxa6 Kg7 Nc5 a5 Ne6+ Nxe6 Ke3 Nd4 Kxd4 Kf6 a4 Ke6 Kc5 Ke5 Kc4 Ke4 Kc5 Ke5 Kc4 g4 Kc5 Ke4 Kd6 Kd4 Ke6 Ke4 Kd6 Kd4 Ke6 f4 Kd6 Ke4 Ke6 Kd4 Kd6 g3 Ke6 g2 Kd6 g1=Q Ke6 Qe3+ Kd6 Qe4 Kc7 Qd5 Kb6 Ke5 Kc7 Kd4 Kb6 Ke5 Kc7,8/2K5/8/p2qk3/P4p2/8/8/8 b - - 13 54,0,5.742693399995915,white,51,2136,41.88235294117647,119,2.509999999999998,2.571117299987236,0.05041406470563208,1.0196078431372548,2,9,51,26,13,12,2.571117299987236,1.428882700012764,black,50,2384,47.68,215,2.499999999999999,2.5345093999931123,0.050690187999862246,1.28,2,4,50,23,17,10,2.5345093999931123,1.4654906000068877
20260805_000246,t50ms_scotch_game_dynamic_black,scotch_game,open_game,e4 e5 Nf3 Nc6 d4 exd4,r1bqkbnr/pppp1ppp/2n5/8/3pP3/5N2/PPP2PPP/RNBQKB1R w KQkq - 0 4,0.05,4.0,True,1/2-1/2,threefold_repetition,0.5,15,21,f3g5 g8e7 g5h7 h8g8 h7f8 g8f8 h1g1 f8h8 g1h1 h8g8 h1g1 g8h8 g1h1 h8g8 h1g1,Ng5 Nge7 Nxh7 Rg8 Nxf8 Rxf8 Rg1 Rh8 Rh1 Rg8 Rg1 Rh8 Rh1 Rg8 Rg1,e4 e5 Nf3 Nc6 d4 exd4 Ng5 Nge7 Nxh7 Rg8 Nxf8 Rxf8 Rg1 Rh8 Rh1 Rg8 Rg1 Rh8 Rh1 Rg8 Rg1,r1bqk1r1/ppppnpp1/2n5/8/3pP3/8/PPP2PPP/RNBQKBR1 b Qq - 9 11,0,0.7649269000103232,black,7,145,20.714285714285715,0,0.29000000000000004,0.2995723999920301,0.04279605714171859,0.14285714285714285,1,6,7,5,1,1,0.2995723999920301,3.70042760000797,white,8,251,31.375,0,0.39999999999999997,0.4054333999811206,0.050679174997640075,0.0,0,8,8,4,4,0,0.4054333999811206,3.5945666000188794
20260805_000246,t50ms_sicilian_defence_dynamic_white,sicilian_defence,semi_open_game,e4 c5 Nf3 d6 d4 cxd4,rnbqkbnr/pp2pppp/3p4/8/3pP3/5N2/PPP2PPP/RNBQKB1R w KQkq - 0 4,0.05,4.0,True,1/2-1/2,threefold_repetition,0.5,89,95,d1d4 g8h6 c1h6 h8g8 d4d6 g8h8 h6g7 h8g8 d6d8 e8d8 g7h8 g8h8 b1c3 b8c6 a1d1 c6d4 d1d4 c8d7 d4d7 d8d7 f1b5 d7d6 b5e8 a8e8 e4e5 d6c5 c3e4 c5d5 c2c4 d5e4 f3g5 e4e5 g5f7 e5e4 f7h8 e7e5 f2f3 e4d4 h8f7 d4c4 f7e5 e8e5 e1d2 f8b4 d2c2 c4d4 c2b3 b4d6 h1d1 d4c5 d1d6 c5d6 b3c4 b7b5 c4d4 e5e4 f3e4 h7h5 e4e5 d6e6 g2g4 h5g4 b2b4 a7a6 a2a4 b5a4 h2h4 g4h3 d4e4 h3h2 e4d4 h2h1q b4b5 a6b5 d4e3 e6e5 e3d3 h1e4 d3c3 e4d4 c3c2 e5d5 c2b1 d4e5 b1c2 e5d4 c2b1 d4e5 b1c2,Qxd4 Nh6 Bxh6 Rg8 Qxd6 Rh8 Bxg7 Rg8 Qxd8+ Kxd8 Bh8 Rxh8 Nc3 Nc6 Rd1+ Nd4 Rxd4+ Bd7 Rxd7+ Kxd7 Bb5+ Kd6 Be8 Rxe8 e5+ Kc5 Ne4+ Kd5 c4+ Kxe4 Ng5+ Kxe5 Nxf7+ Ke4 Nxh8 e5 f3+ Kd4 Nf7 Kxc4 Nxe5+ Rxe5+ Kd2 Bb4+ Kc2 Kd4 Kb3 Bd6 Rd1+ Kc5 Rxd6 Kxd6 Kc4 b5+ Kd4 Re4+ fxe4 h5 e5+ Ke6 g4 hxg4 b4 a6 a4 bxa4 h4 gxh3 Ke4 h2 Kd4 h1=Q b5 axb5 Ke3 Kxe5 Kd3 Qe4+ Kc3 Qd4+ Kc2 Kd5 Kb1 Qe5 Kc2 Qd4 Kb1 Qe5 Kc2,e4 c5 Nf3 d6 d4 cxd4 Qxd4 Nh6 Bxh6 Rg8 Qxd6 Rh8 Bxg7 Rg8 Qxd8+ Kxd8 Bh8 Rxh8 Nc3 Nc6 Rd1+ Nd4 Rxd4+ Bd7 Rxd7+ Kxd7 Bb5+ Kd6 Be8 Rxe8 e5+ Kc5 Ne4+ Kd5 c4+ Kxe4 Ng5+ Kxe5 Nxf7+ Ke4 Nxh8 e5 f3+ Kd4 Nf7 Kxc4 Nxe5+ Rxe5+ Kd2 Bb4+ Kc2 Kd4 Kb3 Bd6 Rd1+ Kc5 Rxd6 Kxd6 Kc4 b5+ Kd4 Re4+ fxe4 h5 e5+ Ke6 g4 hxg4 b4 a6 a4 bxa4 h4 gxh3 Ke4 h2 Kd4 h1=Q b5 axb5 Ke3 Kxe5 Kd3 Qe4+ Kc3 Qd4+ Kc2 Kd5 Kb1 Qe5 Kc2 Qd4 Kb1 Qe5 Kc2,8/8/8/1p1kq3/p7/8/2K5/8 b - - 13 48,0,5.046124200001941,white,45,2116,47.022222222222226,176,2.5499999999999985,2.57651179995446,0.05725581777676578,1.0222222222222221,2,5,45,17,12,16,2.57651179995446,1.42348820004554,black,44,2006,45.59090909090909,148,2.2,2.2228522000077646,0.05051936818199465,1.1818181818181819,2,4,44,10,16,18,2.2228522000077646,1.7771477999922354
20260805_000246,t50ms_sicilian_defence_dynamic_black,sicilian_defence,semi_open_game,e4 c5 Nf3 d6 d4 cxd4,rnbqkbnr/pp2pppp/3p4/8/3pP3/5N2/PPP2PPP/RNBQKB1R w KQkq - 0 4,0.05,4.0,True,1/2-1/2,threefold_repetition,0.5,15,21,f3g5 g8h6 g5h7 h8g8 h7f8 g8f8 h1g1 f8h8 g1h1 h8g8 h1g1 g8h8 g1h1 h8g8 h1g1,Ng5 Nh6 Nxh7 Rg8 Nxf8 Rxf8 Rg1 Rh8 Rh1 Rg8 Rg1 Rh8 Rh1 Rg8 Rg1,e4 c5 Nf3 d6 d4 cxd4 Ng5 Nh6 Nxh7 Rg8 Nxf8 Rxf8 Rg1 Rh8 Rh1 Rg8 Rg1 Rh8 Rh1 Rg8 Rg1,rnbqk1r1/pp2ppp1/3p3n/8/3pP3/8/PPP2PPP/RNBQKBR1 b Qq - 9 11,0,0.7596517000056338,black,7,134,19.142857142857142,0,0.29000000000000004,0.2976280000002589,0.0425182857143227,0.14285714285714285,1,6,7,5,1,1,0.2976280000002589,3.702371999999741,white,8,230,28.75,0,0.39999999999999997,0.4070433000160847,0.050880412502010586,0.0,0,8,8,0,4,4,0.4070433000160847,3.5929566999839153
20260805_000246,t50ms_french_defence_dynamic_white,french_defence,semi_open_game,e4 e6 d4 d5 Nc3 Nf6,rnbqkb1r/ppp2ppp/4pn2/3p4/3PP3/2N5/PPP2PPP/R1BQKBNR w KQkq - 2 4,0.05,4.0,True,1/2-1/2,threefold_repetition,0.5,91,97,c3d5 h8g8 d5f6 g7f6 g1h3 g8h8 h3g5 h8g8 g5e6 g8h8 e6d8 h8g8 d8f7 g8h8 f7h8 f8g7 h8f7 e8f7 f1c4 c8e6 c4e6 f7e6 d1g4 f6f5 g4g7 f5e4 g7c7 b8c6 c7c6 b7c6 c1f4 a8d8 f4b8 d8b8 d4d5 c6d5 a1d1 b8b2 d1d5 e6d5 c2c4 d5c4 f2f4 b2g2 h1f1 g2a2 f1f3 e4f3 h2h4 a2e2 e1d1 e2e5 f4e5 c4d4 d1c2 d4e5 c2d3 h7h5 d3c4 a7a5 c4c5 a5a4 c5c4 e5e4 c4c5 e4e5 c5c4 f3f2 c4d3 f2f1q d3e3 f1c4 e3f3 c4h4 f3e3 h4e4 e3f2 e5d5 f2g3 d5e6 g3h3 e6e5 h3g3 e5d4 g3f2 d4e5 f2g3 e5d4 g3f2 d4d5 f2g3,Nxd5 Rg8 Nxf6+ gxf6 Nh3 Rh8 Ng5 Rg8 Nxe6 Rh8 Nxd8 Rg8 Nxf7 Rh8 Nxh8 Bg7 Nf7 Kxf7 Bc4+ Be6 Bxe6+ Kxe6 Qg4+ f5 Qxg7 fxe4 Qxc7 Nc6 Qxc6+ bxc6 Bf4 Rd8 Bb8 Rxb8 d5+ cxd5 Rd1 Rxb2 Rxd5 Kxd5 c4+ Kxc4 f4 Rxg2 Rf1 Rxa2 Rf3 exf3 h4 Re2+ Kd1 Re5 fxe5 Kd4 Kc2 Kxe5 Kd3 h5 Kc4 a5 Kc5 a4 Kc4 Ke4 Kc5 Ke5 Kc4 f2 Kd3 f1=Q+ Ke3 Qc4 Kf3 Qxh4 Ke3 Qe4+ Kf2 Kd5 Kg3 Ke6 Kh3 Ke5 Kg3 Kd4 Kf2 Ke5 Kg3 Kd4 Kf2 Kd5 Kg3,e4 e6 d4 d5 Nc3 Nf6 Nxd5 Rg8 Nxf6+ gxf6 Nh3 Rh8 Ng5 Rg8 Nxe6 Rh8 Nxd8 Rg8 Nxf7 Rh8 Nxh8 Bg7 Nf7 Kxf7 Bc4+ Be6 Bxe6+ Kxe6 Qg4+ f5 Qxg7 fxe4 Qxc7 Nc6 Qxc6+ bxc6 Bf4 Rd8 Bb8 Rxb8 d5+ cxd5 Rd1 Rxb2 Rxd5 Kxd5 c4+ Kxc4 f4 Rxg2 Rf1 Rxa2 Rf3 exf3 h4 Re2+ Kd1 Re5 fxe5 Kd4 Kc2 Kxe5 Kd3 h5 Kc4 a5 Kc5 a4 Kc4 Ke4 Kc5 Ke5 Kc4 f2 Kd3 f1=Q+ Ke3 Qc4 Kf3 Qxh4 Ke3 Qe4+ Kf2 Kd5 Kg3 Ke6 Kh3 Ke5 Kg3 Kd4 Kf2 Ke5 Kg3 Kd4 Kf2 Kd5 Kg3,8/8/8/3k3p/p3q3/6K1/8/8 b - - 17 49,0,5.507239099999424,white,46,1804,39.21739130434783,133,2.319999999999999,2.8266158000333235,0.06144816956594181,0.9565217391304348,2,8,46,23,11,12,2.8266158000333235,1.1733841999666765,black,45,1950,43.333333333333336,158,2.25,2.410418200001004,0.05356484888891121,1.0666666666666667,2,8,45,11,20,14,2.410418200001004,1.5895817999989958
20260805_000246,t50ms_french_defence_dynamic_black,french_defence,semi_open_game,e4 e6 d4 d5 Nc3 Nf6,rnbqkb1r/ppp2ppp/4pn2/3p4/3PP3/2N5/PPP2PPP/R1BQKBNR w KQkq - 2 4,0.05,4.0,True,0-1,checkmate,1.0,50,56,c3d5 d8d5 g1h3 d5e4 c1e3 e4e3 f2e3 h8g8 h3g5 g8h8 g5h7 h8g8 h7f8 g8f8 f1b5 b8c6 b5c6 b7c6 d1d3 f8h8 d3h7 h8h7 e3e4 f6e4 e1g1 e8f8 f1f7 f8f7 a1f1 f7e7 f1f7 e7f7 c2c4 c8d7 h2h4 a8h8 g2g4 h8g8 b2b4 g8h8 a2a4 h8g8 g1g2 g8h8 g2f3 h7h4 f3e4 h4g4 e4e5 h8h5,Nxd5 Qxd5 Nh3 Qxe4+ Be3 Qxe3+ fxe3 Rg8 Ng5 Rh8 Nxh7 Rg8 Nxf8 Rxf8 Bb5+ Nc6 Bxc6+ bxc6 Qd3 Rh8 Qh7 Rxh7 e4 Nxe4 O-O Kf8 Rxf7+ Kxf7 Rf1+ Ke7 Rf7+ Kxf7 c4 Bd7 h4 Rah8 g4 Rg8 b4 Rgh8 a4 Rg8 Kg2 Rgh8 Kf3 Rxh4 Kxe4 Rxg4+ Ke5 Rh5#,e4 e6 d4 d5 Nc3 Nf6 Nxd5 Qxd5 Nh3 Qxe4+ Be3 Qxe3+ fxe3 Rg8 Ng5 Rh8 Nxh7 Rg8 Nxf8 Rxf8 Bb5+ Nc6 Bxc6+ bxc6 Qd3 Rh8 Qh7 Rxh7 e4 Nxe4 O-O Kf8 Rxf7+ Kxf7 Rf1+ Ke7 Rf7+ Kxf7 c4 Bd7 h4 Rah8 g4 Rg8 b4 Rgh8 a4 Rg8 Kg2 Rgh8 Kf3 Rxh4 Kxe4 Rxg4+ Ke5 Rh5#,8/p1pb1kp1/2p1p3/4K2r/PPPP2r1/8/8/8 w - - 2 29,-100000,2.9170275000069523,black,25,1016,40.64,63,1.4700000000000004,1.4904372000019066,0.05961748800007626,0.68,2,11,25,9,6,10,1.4904372000019066,2.5095627999980934,white,25,902,36.08,5,1.2500000000000004,1.2724818999849958,0.050899275999399834,0.76,1,6,25,9,10,6,1.2724818999849958,2.727518100015004
20260805_000246,t50ms_caro_kann_defence_dynamic_white,caro_kann_defence,semi_open_game,e4 c6 d4 d5 Nc3 dxe4,rnbqkbnr/pp2pppp/2p5/8/3Pp3/2N5/PPP2PPP/R1BQKBNR w KQkq - 0 4,0.05,4.0,True,1/2-1/2,stalemate,0.5,103,109,c3d5 g8h6 c1h6 h8g8 h6g7 g8h8 g7h8 f8g7 h8g7 e8d7 g7h8 c6d5 f1b5 b8c6 b5c6 d7c6 h8g7 d8h8 g7h8 c8f5 h8g7 e7e5 g7h8 a8h8 d4e5 h8e8 g1h3 e8h8 h3g5 h8g8 d1d5 c6d5 g5e4 g8h8 e4f6 d5e5 f2f4 e5f6 a1d1 f5c2 d1d6 f6f5 d6d5 f5f4 e1g1 f4e4 f1f7 e4d5 f7b7 h8e8 b7a7 e8e1 g1f2 e1e2 f2e2 c2d3 e2d3 h7h5 a7e7 h5h4 e7e4 d5d6 e4h4 d6d5 h4e4 d5c5 a2a4 c5d5 b2b4 d5d6 d3d4 d6c6 e4e5 c6d6 h2h4 d6c6 g2g4 c6d6 h4h5 d6c6 a4a5 c6d6 b4b5 d6c7 b5b6 c7d6 b6b7 d6c6 b7b8q c6d7 b8d6 d7d6 h5h6 d6c6 h6h7 c6d6 h7h8q d6c6 h8g8 c6d6 g8d5 d6c7 e5e8,Nd5 Nh6 Bxh6 Rg8 Bxg7 Rh8 Bxh8 Bg7 Bxg7 Kd7 Bh8 cxd5 Bb5+ Nc6 Bxc6+ Kxc6 Bg7 Qh8 Bxh8 Bf5 Bg7 e5 Bh8 Rxh8 dxe5 Re8 Nh3 Rh8 Ng5 Rg8 Qxd5+ Kxd5 Nxe4 Rh8 Nf6+ Kxe5 f4+ Kxf6 Rd1 Bxc2 Rd6+ Kf5 Rd5+ Kxf4 O-O+ Ke4 Rxf7 Kxd5 Rxb7 Re8 Rxa7 Re1+ Kf2 Re2+ Kxe2 Bd3+ Kxd3 h5 Re7 h4 Re4 Kd6 Rxh4 Kd5 Re4 Kc5 a4 Kd5 b4 Kd6 Kd4 Kc6 Re5 Kd6 h4 Kc6 g4 Kd6 h5 Kc6 a5 Kd6 b5 Kc7 b6+ Kd6 b7 Kc6 b8=Q Kd7 Qd6+ Kxd6 h6 Kc6 h7 Kd6 h8=Q Kc6 Qg8 Kd6 Qd5+ Kc7 Re8,e4 c6 d4 d5 Nc3 dxe4 Nd5 Nh6 Bxh6 Rg8 Bxg7 Rh8 Bxh8 Bg7 Bxg7 Kd7 Bh8 cxd5 Bb5+ Nc6 Bxc6+ Kxc6 Bg7 Qh8 Bxh8 Bf5 Bg7 e5 Bh8 Rxh8 dxe5 Re8 Nh3 Rh8 Ng5 Rg8 Qxd5+ Kxd5 Nxe4 Rh8 Nf6+ Kxe5 f4+ Kxf6 Rd1 Bxc2 Rd6+ Kf5 Rd5+ Kxf4 O-O+ Ke4 Rxf7 Kxd5 Rxb7 Re8 Rxa7 Re1+ Kf2 Re2+ Kxe2 Bd3+ Kxd3 h5 Re7 h4 Re4 Kd6 Rxh4 Kd5 Re4 Kc5 a4 Kd5 b4 Kd6 Kd4 Kc6 Re5 Kd6 h4 Kc6 g4 Kd6 h5 Kc6 a5 Kd6 b5 Kc7 b6+ Kd6 b7 Kc6 b8=Q Kd7 Qd6+ Kxd6 h6 Kc6 h7 Kd6 h8=Q Kc6 Qg8 Kd6 Qd5+ Kc7 Re8,4R3/2k5/8/P2Q4/3K2P1/8/8/8 b - - 6 55,0,6.0414365000033285,white,52,2420,46.53846153846154,185,3.127242599974267,3.1617886000021826,0.0608036269231189,0.8653846153846154,2,11,52,2,34,16,3.1617886000021826,0.8382113999978174,black,51,2116,41.490196078431374,39,2.549999999999999,2.582840099945315,0.05064392352833951,0.9607843137254902,2,9,51,22,12,17,2.582840099945315,1.4171599000546848
20260805_000246,t50ms_caro_kann_defence_dynamic_black,caro_kann_defence,semi_open_game,e4 c6 d4 d5 Nc3 dxe4,rnbqkbnr/pp2pppp/2p5/8/3Pp3/2N5/PPP2PPP/R1BQKBNR w KQkq - 0 4,0.05,4.0,True,1/2-1/2,threefold_repetition,0.5,17,23,c3d5 g8h6 d5e7 f8e7 g1h3 c8h3 h1g1 d8d4 g1h1 h8g8 h1g1 g8h8 g1h1 h8g8 h1g1 g8h8 g1h1,Nd5 Nh6 Nxe7 Bxe7 Nh3 Bxh3 Rg1 Qxd4 Rh1 Rg8 Rg1 Rh8 Rh1 Rg8 Rg1 Rh8 Rh1,e4 c6 d4 d5 Nc3 dxe4 Nd5 Nh6 Nxe7 Bxe7 Nh3 Bxh3 Rg1 Qxd4 Rh1 Rg8 Rg1 Rh8 Rh1 Rg8 Rg1 Rh8 Rh1,rn2k2r/pp2bppp/2p4n/8/3qp3/7b/PPP2PPP/R1BQKB1R b Qq - 9 12,0,1.2264407999900868,black,8,340,42.5,0,0.68,0.6924401999858674,0.08655502499823342,0.375,1,5,8,0,1,7,0.6924401999858674,3.3075598000141326,white,9,210,23.333333333333332,0,0.44999999999999996,0.46072730000014417,0.05119192222223824,0.0,0,9,9,0,6,3,0.46072730000014417,3.539272699999856
20260805_000246,t50ms_queens_gambit_declined_dynamic_white,queens_gambit_declined,closed_game,d4 d5 c4 e6 Nc3 Nf6,rnbqkb1r/ppp2ppp/4pn2/3p4/2PP4/2N5/PP2PPPP/R1BQKBNR w KQkq - 2 4,0.05,4.0,True,1/2-1/2,threefold_repetition,0.5,70,76,c3d5 h8g8 d5f6 g7f6 g1h3 g8h8 h3g5 f6g5 c1g5 h8g8 g5d8 e8d8 e2e4 g8g2 h1g1 g2g1 d1g4 f8g7 g4g1 g7d4 g1g5 f7f6 g5g8 d8e7 g8c8 d4f2 e1f2 b8c6 c8a8 c6e5 a8b7 e5c4 f1c4 e7d6 c4e6 d6e6 b7c7 f6f5 e4f5 e6f5 c7a7 f5e5 a7h7 e5d5 h7e4 d5e4 a1d1 e4e5 d1d4 e5d4 f2f3 d4e5 h2h4 e5d5 b2b4 d5e5 f3g4 e5e4 a2a4 e4e5 g4f3 e5d5 f3f4 d5d4 f4f5 d4d5 f5f4 d5d4 f4f5 d4d5,Nxd5 Rg8 Nxf6+ gxf6 Nh3 Rh8 Ng5 fxg5 Bxg5 Rg8 Bxd8 Kxd8 e4 Rxg2 Rg1 Rxg1 Qg4 Bg7 Qxg1 Bxd4 Qg5+ f6 Qg8+ Ke7 Qxc8 Bxf2+ Kxf2 Nc6 Qxa8 Ne5 Qxb7 Nxc4 Bxc4 Kd6 Bxe6 Kxe6 Qxc7 f5 exf5+ Kxf5 Qxa7 Ke5 Qxh7 Kd5 Qe4+ Kxe4 Rd1 Ke5 Rd4 Kxd4 Kf3 Ke5 h4 Kd5 b4 Ke5 Kg4 Ke4 a4 Ke5 Kf3 Kd5 Kf4 Kd4 Kf5 Kd5 Kf4 Kd4 Kf5 Kd5,d4 d5 c4 e6 Nc3 Nf6 Nxd5 Rg8 Nxf6+ gxf6 Nh3 Rh8 Ng5 fxg5 Bxg5 Rg8 Bxd8 Kxd8 e4 Rxg2 Rg1 Rxg1 Qg4 Bg7 Qxg1 Bxd4 Qg5+ f6 Qg8+ Ke7 Qxc8 Bxf2+ Kxf2 Nc6 Qxa8 Ne5 Qxb7 Nxc4 Bxc4 Kd6 Bxe6 Kxe6 Qxc7 f5 exf5+ Kxf5 Qxa7 Ke5 Qxh7 Kd5 Qe4+ Kxe4 Rd1 Ke5 Rd4 Kxd4 Kf3 Ke5 h4 Kd5 b4 Ke5 Kg4 Ke4 a4 Ke5 Kf3 Kd5 Kf4 Kd4 Kf5 Kd5 Kf4 Kd4 Kf5 Kd5,8/8/8/3k1K2/PP5P/8/8/8 w - - 11 39,0,4.388726899996982,white,35,1602,45.77142857142857,134,2.0700000000000003,2.2987137000309303,0.065677534286598,0.8571428571428571,2,7,35,10,12,13,2.2987137000309303,1.7012862999690697,black,35,1572,44.91428571428571,72,1.7500000000000009,1.8895180999679724,0.05398623142765635,1.1714285714285715,2,4,35,15,8,12,1.8895180999679724,2.1104819000320276
20260805_000246,t50ms_queens_gambit_declined_dynamic_black,queens_gambit_declined,closed_game,d4 d5 c4 e6 Nc3 Nf6,rnbqkb1r/ppp2ppp/4pn2/3p4/2PP4/2N5/PP2PPPP/R1BQKBNR w KQkq - 2 4,0.05,4.0,True,1/2-1/2,threefold_repetition,0.5,62,68,c3d5 d8d5 g1h3 d5d4 h3g5 h8g8 g5h7 d4d1 e1d1 f6h7 c1f4 g8h8 f4c7 h8g8 c7b8 a8b8 e2e4 g8h8 f1d3 h8g8 h1e1 g8h8 f2f4 h8g8 e1e3 g8h8 d1d2 h8g8 a1f1 g8h8 e3h3 h8g8 h3h7 f8b4 d2e3 b4c5 e3f3 g8h8 h7h8 e8d7 h8c8 b8c8 f1e1 c8h8 f3g4 h8g8 e4e5 g8h8 g4g5 h8g8 d3e4 g8h8 g5g4 h8g8 g4h5 g8h8 h5g5 h8g8 g5h5 g8h8 h5g5 h8g8,Nxd5 Qxd5 Nh3 Qxd4 Ng5 Rg8 Nxh7 Qxd1+ Kxd1 Nxh7 Bf4 Rh8 Bxc7 Rg8 Bxb8 Rxb8 e4 Rh8 Bd3 Rg8 Re1 Rh8 f4 Rg8 Re3 Rh8 Kd2 Rg8 Rf1 Rh8 Rh3 Rg8 Rxh7 Bb4+ Ke3 Bc5+ Kf3 Rh8 Rxh8+ Kd7 Rxc8 Rxc8 Re1 Rh8 Kg4 Rg8 e5 Rh8 Kg5 Rg8 Be4 Rh8 Kg4 Rg8 Kh5 Rh8+ Kg5 Rg8 Kh5 Rh8+ Kg5 Rg8,d4 d5 c4 e6 Nc3 Nf6 Nxd5 Qxd5 Nh3 Qxd4 Ng5 Rg8 Nxh7 Qxd1+ Kxd1 Nxh7 Bf4 Rh8 Bxc7 Rg8 Bxb8 Rxb8 e4 Rh8 Bd3 Rg8 Re1 Rh8 f4 Rg8 Re3 Rh8 Kd2 Rg8 Rf1 Rh8 Rh3 Rg8 Rxh7 Bb4+ Ke3 Bc5+ Kf3 Rh8 Rxh8+ Kd7 Rxc8 Rxc8 Re1 Rh8 Kg4 Rg8 e5 Rh8 Kg5 Rg8 Be4 Rh8 Kg4 Rg8 Kh5 Rh8+ Kg5 Rg8 Kh5 Rh8+ Kg5 Rg8,6r1/pp1k1pp1/4p3/2b1P1K1/2P1BP2/8/PP4PP/4R3 w - - 15 35,0,3.34159450000152,black,31,886,28.580645161290324,14,1.530000000000001,1.5538812000013422,0.0501252000000433,0.2903225806451613,1,22,31,13,12,6,1.5538812000013422,2.4461187999986578,white,31,967,31.193548387096776,0,1.5500000000000007,1.5785317999398103,0.05092038064321969,0.6774193548387096,2,11,31,14,10,7,1.5785317999398103,2.4214682000601897
20260805_000246,t50ms_slav_defence_dynamic_white,slav_defence,closed_game,d4 d5 c4 c6 Nf3 Nf6,rnbqkb1r/pp2pppp/2p2n2/3p4/2PP4/5N2/PP2PPPP/RNBQKB1R w KQkq - 2 4,0.05,4.0,True,1/2-1/2,threefold_repetition,0.5,17,23,f3g5 h8g8 g5h7 f6h7 h1g1 d5c4 g1h1 g8h8 h1g1 d8d4 g1h1 h8g8 h1g1 g8h8 g1h1 h8g8 h1g1,Ng5 Rg8 Nxh7 Nxh7 Rg1 dxc4 Rh1 Rh8 Rg1 Qxd4 Rh1 Rg8 Rg1 Rh8 Rh1 Rg8 Rg1,d4 d5 c4 c6 Nf3 Nf6 Ng5 Rg8 Nxh7 Nxh7 Rg1 dxc4 Rh1 Rh8 Rg1 Qxd4 Rh1 Rg8 Rg1 Rh8 Rh1 Rg8 Rg1,rnb1kbr1/pp2pppn/2p5/8/2pq4/8/PP2PPPP/RNBQKBR1 b Qq - 7 12,0,0.808657099987613,white,9,159,17.666666666666668,0,0.33000000000000007,0.3394958000135375,0.03772175555705973,0.0,0,9,9,6,3,0,0.3394958000135375,3.6605041999864625,black,8,243,30.375,0,0.39999999999999997,0.41100079999887384,0.05137509999985923,0.375,1,5,8,0,5,3,0.41100079999887384,3.588999200001126
20260805_000246,t50ms_slav_defence_dynamic_black,slav_defence,closed_game,d4 d5 c4 c6 Nf3 Nf6,rnbqkb1r/pp2pppp/2p2n2/3p4/2PP4/5N2/PP2PPPP/RNBQKB1R w KQkq - 2 4,0.05,4.0,True,1/2-1/2,threefold_repetition,0.5,74,80,f3g5 h8g8 c4d5 d8d5 g5h7 f6h7 b1c3 g8h8 c3d5 c6d5 d1a4 e8d8 a4a7 a8a7 c1f4 h8g8 f4b8 a7a2 a1a2 h7f6 b8c7 d8c7 e2e4 f6e4 f1d3 g8h8 d3e4 d5e4 a2a5 h8g8 a5c5 c7d6 c5c8 e7e5 c8f8 g8f8 d4e5 d6e5 f2f4 e5f4 e1g1 f4e5 f1f7 f8f7 g2g4 f7f3 h2h4 f3d3 b2b4 d3d5 g1g2 g7g5 h4g5 b7b6 b4b5 d5b5 g2f2 b5d5 f2e3 d5d4 g5g6 b6b5 g6g7 b5b4 g7g8q d4d3 e3f2 d3d2 f2e3 d2d3 e3f2 d3d2 f2g3 d2d3,Ng5 Rg8 cxd5 Qxd5 Nxh7 Nxh7 Nc3 Rh8 Nxd5 cxd5 Qa4+ Kd8 Qxa7 Rxa7 Bf4 Rg8 Bxb8 Rxa2 Rxa2 Nf6 Bc7+ Kxc7 e4 Nxe4 Bd3 Rh8 Bxe4 dxe4 Ra5 Rg8 Rc5+ Kd6 Rxc8 e5 Rxf8 Rxf8 dxe5+ Kxe5 f4+ Kxf4 O-O+ Ke5 Rxf7 Rxf7 g4 Rf3 h4 Rd3 b4 Rd5 Kg2 g5 hxg5 b6 b5 Rxb5 Kf2 Rd5 Ke3 Rd4 g6 b5 g7 b4 g8=Q Rd3+ Kf2 Rd2+ Ke3 Rd3+ Kf2 Rd2+ Kg3 Rd3+,d4 d5 c4 c6 Nf3 Nf6 Ng5 Rg8 cxd5 Qxd5 Nxh7 Nxh7 Nc3 Rh8 Nxd5 cxd5 Qa4+ Kd8 Qxa7 Rxa7 Bf4 Rg8 Bxb8 Rxa2 Rxa2 Nf6 Bc7+ Kxc7 e4 Nxe4 Bd3 Rh8 Bxe4 dxe4 Ra5 Rg8 Rc5+ Kd6 Rxc8 e5 Rxf8 Rxf8 dxe5+ Kxe5 f4+ Kxf4 O-O+ Ke5 Rxf7 Rxf7 g4 Rf3 h4 Rd3 b4 Rd5 Kg2 g5 hxg5 b6 b5 Rxb5 Kf2 Rd5 Ke3 Rd4 g6 b5 g7 b4 g8=Q Rd3+ Kf2 Rd2+ Ke3 Rd3+ Kf2 Rd2+ Kg3 Rd3+,6Q1/8/8/4k3/1p2p1P1/3r2K1/8/8 w - - 9 41,0,4.171638699990581,black,37,1756,47.45945945945946,177,2.0900000000000007,2.1105251000262797,0.05704121891962918,1.1081081081081081,2,5,37,8,19,10,2.1105251000262797,1.8894748999737203,white,37,1676,45.2972972972973,78,1.850000000000001,1.8700913000357104,0.05054300810907326,1.1081081081081081,2,3,37,14,16,7,1.8700913000357104,2.1299086999642896
20260805_000246,t50ms_kings_indian_defence_dynamic_white,kings_indian_defence,indian_game,d4 Nf6 c4 g6 Nc3 Bg7,rnbqk2r/ppppppbp/5np1/8/2PP4/2N5/PP2PPPP/R1BQKBNR w KQkq - 2 4,0.05,4.0,True,1/2-1/2,threefold_repetition,0.5,63,69,c3d5 f6d5 c4d5 g7d4 g1h3 d4f2 h3f2 b8c6 f2g4 e7e5 d5c6 d7c6 d1d8 e8d8 g4e5 c8e6 e5c6 b7c6 c1g5 f7f6 g5f6 d8d7 f6h8 a8h8 a1d1 e6d5 d1d5 c6d5 e2e4 d5e4 f1b5 c7c6 b5c6 d7c6 e1g1 h8d8 f1f6 c6d5 f6g6 h7g6 h2h4 d5e5 g2g4 d8d5 b2b4 g6g5 h4g5 a7a5 b4a5 d5a5 a2a4 a5a4 g1g2 a4d4 g2f2 d4d5 f2e3 d5d3 e3f2 d3d5 f2e3 d5d3 e3f2,Nd5 Nxd5 cxd5 Bxd4 Nh3 Bxf2+ Nxf2 Nc6 Ng4 e5 dxc6 dxc6 Qxd8+ Kxd8 Nxe5 Be6 Nxc6+ bxc6 Bg5+ f6 Bxf6+ Kd7 Bxh8 Rxh8 Rd1+ Bd5 Rxd5+ cxd5 e4 dxe4 Bb5+ c6 Bxc6+ Kxc6 O-O Rd8 Rf6+ Kd5 Rxg6 hxg6 h4 Ke5 g4 Rd5 b4 g5 hxg5 a5 bxa5 Rxa5 a4 Rxa4 Kg2 Rd4 Kf2 Rd5 Ke3 Rd3+ Kf2 Rd5 Ke3 Rd3+ Kf2,d4 Nf6 c4 g6 Nc3 Bg7 Nd5 Nxd5 cxd5 Bxd4 Nh3 Bxf2+ Nxf2 Nc6 Ng4 e5 dxc6 dxc6 Qxd8+ Kxd8 Nxe5 Be6 Nxc6+ bxc6 Bg5+ f6 Bxf6+ Kd7 Bxh8 Rxh8 Rd1+ Bd5 Rxd5+ cxd5 e4 dxe4 Bb5+ c6 Bxc6+ Kxc6 O-O Rd8 Rf6+ Kd5 Rxg6 hxg6 h4 Ke5 g4 Rd5 b4 g5 hxg5 a5 bxa5 Rxa5 a4 Rxa4 Kg2 Rd4 Kf2 Rd5 Ke3 Rd3+ Kf2 Rd5 Ke3 Rd3+ Kf2,8/8/8/4k1P1/4p1P1/3r4/5K2/8 b - - 11 35,0,3.4500613999989582,white,32,1298,40.5625,99,1.7000000000000008,1.7164564000268,0.0536392625008375,1.0,2,4,32,11,13,8,1.7164564000268,2.2835435999732,black,31,1323,42.67741935483871,108,1.5500000000000007,1.5701253000443103,0.05064920322723582,1.2580645161290323,2,0,31,11,8,12,1.5701253000443103,2.4298746999556897
20260805_000246,t50ms_kings_indian_defence_dynamic_black,kings_indian_defence,indian_game,d4 Nf6 c4 g6 Nc3 Bg7,rnbqk2r/ppppppbp/5np1/8/2PP4/2N5/PP2PPPP/R1BQKBNR w KQkq - 2 4,0.05,4.0,True,1/2-1/2,threefold_repetition,0.5,141,147,c3d5 h8g8 d5e7 d8e7 g1h3 g8h8 e2e4 e7e4 c1e3 e4e3 f2e3 b8c6 h3g5 h8g8 g5h7 g8h8 h7f6 g7f6 h1g1 f6d4 g1h1 d4e3 h1g1 e3g1 d1d7 c8d7 f1d3 h8g8 d3g6 g8g6 e1e2 e8f8 e2f3 g6g2 f3g2 g1h2 g2h2 a8e8 a1e1 e8e1 h2g3 e1e4 g3f3 e4c4 b2b4 c6b4 a2a4 d7a4 f3e3 b4d5 e3d3 c4e4 d3e4 f7f5 e4d5 a4c6 d5d4 c6d5 d4d5 c7c6 d5e5 f8g7 e5f5 b7b5 f5e5 a7a5 e5e4 g7f6 e4d4 f6f5 d4e3 f5e5 e3d3 c6c5 d3e3 b5b4 e3d3 a5a4 d3e3 e5d5 e3f4 d5d4 f4f5 d4d5 f5f4 d5d4 f4f5 b4b3 f5f6 d4e4 f6e6 b3b2 e6d6 b2b1q d6c5 b1d3 c5b4 d3d4 b4b5 e4d5 b5a6 d5e5 a6b7 d4d5 b7b8 e5e4 b8c7 e4e5 c7b8 e5e4 b8c7 a4a3 c7b8 e4d4 b8c7 d4e5 c7b8 e5e4 b8c7 e4e5 c7b8 a3a2 b8c8 a2a1q c8c7 a1d4 c7c8 e5e4 c8b8 d4e5 b8c8 e5d4 c8b8 d5e6 b8b7 e6e5 b7c6 e5d5 c6c7 d4e5 c7c8,Nd5 Rg8 Nxe7 Qxe7 Nh3 Rh8 e4 Qxe4+ Be3 Qxe3+ fxe3 Nc6 Ng5 Rg8 Nxh7 Rh8 Nxf6+ Bxf6 Rg1 Bxd4 Rh1 Bxe3 Rg1 Bxg1 Qxd7+ Bxd7 Bd3 Rg8 Bxg6 Rxg6 Ke2 Kf8 Kf3 Rxg2 Kxg2 Bxh2 Kxh2 Re8 Re1 Rxe1 Kg3 Re4 Kf3 Rxc4 b4 Nxb4 a4 Bxa4 Ke3 Nd5+ Kd3 Re4 Kxe4 f5+ Kxd5 Bc6+ Kd4 Bd5 Kxd5 c6+ Ke5 Kg7 Kxf5 b5 Ke5 a5 Ke4 Kf6 Kd4 Kf5 Ke3 Ke5 Kd3 c5 Ke3 b4 Kd3 a4 Ke3 Kd5 Kf4 Kd4 Kf5 Kd5 Kf4 Kd4 Kf5 b3 Kf6 Ke4 Ke6 b2 Kd6 b1=Q Kxc5 Qd3 Kb4 Qd4+ Kb5 Kd5 Ka6 Ke5 Kb7 Qd5+ Kb8 Ke4 Kc7 Ke5 Kb8 Ke4 Kc7 a3 Kb8 Kd4 Kc7 Ke5 Kb8 Ke4 Kc7 Ke5 Kb8 a2 Kc8 a1=Q Kc7 Qad4 Kc8 Ke4 Kb8 Q4e5+ Kc8 Qed4 Kb8 Qe6 Kb7 Qee5 Kc6 Qed5+ Kc7 Q4e5+ Kc8,d4 Nf6 c4 g6 Nc3 Bg7 Nd5 Rg8 Nxe7 Qxe7 Nh3 Rh8 e4 Qxe4+ Be3 Qxe3+ fxe3 Nc6 Ng5 Rg8 Nxh7 Rh8 Nxf6+ Bxf6 Rg1 Bxd4 Rh1 Bxe3 Rg1 Bxg1 Qxd7+ Bxd7 Bd3 Rg8 Bxg6 Rxg6 Ke2 Kf8 Kf3 Rxg2 Kxg2 Bxh2 Kxh2 Re8 Re1 Rxe1 Kg3 Re4 Kf3 Rxc4 b4 Nxb4 a4 Bxa4 Ke3 Nd5+ Kd3 Re4 Kxe4 f5+ Kxd5 Bc6+ Kd4 Bd5 Kxd5 c6+ Ke5 Kg7 Kxf5 b5 Ke5 a5 Ke4 Kf6 Kd4 Kf5 Ke3 Ke5 Kd3 c5 Ke3 b4 Kd3 a4 Ke3 Kd5 Kf4 Kd4 Kf5 Kd5 Kf4 Kd4 Kf5 b3 Kf6 Ke4 Ke6 b2 Kd6 b1=Q Kxc5 Qd3 Kb4 Qd4+ Kb5 Kd5 Ka6 Ke5 Kb7 Qd5+ Kb8 Ke4 Kc7 Ke5 Kb8 Ke4 Kc7 a3 Kb8 Kd4 Kc7 Ke5 Kb8 Ke4 Kc7 Ke5 Kb8 a2 Kc8 a1=Q Kc7 Qad4 Kc8 Ke4 Kb8 Q4e5+ Kc8 Qed4 Kb8 Qe6 Kb7 Qee5 Kc6 Qed5+ Kc7 Q4e5+ Kc8,2K5/8/8/3qq3/4k3/8/8/8 b - - 17 74,0,7.625843400004669,black,70,6203,88.61428571428571,887,3.258273400048486,3.7020118999353144,0.052885884284790206,1.3428571428571427,2,6,70,20,36,14,3.7020118999353144,0.29798810006468557,white,71,8841,124.52112676056338,1302,3.5499999999999954,3.594966199947521,0.05063332675982424,1.6901408450704225,3,10,71,45,13,13,3.594966199947521,0.4050338000524789
20260805_000246,t50ms_english_opening_dynamic_white,english_opening,flank_opening,c4 e5 Nc3 Nf6 g3 d5,rnbqkb1r/ppp2ppp/5n2/3pp3/2P5/2N3P1/PP1PPP1P/R1BQKBNR w KQkq - 0 4,0.05,4.0,True,1-0,checkmate,1.0,143,149,d1a4 b7b5 a4b5 c7c6 b5a4 d5c4 a4c4 d8d2 c1d2 f8c5 c4c5 b8d7 c5e5 d7e5 g1f3 e5f3 e2f3 c8f5 f1d3 f5d3 d2e3 e8c8 e3a7 h8g8 a7b8 c8b8 c3d5 d8d5 e1d2 f6e4 f3e4 d3e4 d2e3 e4h1 a1h1 g8e8 e3f3 e8e4 f3e4 f7f5 e4f4 h7h5 h1e1 b8c7 e1e7 c7d6 e7g7 d6c5 b2b4 c5b4 g7b7 b4c5 b7e7 c5d4 e7e4 f5e4 h2h4 d5e5 a2a4 e5d5 f2f3 e4f3 f4f3 d5e5 f3f4 e5e4 f4f3 d4d5 a4a5 c6c5 a5a6 d5e5 a6a7 e4e3 f3e3 e5f6 a7a8q f6e5 a8e4 e5d6 e3f4 d6d7 f4e5 d7e7 e4d5 e7f8 d5c5 f8f7 c5d5 f7g7 d5e4 g7f7 e4d5 f7g7 e5d4 g7f6 d5h5 f6g7 h5e5 g7g8 g3g4 g8h7 d4d5 h7g8 d5e4 g8h7 e4d5 h7g8 h4h5 g8f8 d5e4 f8g8 e4d4 g8f8 d4d5 f8g8 d5e4 g8f8 e4d5 f8g8 g4g5 g8f8 e5e4 f8g7 d5d4 g7g8 e4e5 g8f8 e5e4 f8g8 e4e5 g8f8 g5g6 f8g8 d4d5 g8f8 d5e4 f8g8 e4d5 g8f8 h5h6 f8g8 e5e8,Qa4+ b5 Qxb5+ c6 Qa4 dxc4 Qxc4 Qxd2+ Bxd2 Bc5 Qxc5 Nbd7 Qxe5+ Nxe5 Nf3 Nxf3+ exf3 Bf5 Bd3 Bxd3 Be3 O-O-O Bxa7 Rhg8 Bb8 Kxb8 Nd5 Rxd5 Kd2 Ne4+ fxe4 Bxe4+ Ke3 Bxh1 Rxh1 Re8+ Kf3 Re4 Kxe4 f5+ Kf4 h5 Re1 Kc7 Re7+ Kd6 Rxg7 Kc5 b4+ Kxb4 Rb7+ Kc5 Re7 Kd4 Re4+ fxe4 h4 Re5 a4 Rd5 f3 exf3 Kxf3 Re5 Kf4 Re4+ Kf3 Kd5 a5 c5 a6 Ke5 a7 Re3+ Kxe3 Kf6 a8=Q Ke5 Qe4+ Kd6 Kf4 Kd7 Ke5 Ke7 Qd5 Kf8 Qxc5+ Kf7 Qd5+ Kg7 Qe4 Kf7 Qd5+ Kg7 Kd4 Kf6 Qxh5 Kg7 Qe5+ Kg8 g4 Kh7 Kd5 Kg8 Ke4 Kh7 Kd5 Kg8 h5 Kf8 Ke4 Kg8 Kd4 Kf8 Kd5 Kg8 Ke4 Kf8 Kd5 Kg8 g5 Kf8 Qe4 Kg7 Kd4 Kg8 Qe5 Kf8 Qe4 Kg8 Qe5 Kf8 g6 Kg8 Kd5 Kf8 Ke4 Kg8 Kd5 Kf8 h6 Kg8 Qe8#,c4 e5 Nc3 Nf6 g3 d5 Qa4+ b5 Qxb5+ c6 Qa4 dxc4 Qxc4 Qxd2+ Bxd2 Bc5 Qxc5 Nbd7 Qxe5+ Nxe5 Nf3 Nxf3+ exf3 Bf5 Bd3 Bxd3 Be3 O-O-O Bxa7 Rhg8 Bb8 Kxb8 Nd5 Rxd5 Kd2 Ne4+ fxe4 Bxe4+ Ke3 Bxh1 Rxh1 Re8+ Kf3 Re4 Kxe4 f5+ Kf4 h5 Re1 Kc7 Re7+ Kd6 Rxg7 Kc5 b4+ Kxb4 Rb7+ Kc5 Re7 Kd4 Re4+ fxe4 h4 Re5 a4 Rd5 f3 exf3 Kxf3 Re5 Kf4 Re4+ Kf3 Kd5 a5 c5 a6 Ke5 a7 Re3+ Kxe3 Kf6 a8=Q Ke5 Qe4+ Kd6 Kf4 Kd7 Ke5 Ke7 Qd5 Kf8 Qxc5+ Kf7 Qd5+ Kg7 Qe4 Kf7 Qd5+ Kg7 Kd4 Kf6 Qxh5 Kg7 Qe5+ Kg8 g4 Kh7 Kd5 Kg8 Ke4 Kh7 Kd5 Kg8 h5 Kf8 Ke4 Kg8 Kd4 Kf8 Kd5 Kg8 Ke4 Kf8 Kd5 Kg8 g5 Kf8 Qe4 Kg7 Kd4 Kg8 Qe5 Kf8 Qe4 Kg8 Qe5 Kf8 g6 Kg8 Kd5 Kf8 Ke4 Kg8 Kd5 Kf8 h6 Kg8 Qe8#,4Q1k1/8/6PP/3K4/8/8/8/8 b - - 2 75,100000,7.444615400003386,white,72,13807,191.76388888888889,1775,3.7454926999745606,3.760394900018582,0.05222770694470253,1.9027777777777777,4,1,72,16,43,13,3.760394900018582,0.23960509998141788,black,71,13712,193.1267605633803,1978,3.5499999999999954,3.5694185000902507,0.050273500001271135,1.9859154929577465,3,1,71,33,22,16,3.5694185000902507,0.43058149990974925
20260805_000246,t50ms_english_opening_dynamic_black,english_opening,flank_opening,c4 e5 Nc3 Nf6 g3 d5,rnbqkb1r/ppp2ppp/5n2/3pp3/2P5/2N3P1/PP1PPP1P/R1BQKBNR w KQkq - 0 4,0.05,4.0,True,1-0,checkmate,0.0,93,99,d1a4 b7b5 a4b5 c7c6 b5b8 a8b8 c4d5 c6d5 c3d5 d8d5 g1f3 d5f3 e2f3 b8b2 c1b2 f8c5 b2e5 f6d5 f1b5 e8d8 e5g7 h8g8 g7f6 d5f6 d2d4 c5d4 a1d1 f6d5 d1d4 g8g3 h2g3 c8f5 d4d5 d8c7 d5f5 c7d6 h1h7 f7f6 h7a7 d6e6 b5d3 e6d6 f5f6 d6e5 f6f5 e5e6 d3e4 e6d6 f5d5 d6e6 a7c7 e6f6 c7c6 f6f7 f3f4 f7f8 c6e6 f8g8 f2f3 g8g7 a2a4 g7g8 e1e2 g8g7 e2e3 g7g8 e3d4 g8g7 g3g4 g7g8 e4d3 g8g7 d3e4 g7g8 a4a5 g8g7 e4d3 g7g8 d3e4 g8g7 a5a6 g7g8 a6a7 g8f8 a7a8q f8f7 a8c6 f7g8 e6e5 g8g7 d5d8 g7f7 c6g6,Qa4+ b5 Qxb5+ c6 Qxb8 Rxb8 cxd5 cxd5 Nxd5 Qxd5 Nf3 Qxf3 exf3 Rxb2 Bxb2 Bc5 Bxe5 Nd5 Bb5+ Kd8 Bxg7 Rg8 Bf6+ Nxf6 d4 Bxd4 Rd1 Nd5 Rxd4 Rxg3 hxg3 Bf5 Rxd5+ Kc7 Rxf5 Kd6 Rxh7 f6 Rxa7 Ke6 Bd3 Kd6 Rxf6+ Ke5 Rf5+ Ke6 Be4 Kd6 Rd5+ Ke6 Rc7 Kf6 Rc6+ Kf7 f4 Kf8 Re6 Kg8 f3 Kg7 a4 Kg8 Ke2 Kg7 Ke3 Kg8 Kd4 Kg7 g4 Kg8 Bd3 Kg7 Be4 Kg8 a5 Kg7 Bd3 Kg8 Be4 Kg7 a6 Kg8 a7 Kf8 a8=Q+ Kf7 Qc6 Kg8 Ree5 Kg7 Rd8 Kf7 Qg6#,c4 e5 Nc3 Nf6 g3 d5 Qa4+ b5 Qxb5+ c6 Qxb8 Rxb8 cxd5 cxd5 Nxd5 Qxd5 Nf3 Qxf3 exf3 Rxb2 Bxb2 Bc5 Bxe5 Nd5 Bb5+ Kd8 Bxg7 Rg8 Bf6+ Nxf6 d4 Bxd4 Rd1 Nd5 Rxd4 Rxg3 hxg3 Bf5 Rxd5+ Kc7 Rxf5 Kd6 Rxh7 f6 Rxa7 Ke6 Bd3 Kd6 Rxf6+ Ke5 Rf5+ Ke6 Be4 Kd6 Rd5+ Ke6 Rc7 Kf6 Rc6+ Kf7 f4 Kf8 Re6 Kg8 f3 Kg7 a4 Kg8 Ke2 Kg7 Ke3 Kg8 Kd4 Kg7 g4 Kg8 Bd3 Kg7 Be4 Kg8 a5 Kg7 Bd3 Kg8 Be4 Kg7 a6 Kg8 a7 Kf8 a8=Q+ Kf7 Qc6 Kg8 Ree5 Kg7 Rd8 Kf7 Qg6#,3R4/5k2/6Q1/4R3/3KBPP1/5P2/8/8 b - - 8 50,100000,4.997638600005303,black,46,9836,213.82608695652175,1305,2.559999999999998,2.566683399985777,0.055797465217082114,1.9782608695652173,3,0,46,23,5,18,2.566683399985777,1.4333166000142228,white,47,9229,196.36170212765958,1437,2.3499999999999996,2.356983699981356,0.050148589361305444,1.8297872340425532,2,0,47,2,38,7,2.356983699981356,1.643016300018644
20260805_000246,t100ms_starting_position_dynamic_white,starting_position,starting_position,,rnbqkbnr/pppppppp/8/8/8/8/PPPPPPPP/RNBQKBNR w KQkq - 0 1,0.1,8.0,True,0-1,checkmate,0.0,54,54,g1f3 g8f6 b1c3 b8c6 d2d4 d7d6 e2e4 c8e6 f1c4 e6c4 c1f4 d8d7 f4d6 d7d6 d1d2 f6e4 c3e4 d6e6 f3e5 c6e5 d4e5 e6e5 e1c1 f7f5 d2d7 e8f7 e4g5 f7g8 d7f5 e5f5 g5h7 h8h7 d1d4 c4a2 h1e1 f5c2 c1c2 h7h2 e1e7 f8e7 d4d8 a8d8 c2c3 h2g2 f2f4 a2e6 b2b3 d8d5 b3b4 e7f6 c3c4 b7b5 c4b3 d5d3,Nf3 Nf6 Nc3 Nc6 d4 d6 e4 Be6 Bc4 Bxc4 Bf4 Qd7 Bxd6 Qxd6 Qd2 Nxe4 Nxe4 Qe6 Ne5 Nxe5 dxe5 Qxe5 O-O-O f5 Qd7+ Kf7 Ng5+ Kg8 Qxf5 Qxf5 Nxh7 Rxh7 Rd4 Bxa2 Re1 Qxc2+ Kxc2 Rxh2 Rxe7 Bxe7 Rd8+ Rxd8 Kc3 Rxg2 f4 Be6 b3 Rd5 b4 Bf6+ Kc4 b5+ Kb3 Rd3#,Nf3 Nf6 Nc3 Nc6 d4 d6 e4 Be6 Bc4 Bxc4 Bf4 Qd7 Bxd6 Qxd6 Qd2 Nxe4 Nxe4 Qe6 Ne5 Nxe5 dxe5 Qxe5 O-O-O f5 Qd7+ Kf7 Ng5+ Kg8 Qxf5 Qxf5 Nxh7 Rxh7 Rd4 Bxa2 Re1 Qxc2+ Kxc2 Rxh2 Rxe7 Bxe7 Rd8+ Rxd8 Kc3 Rxg2 f4 Be6 b3 Rd5 b4 Bf6+ Kc4 b5+ Kb3 Rd3#,6k1/p1p3p1/4bb2/1p6/1P3P2/1K1r4/6r1/8 w - - 2 28,-100000,5.58778610000445,white,27,7890,292.22222222222223,855,2.8200000000000007,2.8252843000082066,0.10464015925956321,1.8148148148148149,3,0,27,11,9,7,2.8252843000082066,5.174715699991793,black,27,7726,286.14814814814815,1135,2.700000000000001,2.7077080000308342,0.10028548148262349,2.0,3,0,27,3,11,13,2.7077080000308342,5.292291999969166
20260805_000246,t100ms_starting_position_dynamic_black,starting_position,starting_position,,rnbqkbnr/pppppppp/8/8/8/8/PPPPPPPP/RNBQKBNR w KQkq - 0 1,0.1,8.0,True,1-0,checkmate,0.0,55,55,g1f3 g8f6 b1c3 b8c6 d2d4 c6d4 d1d4 e7e5 d4e5 f8e7 e5e7 d8e7 e2e4 e7e4 c3e4 f6e4 f1d3 e4f2 e1f2 d7d5 c1f4 c8f5 d3f5 a8d8 f4c7 d8d6 c7d6 h7h5 h1e1 e8d8 e1e5 h8e8 e5d5 f7f6 d6e5 d8e7 d5d7 e7f8 e5d6 f8g8 d7b7 g7g6 f5g6 e8e2 f2e2 a7a5 g6h5 f6f5 a1d1 a5a4 d1d4 g8h8 d4a4 h8g8 a4a8,Nf3 Nf6 Nc3 Nc6 d4 Nxd4 Qxd4 e5 Qxe5+ Be7 Qxe7+ Qxe7 e4 Qxe4+ Nxe4 Nxe4 Bd3 Nxf2 Kxf2 d5 Bf4 Bf5 Bxf5 Rd8 Bxc7 Rd6 Bxd6 h5 Rhe1+ Kd8 Re5 Re8 Rxd5 f6 Be5+ Ke7 Rd7+ Kf8 Bd6+ Kg8 Rxb7 g6 Bxg6 Re2+ Kxe2 a5 Bxh5 f5 Rd1 a4 Rd4 Kh8 Rxa4 Kg8 Ra8#,Nf3 Nf6 Nc3 Nc6 d4 Nxd4 Qxd4 e5 Qxe5+ Be7 Qxe7+ Qxe7 e4 Qxe4+ Nxe4 Nxe4 Bd3 Nxf2 Kxf2 d5 Bf4 Bf5 Bxf5 Rd8 Bxc7 Rd6 Bxd6 h5 Rhe1+ Kd8 Re5 Re8 Rxd5 f6 Be5+ Ke7 Rd7+ Kf8 Bd6+ Kg8 Rxb7 g6 Bxg6 Re2+ Kxe2 a5 Bxh5 f5 Rd1 a4 Rd4 Kh8 Rxa4 Kg8 Ra8#,R5k1/1R6/3B4/5p1B/8/5N2/PPP1K1PP/8 b - - 2 28,100000,5.602081999997608,black,27,8213,304.18518518518516,858,2.740000000000001,2.7460554000135744,0.1017057555560583,1.962962962962963,3,0,27,11,10,6,2.7460554000135744,5.253944599986426,white,28,8821,315.0357142857143,1295,2.800000000000001,2.805320999963442,0.10019003571298006,1.9642857142857142,3,0,28,3,14,11,2.805320999963442,5.194679000036558
20260805_000246,t100ms_open_game_dynamic_white,open_game,open_game,e4 e5,rnbqkbnr/pppp1ppp/8/4p3/4P3/8/PPPP1PPP/RNBQKBNR w KQkq - 0 2,0.1,8.0,True,0-1,checkmate,0.0,38,40,b1c3 b8c6 g1f3 g8f6 f3e5 c6e5 d2d4 e5c6 f1c4 f6e4 c3e4 f8b4 e1f1 c6d4 d1d4 d7d5 c4b5 c7c6 d4e5 e8f8 b5c6 b7c6 e4g3 c8a6 f1g1 a6c4 e5d5 d8d5 c1f4 f8g8 g3e4 d5e4 a1d1 e4f4 h2h4 a8e8 d1d5 e8e1,Nc3 Nc6 Nf3 Nf6 Nxe5 Nxe5 d4 Nc6 Bc4 Nxe4 Nxe4 Bb4+ Kf1 Nxd4 Qxd4 d5 Bb5+ c6 Qe5+ Kf8 Bxc6 bxc6 Ng3 Ba6+ Kg1 Bc4 Qxd5 Qxd5 Bf4 Kg8 Ne4 Qxe4 Rd1 Qxf4 h4 Re8 Rd5 Re1#,e4 e5 Nc3 Nc6 Nf3 Nf6 Nxe5 Nxe5 d4 Nc6 Bc4 Nxe4 Nxe4 Bb4+ Kf1 Nxd4 Qxd4 d5 Bb5+ c6 Qe5+ Kf8 Bxc6 bxc6 Ng3 Ba6+ Kg1 Bc4 Qxd5 Qxd5 Bf4 Kg8 Ne4 Qxe4 Rd1 Qxf4 h4 Re8 Rd5 Re1#,6kr/p4ppp/2p5/3R4/1bb2q1P/8/PPP2PP1/4r1KR w - - 3 21,-100000,4.325595099988277,white,19,6439,338.89473684210526,755,2.38,2.3843198000395205,0.1254905157915537,1.6842105263157894,3,0,19,6,4,9,2.3843198000395205,5.6156801999604795,black,19,5333,280.6842105263158,805,1.9000000000000006,1.9046476999792503,0.10024461578838159,1.8421052631578947,2,0,19,4,7,8,1.9046476999792503,6.09535230002075
20260805_000246,t100ms_open_game_dynamic_black,open_game,open_game,e4 e5,rnbqkbnr/pppp1ppp/8/4p3/4P3/8/PPPP1PPP/RNBQKBNR w KQkq - 0 2,0.1,8.0,True,1-0,checkmate,0.0,41,43,b1c3 b8c6 g1f3 g8f6 d2d4 e5d4 c3b5 f8b4 c2c3 d4c3 b2c3 f6e4 c3b4 c6b4 d1d7 d8d7 b5a3 e4f2 e1f2 d7d4 f3d4 c8d7 a3c4 b4d3 f1d3 d7f5 d3f5 a8d8 h1e1 e8f8 c1a3 f8g8 d4e2 d8d5 f5e4 d5f5 e4f5 h7h5 e2d4 h8h6 e1e8,Nc3 Nc6 Nf3 Nf6 d4 exd4 Nb5 Bb4+ c3 dxc3 bxc3 Nxe4 cxb4 Nxb4 Qxd7+ Qxd7 Na3 Nxf2 Kxf2 Qd4+ Nxd4 Bd7 Nc4 Nd3+ Bxd3 Bf5 Bxf5 Rd8 Re1+ Kf8 Ba3+ Kg8 Ne2 Rd5 Be4 Rf5+ Bxf5 h5 Nd4 Rh6 Re8#,e4 e5 Nc3 Nc6 Nf3 Nf6 d4 exd4 Nb5 Bb4+ c3 dxc3 bxc3 Nxe4 cxb4 Nxb4 Qxd7+ Qxd7 Na3 Nxf2 Kxf2 Qd4+ Nxd4 Bd7 Nc4 Nd3+ Bxd3 Bf5 Bxf5 Rd8 Re1+ Kf8 Ba3+ Kg8 Ne2 Rd5 Be4 Rf5+ Bxf5 h5 Nd4 Rh6 Re8#,4R1k1/ppp2pp1/7r/5B1p/2NN4/B7/P4KPP/R7 b - - 3 22,100000,4.670161500005634,black,20,6536,326.8,828,2.5200000000000005,2.524103199975798,0.1262051599987899,1.7,3,0,20,5,6,9,2.524103199975798,5.475896800024202,white,21,5332,253.9047619047619,734,2.1000000000000005,2.10537010000553,0.10025571904788237,1.9523809523809523,3,0,21,5,7,9,2.10537010000553,5.89462989999447
20260805_000246,t100ms_italian_game_dynamic_white,italian_game,open_game,e4 e5 Nf3 Nc6 Bc4 Bc5,r1bqk1nr/pppp1ppp/2n5/2b1p3/2B1P3/5N2/PPPP1PPP/RNBQK2R w KQkq - 4 4,0.1,8.0,True,0-1,checkmate,0.0,50,56,e1e2 g8f6 c4f7 e8f7 f3g5 f7g6 d2d4 e5d4 d1d4 c6d4 e2d3 f6e4 g5e4 c5b6 b1c3 d4c2 d3c2 b6f2 e4f2 d7d5 c3d5 d8d5 c1f4 c8f5 c2c3 d5c5 c3d2 c5f2 d2c3 f2f4 h1e1 f4h2 e1e6 f5e6 a1d1 h2g2 d1d5 g2d5 a2a4 h8f8 b2b4 f8f4 b4b5 f4a4 c3c2 d5b5 c2c3 a8d8 c3c2 a4c4,Ke2 Nf6 Bxf7+ Kxf7 Ng5+ Kg6 d4 exd4 Qxd4 Nxd4+ Kd3 Nxe4 Nxe4 Bb6 Nbc3 Nxc2 Kxc2 Bxf2 Nxf2 d5 Nxd5 Qxd5 Bf4 Bf5+ Kc3 Qc5+ Kd2 Qxf2+ Kc3 Qxf4 Rhe1 Qxh2 Re6+ Bxe6 Rd1 Qxg2 Rd5 Qxd5 a4 Rhf8 b4 Rf4 b5 Rxa4 Kc2 Qxb5 Kc3 Rd8 Kc2 Rc4#,e4 e5 Nf3 Nc6 Bc4 Bc5 Ke2 Nf6 Bxf7+ Kxf7 Ng5+ Kg6 d4 exd4 Qxd4 Nxd4+ Kd3 Nxe4 Nxe4 Bb6 Nbc3 Nxc2 Kxc2 Bxf2 Nxf2 d5 Nxd5 Qxd5 Bf4 Bf5+ Kc3 Qc5+ Kd2 Qxf2+ Kc3 Qxf4 Rhe1 Qxh2 Re6+ Bxe6 Rd1 Qxg2 Rd5 Qxd5 a4 Rhf8 b4 Rf4 b5 Rxa4 Kc2 Qxb5 Kc3 Rd8 Kc2 Rc4#,3r4/ppp3pp/4b1k1/1q6/2r5/8/2K5/8 w - - 4 29,-100000,5.172040600009495,white,25,7282,291.28,967,2.6200000000000006,2.62346949998755,0.104938779999502,1.84,3,0,25,9,10,6,2.62346949998755,5.37653050001245,black,25,7103,284.12,1004,2.500000000000001,2.503739099993254,0.10014956399973016,1.88,3,0,25,1,13,11,2.503739099993254,5.496260900006746
20260805_000246,t100ms_italian_game_dynamic_black,italian_game,open_game,e4 e5 Nf3 Nc6 Bc4 Bc5,r1bqk1nr/pppp1ppp/2n5/2b1p3/2B1P3/5N2/PPPP1PPP/RNBQK2R w KQkq - 4 4,0.1,8.0,True,1/2-1/2,threefold_repetition,0.5,28,34,f3e5 c6e5 c4d5 e8f8 d5f7 f8f7 d1h5 f7e6 h5f5 e6d6 f2f4 d8h4 e1e2 h4f2 e2d1 f2g2 f5e5 d6c6 e5d5 c6b6 d5b3 b6a5 b3c3 a5b6 c3b3 b6a5 b3c3 a5b6,Nxe5 Nxe5 Bd5 Kf8 Bxf7 Kxf7 Qh5+ Ke6 Qf5+ Kd6 f4 Qh4+ Ke2 Qf2+ Kd1 Qxg2 Qxe5+ Kc6 Qd5+ Kb6 Qb3+ Ka5 Qc3+ Kb6 Qb3+ Ka5 Qc3+ Kb6,e4 e5 Nf3 Nc6 Bc4 Bc5 Nxe5 Nxe5 Bd5 Kf8 Bxf7 Kxf7 Qh5+ Ke6 Qf5+ Kd6 f4 Qh4+ Ke2 Qf2+ Kd1 Qxg2 Qxe5+ Kc6 Qd5+ Kb6 Qb3+ Ka5 Qc3+ Kb6 Qb3+ Ka5 Qc3+ Kb6,r1b3nr/pppp2pp/1k6/2b5/4PP2/2Q5/PPPP2qP/RNBK3R w - - 11 18,0,3.7877074999996694,black,14,7188,513.4285714285714,1304,2.36,2.3623877999925753,0.16874198571375537,2.642857142857143,4,0,14,0,2,12,2.3623877999925753,5.637612200007425,white,14,4041,288.64285714285717,527,1.4000000000000001,1.401773299992783,0.10012666428519879,1.9285714285714286,3,0,14,0,2,12,1.401773299992783,6.598226700007217
20260805_000246,t100ms_ruy_lopez_dynamic_white,ruy_lopez,open_game,e4 e5 Nf3 Nc6 Bb5 a6,r1bqkbnr/1ppp1ppp/p1n5/1B2p3/4P3/5N2/PPPP1PPP/RNBQK2R w KQkq - 0 4,0.1,8.0,False,*,max_plies_truncation,,160,166,b5c6 d7c6 f3e5 d8d4 e5f3 d4e4 d1e2 e4e2 e1e2 g8f6 b1c3 f8c5 d2d4 c5d4 f3d4 c8g4 e2e1 f6e4 c3e4 a8d8 c1f4 d8d4 f4c7 d4e4 e1d2 e4d4 d2c3 d4e4 c7e5 e4e5 f2f4 e5e4 h1f1 e4f4 f1f4 f7f6 f4g4 g7g6 g4g6 h7g6 a1e1 e8f8 e1e4 h8h2 c3d4 h2g2 c2c4 g2b2 a2a4 b2d2 d4e3 d2d6 e3f3 d6d3 f3e2 d3c3 e4d4 c3c2 e2d3 c2f2 d3e4 f2e2 e4f4 e2e5 f4f3 g6g5 f3g2 c6c5 d4d8 f8f7 d8d7 f7e6 d7b7 e5e4 b7b6 e6e5 b6a6 e4e2 g2f3 e2e4 a6e6 e5e6 f3e4 f6f5 e4f3 e6e5 f3e3 e5f6 e3f3 f6e5 f3e3 f5f4 e3d3 e5f5 a4a5 f5e5 a5a6 e5f5 a6a7 f5e5 a7a8q g5g4 a8d5 e5f6 d5c5 f6e6 c5d5 e6e7 d5e5 e7f7 e5f4 f7e6 f4g4 e6e7 g4e4 e7d7 d3d4 d7c7 c4c5 c7d8 e4d5 d8e7 d4e5 e7f8 d5e4 f8g7 e5d4 g7g8 e4e5 g8f8 d4d5 f8g8 d5e4 g8f8 e4d5 f8g8 c5c6 g8f8 d5e4 f8g8 e4d4 g8h7 d4d5 h7g8 d5e4 g8f8 e4d4 f8f7 d4d5 f7g8 d5e4 g8h7 c6c7 h7h6 c7c8q h6h7 c8c4 h7h6 c4d5 h6h7,Bxc6 dxc6 Nxe5 Qd4 Nf3 Qxe4+ Qe2 Qxe2+ Kxe2 Nf6 Nc3 Bc5 d4 Bxd4 Nxd4 Bg4+ Ke1 Ne4 Nxe4 Rd8 Bf4 Rxd4 Bxc7 Rxe4+ Kd2 Rd4+ Kc3 Re4 Be5 Rxe5 f4 Re4 Rhf1 Rxf4 Rxf4 f6 Rxg4 g6 Rxg6 hxg6 Re1+ Kf8 Re4 Rxh2 Kd4 Rxg2 c4 Rxb2 a4 Rd2+ Ke3 Rd6 Kf3 Rd3+ Ke2 Rc3 Rd4 Rc2+ Kd3 Rf2 Ke4 Re2+ Kf4 Re5 Kf3 g5 Kg2 c5 Rd8+ Kf7 Rd7+ Ke6 Rxb7 Re4 Rb6+ Ke5 Rxa6 Re2+ Kf3 Re4 Re6+ Kxe6 Kxe4 f5+ Kf3 Ke5 Ke3 Kf6 Kf3 Ke5 Ke3 f4+ Kd3 Kf5 a5 Ke5 a6 Kf5 a7 Ke5 a8=Q g4 Qd5+ Kf6 Qxc5 Ke6 Qd5+ Ke7 Qe5+ Kf7 Qxf4+ Ke6 Qxg4+ Ke7 Qe4+ Kd7 Kd4 Kc7 c5 Kd8 Qd5+ Ke7 Ke5 Kf8 Qe4 Kg7 Kd4 Kg8 Qe5 Kf8 Kd5 Kg8 Ke4 Kf8 Kd5 Kg8 c6 Kf8 Ke4 Kg8 Kd4 Kh7 Kd5 Kg8 Ke4 Kf8 Kd4 Kf7 Kd5 Kg8 Ke4 Kh7 c7 Kh6 c8=Q Kh7 Qc4 Kh6 Qcd5 Kh7,e4 e5 Nf3 Nc6 Bb5 a6 Bxc6 dxc6 Nxe5 Qd4 Nf3 Qxe4+ Qe2 Qxe2+ Kxe2 Nf6 Nc3 Bc5 d4 Bxd4 Nxd4 Bg4+ Ke1 Ne4 Nxe4 Rd8 Bf4 Rxd4 Bxc7 Rxe4+ Kd2 Rd4+ Kc3 Re4 Be5 Rxe5 f4 Re4 Rhf1 Rxf4 Rxf4 f6 Rxg4 g6 Rxg6 hxg6 Re1+ Kf8 Re4 Rxh2 Kd4 Rxg2 c4 Rxb2 a4 Rd2+ Ke3 Rd6 Kf3 Rd3+ Ke2 Rc3 Rd4 Rc2+ Kd3 Rf2 Ke4 Re2+ Kf4 Re5 Kf3 g5 Kg2 c5 Rd8+ Kf7 Rd7+ Ke6 Rxb7 Re4 Rb6+ Ke5 Rxa6 Re2+ Kf3 Re4 Re6+ Kxe6 Kxe4 f5+ Kf3 Ke5 Ke3 Kf6 Kf3 Ke5 Ke3 f4+ Kd3 Kf5 a5 Ke5 a6 Kf5 a7 Ke5 a8=Q g4 Qd5+ Kf6 Qxc5 Ke6 Qd5+ Ke7 Qe5+ Kf7 Qxf4+ Ke6 Qxg4+ Ke7 Qe4+ Kd7 Kd4 Kc7 c5 Kd8 Qd5+ Ke7 Ke5 Kf8 Qe4 Kg7 Kd4 Kg8 Qe5 Kf8 Kd5 Kg8 Ke4 Kf8 Kd5 Kg8 c6 Kf8 Ke4 Kg8 Kd4 Kh7 Kd5 Kg8 Ke4 Kf8 Kd4 Kf7 Kd5 Kg8 Ke4 Kh7 c7 Kh6 c8=Q Kh7 Qc4 Kh6 Qcd5 Kh7,8/7k/8/3QQ3/4K3/8/8/8 w - - 5 84,2021,16.115346899998258,white,80,31429,392.8625,3248,7.967826499928474,8.000152600026922,0.10000190750033652,2.2125,4,0,80,18,47,15,8.0,0.0,black,80,33018,412.725,4412,7.986174900003231,8.000156299996888,0.1000019537499611,2.55,5,0,80,35,28,17,8.0,0.0
20260805_000246,t100ms_ruy_lopez_dynamic_black,ruy_lopez,open_game,e4 e5 Nf3 Nc6 Bb5 a6,r1bqkbnr/1ppp1ppp/p1n5/1B2p3/4P3/5N2/PPPP1PPP/RNBQK2R w KQkq - 0 4,0.1,8.0,True,0-1,checkmate,1.0,134,140,b5c6 d7c6 f3e5 d8d4 e5f3 d4e4 e1f1 e4f3 d1f3 g8f6 f3f6 g7f6 b1c3 c8e6 d2d4 e6c4 f1e1 c4a2 a1a2 f8d6 a2a6 a8a6 c1f4 d6f4 h2h4 h8g8 c3e4 a6a1 e1e2 a1h1 e4f6 e8f8 f6g8 f8g8 g2g3 f4d6 g3g4 h1h4 f2f4 d6f4 e2f3 f4d6 c2c4 f7f6 b2b3 h4h3 f3e4 h3b3 c4c5 d6g3 e4f5 b3f3 f5e4 f3f4 e4e3 f4g4 e3d3 g8f7 d3e3 f6f5 e3f3 g3f4 f3f2 g4g3 f2f1 g3e3 f1g2 e3e4 g2f2 e4d4 f2f3 f4e5 f3f2 f7e6 f2e2 e6d5 e2f3 d5c5 f3f2 c5d5 f2e3 c6c5 e3e2 c7c6 e2e3 h7h5 e3e2 d5e4 e2f1 b7b5 f1g2 d4d5 g2g1 h5h4 g1g2 b5b4 g2h3 e5f6 h3g2 f6e5 g2h3 c5c4 h3h4 c6c5 h4h3 d5d3 h3g2 d3d5 g2g1 d5d2 g1f1 d2d5 f1e2 b4b3 e2f1 d5d2 f1g1 d2d5 g1g2 d5d2 g2g1 d2d5 g1g2 b3b2 g2f2 b2b1q f2g2 b1d3 g2f2 d3e3 f2g2 e3f3 g2g1 d5d1,Bxc6 dxc6 Nxe5 Qd4 Nf3 Qxe4+ Kf1 Qxf3 Qxf3 Nf6 Qxf6 gxf6 Nc3 Be6 d4 Bc4+ Ke1 Bxa2 Rxa2 Bd6 Rxa6 Rxa6 Bf4 Bxf4 h4 Rg8 Ne4 Ra1+ Ke2 Rxh1 Nxf6+ Kf8 Nxg8 Kxg8 g3 Bd6 g4 Rxh4 f4 Bxf4 Kf3 Bd6 c4 f6 b3 Rh3+ Ke4 Rxb3 c5 Bg3 Kf5 Rf3+ Ke4 Rf4+ Ke3 Rxg4 Kd3 Kf7 Ke3 f5 Kf3 Bf4 Kf2 Rg3 Kf1 Re3 Kg2 Re4 Kf2 Rxd4 Kf3 Be5 Kf2 Ke6 Ke2 Kd5 Kf3 Kxc5 Kf2 Kd5 Ke3 c5 Ke2 c6 Ke3 h5 Ke2 Ke4 Kf1 b5 Kg2 Rd5 Kg1 h4 Kg2 b4 Kh3 Bf6 Kg2 Be5 Kh3 c4 Kxh4 c5 Kh3 Rd3+ Kg2 Rd5 Kg1 Rd2 Kf1 Rd5 Ke2 b3 Kf1 Rd2 Kg1 Rd5 Kg2 Rd2+ Kg1 Rd5 Kg2 b2 Kf2 b1=Q Kg2 Qd3 Kf2 Qe3+ Kg2 Qf3+ Kg1 Rd1#,e4 e5 Nf3 Nc6 Bb5 a6 Bxc6 dxc6 Nxe5 Qd4 Nf3 Qxe4+ Kf1 Qxf3 Qxf3 Nf6 Qxf6 gxf6 Nc3 Be6 d4 Bc4+ Ke1 Bxa2 Rxa2 Bd6 Rxa6 Rxa6 Bf4 Bxf4 h4 Rg8 Ne4 Ra1+ Ke2 Rxh1 Nxf6+ Kf8 Nxg8 Kxg8 g3 Bd6 g4 Rxh4 f4 Bxf4 Kf3 Bd6 c4 f6 b3 Rh3+ Ke4 Rxb3 c5 Bg3 Kf5 Rf3+ Ke4 Rf4+ Ke3 Rxg4 Kd3 Kf7 Ke3 f5 Kf3 Bf4 Kf2 Rg3 Kf1 Re3 Kg2 Re4 Kf2 Rxd4 Kf3 Be5 Kf2 Ke6 Ke2 Kd5 Kf3 Kxc5 Kf2 Kd5 Ke3 c5 Ke2 c6 Ke3 h5 Ke2 Ke4 Kf1 b5 Kg2 Rd5 Kg1 h4 Kg2 b4 Kh3 Bf6 Kg2 Be5 Kh3 c4 Kxh4 c5 Kh3 Rd3+ Kg2 Rd5 Kg1 Rd2 Kf1 Rd5 Ke2 b3 Kf1 Rd2 Kg1 Rd5 Kg2 Rd2+ Kg1 Rd5 Kg2 b2 Kf2 b1=Q Kg2 Qd3 Kf2 Qe3+ Kg2 Qf3+ Kg1 Rd1#,8/8/8/2p1bp2/2p1k3/5q2/8/3r2K1 w - - 8 71,-100000,14.147621000010986,black,67,33835,505.0,2945,6.8199999999999905,6.83095270000922,0.10195451791058538,1.955223880597015,3,0,67,13,46,8,6.83095270000922,1.1690472999907797,white,67,34059,508.34328358208955,4575,6.699999999999992,6.975808799965307,0.10411654925321354,2.671641791044776,3,0,67,44,9,14,6.975808799965307,1.0241912000346929
20260805_000246,t100ms_scotch_game_dynamic_white,scotch_game,open_game,e4 e5 Nf3 Nc6 d4 exd4,r1bqkbnr/pppp1ppp/2n5/8/3pP3/5N2/PPP2PPP/RNBQKB1R w KQkq - 0 4,0.1,8.0,True,0-1,checkmate,0.0,14,20,d1d4 c6d4 f3d4 g8f6 b1c3 f6e4 c3e4 f8b4 e1d1 d8e7 c1f4 e7e4 f4c7 e4e1,Qxd4 Nxd4 Nxd4 Nf6 Nc3 Nxe4 Nxe4 Bb4+ Kd1 Qe7 Bf4 Qxe4 Bxc7 Qe1#,e4 e5 Nf3 Nc6 d4 exd4 Qxd4 Nxd4 Nxd4 Nf6 Nc3 Nxe4 Nxe4 Bb4+ Kd1 Qe7 Bf4 Qxe4 Bxc7 Qe1#,r1b1k2r/ppBp1ppp/8/8/1b1N4/8/PPP2PPP/R2KqB1R w kq - 1 11,-100000,1.4559988000110025,white,7,2575,367.85714285714283,301,0.74,0.742112799998722,0.10601611428553172,1.5714285714285714,2,0,7,1,5,1,0.742112799998722,7.257887200001278,black,7,2451,350.14285714285717,301,0.7,0.7012228999956278,0.10017469999937541,1.8571428571428572,2,0,7,3,2,2,0.7012228999956278,7.298777100004372
20260805_000246,t100ms_scotch_game_dynamic_black,scotch_game,open_game,e4 e5 Nf3 Nc6 d4 exd4,r1bqkbnr/pppp1ppp/2n5/8/3pP3/5N2/PPP2PPP/RNBQKB1R w KQkq - 0 4,0.1,8.0,True,1-0,checkmate,0.0,89,95,d1d4 c6d4 f3d4 g8f6 e4e5 f8b4 e1d1 d7d5 e5f6 g7f6 f1b5 e8f8 c1h6 f8e7 f2f3 d8d6 h2h4 c8f5 d4f5 e7e6 f5d6 c7d6 h6e3 e6e5 f3f4 e5e4 h1h3 e4f5 b5d3 f5g4 a2a4 h8e8 d3e2 g4f5 e2d3 f5g4 d3e2 g4f5 g2g4 f5g6 h4h5 g6h6 g4g5 f6g5 f4g5 h6g7 e3d4 g7f8 b1d2 a7a5 e2c4 d5c4 d2f3 e8e1 f3e1 a8e8 e1f3 e8e4 d4f6 d6d5 a1c1 b4d6 c2c3 f8e8 d1c2 e4e2 c2d1 e2b2 f3d4 e8d7 h3e3 b2f2 f6g7 f2f1 d1c2 f1f2 c2b1 f2f4 d4b5 f4e4 e3e4 d5e4 c1d1 d7e7 d1d6 e7e8 g7f6 e8f8 d6d8,Qxd4 Nxd4 Nxd4 Nf6 e5 Bb4+ Kd1 d5 exf6 gxf6 Bb5+ Kf8 Bh6+ Ke7 f3 Qd6 h4 Bf5 Nxf5+ Ke6 Nxd6 cxd6 Be3 Ke5 f4+ Ke4 Rh3 Kf5 Bd3+ Kg4 a4 Rhe8 Be2+ Kf5 Bd3+ Kg4 Be2+ Kf5 g4+ Kg6 h5+ Kh6 g5+ fxg5 fxg5+ Kg7 Bd4+ Kf8 Nd2 a5 Bc4 dxc4 Nf3 Re1+ Nxe1 Re8 Nf3 Re4 Bf6 d5 Rc1 Bd6 c3 Ke8 Kc2 Re2+ Kd1 Rxb2 Nd4 Kd7 Re3 Rf2 Bg7 Rf1+ Kc2 Rf2+ Kb1 Rf4 Nb5 Re4 Rxe4 dxe4 Rd1 Ke7 Rxd6 Ke8 Bf6 Kf8 Rd8#,e4 e5 Nf3 Nc6 d4 exd4 Qxd4 Nxd4 Nxd4 Nf6 e5 Bb4+ Kd1 d5 exf6 gxf6 Bb5+ Kf8 Bh6+ Ke7 f3 Qd6 h4 Bf5 Nxf5+ Ke6 Nxd6 cxd6 Be3 Ke5 f4+ Ke4 Rh3 Kf5 Bd3+ Kg4 a4 Rhe8 Be2+ Kf5 Bd3+ Kg4 Be2+ Kf5 g4+ Kg6 h5+ Kh6 g5+ fxg5 fxg5+ Kg7 Bd4+ Kf8 Nd2 a5 Bc4 dxc4 Nf3 Re1+ Nxe1 Re8 Nf3 Re4 Bf6 d5 Rc1 Bd6 c3 Ke8 Kc2 Re2+ Kd1 Rxb2 Nd4 Kd7 Re3 Rf2 Bg7 Rf1+ Kc2 Rf2+ Kb1 Rf4 Nb5 Re4 Rxe4 dxe4 Rd1 Ke7 Rxd6 Ke8 Bf6 Kf8 Rd8#,3R1k2/1p3p1p/5B2/pN4PP/P1p1p3/2P5/8/1K6 b - - 4 48,100000,9.644233699989854,black,44,20804,472.8181818181818,2385,5.0799999999999965,5.085607400003937,0.11558198636372584,2.272727272727273,3,0,44,15,13,16,5.085607400003937,2.914392599996063,white,45,18823,418.2888888888889,2198,4.5,4.505726800052798,0.10012726222339552,2.022222222222222,3,0,45,9,21,15,4.505726800052798,3.4942731999472016
20260805_000246,t100ms_sicilian_defence_dynamic_white,sicilian_defence,semi_open_game,e4 c5 Nf3 d6 d4 cxd4,rnbqkbnr/pp2pppp/3p4/8/3pP3/5N2/PPP2PPP/RNBQKB1R w KQkq - 0 4,0.1,8.0,False,*,max_plies_truncation,,160,166,d1d4 d8a5 e1d1 a5d2 b1d2 b8c6 f1b5 g8f6 b5c6 b7c6 d2c4 e7e5 d4d3 c8g4 c4d6 f8d6 d3d6 a8d8 d6d8 e8d8 d1e1 f6e4 f3e5 g4e6 e5c6 d8c7 c6a7 c7b7 c1e3 h8d8 a7b5 d8d5 b5a7 f7f6 a7c6 b7c6 f2f4 h7h5 c2c4 d5d3 e3a7 e6c4 a7d4 d3d4 a1c1 c6d5 a2a4 c4d3 a4a5 f6f5 c1c7 g7g6 c7d7 e4d6 e1d2 d3b5 d2e3 b5d7 h1c1 d4e4 e3f3 d5e6 c1c5 g6g5 f4g5 f5f4 h2h4 e6f7 c5c7 e4e3 f3f4 e3e4 f4f3 e4h4 c7d7 f7e6 d7c7 h4e4 c7c5 e6d7 c5d5 d7c7 g2g3 c7b8 d5d6 e4e5 d6d8 b8c7 d8d4 e5g5 d4c4 c7b7 c4b4 b7a6 f3e4 g5g4 e4e5 g4b4 b2b3 b4b3 e5f4 a6a5 g3g4 b3b4 f4f5 h5g4 f5e5 b4c4 e5d5 a5b5 d5e5 b5c5 e5f5 c5d5 f5g6 c4e4 g6f5 d5d4 f5g5 d4e5 g5h6 e5d5 h6g7 e4e5 g7f6 d5d4 f6g7 g4g3 g7f6 g3g2 f6g7 g2g1q g7f7 g1g4 f7f8 g4e4 f8g7 e4d5 g7f6 e5e4 f6g7 d5e5 g7g8 d4d5 g8f8 e5f6 f8g8 f6e5 g8f8 e4g4 f8f7 d5d4 f7f8 d4d5 f8f7 e5d6 f7e8 g4e4 e8f7 d5d4,Qxd4 Qa5+ Kd1 Qd2+ Nbxd2 Nc6 Bb5 Nf6 Bxc6+ bxc6 Nc4 e5 Qd3 Bg4 Nxd6+ Bxd6 Qxd6 Rd8 Qxd8+ Kxd8 Ke1 Nxe4 Nxe5 Be6 Nxc6+ Kc7 Nxa7 Kb7 Be3 Rd8 Nb5 Rd5 Na7 f6 Nc6 Kxc6 f4 h5 c4 Rd3 Ba7 Bxc4 Bd4 Rxd4 Rc1 Kd5 a4 Bd3 a5 f5 Rc7 g6 Rd7+ Nd6 Kd2 Bb5+ Ke3 Bxd7 Rc1 Re4+ Kf3 Ke6 Rc5 g5 fxg5 f4 h4 Kf7 Rc7 Re3+ Kxf4 Re4+ Kf3 Rxh4 Rxd7+ Ke6 Rc7 Re4 Rc5 Kd7 Rd5 Kc7 g3 Kb8 Rxd6 Re5 Rd8+ Kc7 Rd4 Rxg5 Rc4+ Kb7 Rb4+ Ka6 Ke4 Rg4+ Ke5 Rxb4 b3 Rxb3 Kf4 Kxa5 g4 Rb4+ Kf5 hxg4 Ke5 Rc4 Kd5 Kb5 Ke5 Kc5 Kf5 Kd5 Kg6 Re4 Kf5 Kd4 Kg5 Ke5 Kh6 Kd5 Kg7 Re5 Kf6 Kd4 Kg7 g3 Kf6 g2 Kg7 g1=Q+ Kf7 Qg4 Kf8 Qe4 Kg7 Qd5 Kf6 Re4 Kg7 Qe5+ Kg8 Kd5 Kf8 Qf6+ Kg8 Qe5 Kf8 Rg4 Kf7 Kd4 Kf8 Kd5 Kf7 Qd6 Ke8 Re4+ Kf7 Kd4,e4 c5 Nf3 d6 d4 cxd4 Qxd4 Qa5+ Kd1 Qd2+ Nbxd2 Nc6 Bb5 Nf6 Bxc6+ bxc6 Nc4 e5 Qd3 Bg4 Nxd6+ Bxd6 Qxd6 Rd8 Qxd8+ Kxd8 Ke1 Nxe4 Nxe5 Be6 Nxc6+ Kc7 Nxa7 Kb7 Be3 Rd8 Nb5 Rd5 Na7 f6 Nc6 Kxc6 f4 h5 c4 Rd3 Ba7 Bxc4 Bd4 Rxd4 Rc1 Kd5 a4 Bd3 a5 f5 Rc7 g6 Rd7+ Nd6 Kd2 Bb5+ Ke3 Bxd7 Rc1 Re4+ Kf3 Ke6 Rc5 g5 fxg5 f4 h4 Kf7 Rc7 Re3+ Kxf4 Re4+ Kf3 Rxh4 Rxd7+ Ke6 Rc7 Re4 Rc5 Kd7 Rd5 Kc7 g3 Kb8 Rxd6 Re5 Rd8+ Kc7 Rd4 Rxg5 Rc4+ Kb7 Rb4+ Ka6 Ke4 Rg4+ Ke5 Rxb4 b3 Rxb3 Kf4 Kxa5 g4 Rb4+ Kf5 hxg4 Ke5 Rc4 Kd5 Kb5 Ke5 Kc5 Kf5 Kd5 Kg6 Re4 Kf5 Kd4 Kg5 Ke5 Kh6 Kd5 Kg7 Re5 Kf6 Kd4 Kg7 g3 Kf6 g2 Kg7 g1=Q+ Kf7 Qg4 Kf8 Qe4 Kg7 Qd5 Kf6 Re4 Kg7 Qe5+ Kg8 Kd5 Kf8 Qf6+ Kg8 Qe5 Kf8 Rg4 Kf7 Kd4 Kf8 Kd5 Kf7 Qd6 Ke8 Re4+ Kf7 Kd4,8/5K2/3q4/8/3kr3/8/8/8 w - - 28 84,-1585,15.936555100008263,white,80,40728,509.1,5178,7.839999999999986,7.848025900006178,0.09810032375007723,2.4625,4,0,80,40,22,18,7.848025900006178,0.15197409999382216,black,80,43637,545.4625,5016,7.993118899967509,8.000023200031137,0.10000029000038921,2.3125,3,0,80,16,44,20,8.0,0.0
20260805_000246,t100ms_sicilian_defence_dynamic_black,sicilian_defence,semi_open_game,e4 c5 Nf3 d6 d4 cxd4,rnbqkbnr/pp2pppp/3p4/8/3pP3/5N2/PPP2PPP/RNBQKB1R w KQkq - 0 4,0.1,8.0,True,1/2-1/2,threefold_repetition,0.5,99,105,d1d4 d8a5 e1d1 b8c6 d4d6 e7d6 f1d3 a5a2 a1a2 g8f6 a2a7 a8a7 b1c3 f6e4 d3e4 c6b4 c1e3 a7a1 c3b1 a1b1 e3c1 c8e6 e4b7 e8d8 d1d2 f8e7 h1e1 b1c1 d2c1 b4a2 c1d2 a2c3 b2c3 e7g5 f3g5 e6c4 e1e4 c4b5 g5f7 d8c7 f7h8 c7b7 h8f7 d6d5 f7d6 b7c6 e4e6 c6d7 d6b5 d7e6 b5c7 e6d6 c7e8 d6e5 e8c7 h7h5 f2f3 h5h4 d2d3 g7g5 h2h3 e5d6 c7b5 d6c6 c3c4 c6c5 b5d4 d5c4 d3e4 c4c3 d4e6 c5d6 e6g5 d6e7 e4d4 e7f6 g5e4 f6f7 e4c3 f7e7 c3d5 e7f7 c2c4 f7e6 f3f4 e6f5 c4c5 f5g6 d4e4 g6f7 f4f5 f7g8 e4d4 g8h8 d4e4 h8g8 e4d4 g8h8 d4e4,Qxd4 Qa5+ Kd1 Nc6 Qxd6 exd6 Bd3 Qxa2 Rxa2 Nf6 Rxa7 Rxa7 Nc3 Nxe4 Bxe4 Nb4 Be3 Ra1+ Nb1 Rxb1+ Bc1 Be6 Bxb7 Kd8 Kd2 Be7 Re1 Rxc1 Kxc1 Na2+ Kd2 Nc3 bxc3 Bg5+ Nxg5 Bc4 Re4 Bb5 Nxf7+ Kc7 Nxh8 Kxb7 Nf7 d5 Nd6+ Kc6 Re6 Kd7 Nxb5 Kxe6 Nc7+ Kd6 Ne8+ Ke5 Nc7 h5 f3 h4 Kd3 g5 h3 Kd6 Nb5+ Kc6 c4 Kc5 Nd4 dxc4+ Ke4 c3 Ne6+ Kd6 Nxg5 Ke7 Kd4 Kf6 Ne4+ Kf7 Nxc3 Ke7 Nd5+ Kf7 c4 Ke6 f4 Kf5 c5 Kg6 Ke4 Kf7 f5 Kg8 Kd4 Kh8 Ke4 Kg8 Kd4 Kh8 Ke4,e4 c5 Nf3 d6 d4 cxd4 Qxd4 Qa5+ Kd1 Nc6 Qxd6 exd6 Bd3 Qxa2 Rxa2 Nf6 Rxa7 Rxa7 Nc3 Nxe4 Bxe4 Nb4 Be3 Ra1+ Nb1 Rxb1+ Bc1 Be6 Bxb7 Kd8 Kd2 Be7 Re1 Rxc1 Kxc1 Na2+ Kd2 Nc3 bxc3 Bg5+ Nxg5 Bc4 Re4 Bb5 Nxf7+ Kc7 Nxh8 Kxb7 Nf7 d5 Nd6+ Kc6 Re6 Kd7 Nxb5 Kxe6 Nc7+ Kd6 Ne8+ Ke5 Nc7 h5 f3 h4 Kd3 g5 h3 Kd6 Nb5+ Kc6 c4 Kc5 Nd4 dxc4+ Ke4 c3 Ne6+ Kd6 Nxg5 Ke7 Kd4 Kf6 Ne4+ Kf7 Nxc3 Ke7 Nd5+ Kf7 c4 Ke6 f4 Kf5 c5 Kg6 Ke4 Kf7 f5 Kg8 Kd4 Kh8 Ke4 Kg8 Kd4 Kh8 Ke4,7k/8/8/2PN1P2/4K2p/7P/6P1/8 b - - 8 53,0,10.35603870000341,black,49,29878,609.7551020408164,3820,5.299999999999996,5.30361289998109,0.10823699795879775,2.5714285714285716,4,0,49,20,14,15,5.30361289998109,2.69638710001891,white,50,30005,600.1,3975,4.999999999999998,5.0045239001192385,0.10009047800238477,2.44,4,0,50,11,26,13,5.0045239001192385,2.9954760998807615
20260805_000246,t100ms_french_defence_dynamic_white,french_defence,semi_open_game,e4 e6 d4 d5 Nc3 Nf6,rnbqkb1r/ppp2ppp/4pn2/3p4/3PP3/2N5/PPP2PPP/R1BQKBNR w KQkq - 2 4,0.1,8.0,True,0-1,checkmate,0.0,154,160,f1b5 c7c6 b5d3 d5e4 d3c4 d8d4 d1d4 f8d6 d4d6 h7h5 c1e3 b8d7 g1e2 d7b8 a1d1 b8d7 d6d7 c8d7 d1d4 d7c8 e2f4 e6e5 c4f7 e8f7 d4d6 e5f4 e3f4 f6g4 c3e4 c8f5 e4g5 f7e7 d6d4 f5c2 f4d6 e7f6 f2f4 h8e8 e1d2 c2f5 h1d1 g4h2 d2c1 f6g6 g5e4 h2g4 d6e5 g4e5 d4d6 e8e6 f4e5 a8f8 d6e6 f5e6 a2a4 f8f4 e4c5 f4c4 c1b1 c4c5 d1d6 c5e5 g2g4 e5e1 b1c2 e1e2 c2d3 e2b2 d6e6 g6f7 e6d6 h5g4 d3c3 b2e2 d6d4 e2e3 c3c2 e3e2 c2c3 e2e3 c3c2 g4g3 a4a5 e3e5 d4f4 f7e6 f4d4 e5a5 d4e4 e6d5 c2d3 a5a3 d3e2 d5e4 e2f1 a3d3 f1g2 g7g5 g2h3 a7a5 h3g4 g3g2 g4g5 g2g1q g5f6 g1d4 f6f7 d4e5 f7g6 b7b5 g6h7 d3d5 h7h6 c6c5 h6h7 e5f6 h7g8 f6e5 g8h7 e5f6 h7g8 b5b4 g8h7 f6e5 h7h6 e5f6 h6h7 f6e5 h7h6 a5a4 h6h7 c5c4 h7g6 d5d3 g6h7 d3d5 h7h6 b4b3 h6h7 e5f6 h7g8 f6e5 g8f7 b3b2 f7g8 b2b1q g8f8 b1b6 f8g8 b6e3 g8f7 d5d7 f7g8 e5e8,Bb5+ c6 Bd3 dxe4 Bc4 Qxd4 Qxd4 Bd6 Qxd6 h5 Be3 Nbd7 Nge2 Nb8 Rd1 Nbd7 Qxd7+ Bxd7 Rd4 Bc8 Nf4 e5 Bxf7+ Kxf7 Rd6 exf4 Bxf4 Ng4 Nxe4 Bf5 Ng5+ Ke7 Rd4 Bxc2 Bd6+ Kf6 f4 Rhe8+ Kd2 Bf5 Rd1 Nxh2 Kc1 Kg6 Ne4 Ng4 Be5 Nxe5 Rd6+ Re6 fxe5 Rf8 Rxe6+ Bxe6 a4 Rf4 Nc5 Rc4+ Kb1 Rxc5 Rd6 Rxe5 g4 Re1+ Kc2 Re2+ Kd3 Rxb2 Rxe6+ Kf7 Rd6 hxg4 Kc3 Re2 Rd4 Re3+ Kc2 Re2+ Kc3 Re3+ Kc2 g3 a5 Re5 Rf4+ Ke6 Rd4 Rxa5 Re4+ Kd5 Kd3 Ra3+ Ke2 Kxe4 Kf1 Rd3 Kg2 g5 Kh3 a5 Kg4 g2 Kxg5 g1=Q+ Kf6 Qd4+ Kf7 Qe5 Kg6 b5 Kh7 Rd5 Kh6 c5 Kh7 Qf6 Kg8 Qe5 Kh7 Qf6 Kg8 b4 Kh7 Qe5 Kh6 Qf6+ Kh7 Qe5 Kh6 a4 Kh7 c4 Kg6 Rd3 Kh7 Rd5 Kh6 b3 Kh7 Qf6 Kg8 Qe5 Kf7 b2 Kg8 b1=Q Kf8 Qb6 Kg8 Qe3 Kf7 Rd7+ Kg8 Qe8#,e4 e6 d4 d5 Nc3 Nf6 Bb5+ c6 Bd3 dxe4 Bc4 Qxd4 Qxd4 Bd6 Qxd6 h5 Be3 Nbd7 Nge2 Nb8 Rd1 Nbd7 Qxd7+ Bxd7 Rd4 Bc8 Nf4 e5 Bxf7+ Kxf7 Rd6 exf4 Bxf4 Ng4 Nxe4 Bf5 Ng5+ Ke7 Rd4 Bxc2 Bd6+ Kf6 f4 Rhe8+ Kd2 Bf5 Rd1 Nxh2 Kc1 Kg6 Ne4 Ng4 Be5 Nxe5 Rd6+ Re6 fxe5 Rf8 Rxe6+ Bxe6 a4 Rf4 Nc5 Rc4+ Kb1 Rxc5 Rd6 Rxe5 g4 Re1+ Kc2 Re2+ Kd3 Rxb2 Rxe6+ Kf7 Rd6 hxg4 Kc3 Re2 Rd4 Re3+ Kc2 Re2+ Kc3 Re3+ Kc2 g3 a5 Re5 Rf4+ Ke6 Rd4 Rxa5 Re4+ Kd5 Kd3 Ra3+ Ke2 Kxe4 Kf1 Rd3 Kg2 g5 Kh3 a5 Kg4 g2 Kxg5 g1=Q+ Kf6 Qd4+ Kf7 Qe5 Kg6 b5 Kh7 Rd5 Kh6 c5 Kh7 Qf6 Kg8 Qe5 Kh7 Qf6 Kg8 b4 Kh7 Qe5 Kh6 Qf6+ Kh7 Qe5 Kh6 a4 Kh7 c4 Kg6 Rd3 Kh7 Rd5 Kh6 b3 Kh7 Qf6 Kg8 Qe5 Kf7 b2 Kg8 b1=Q Kf8 Qb6 Kg8 Qe3 Kf7 Rd7+ Kg8 Qe8#,4q1K1/3r4/8/8/p1p1k3/4q3/8/8 w - - 8 81,-100000,15.614603200010606,white,77,38672,502.23376623376623,5549,7.815485599947843,7.823454399986076,0.10160330389592306,2.4935064935064934,4,0,77,28,18,31,7.823454399986076,0.17654560001392383,black,77,43897,570.0909090909091,4352,7.699999999999989,7.707376300008036,0.10009579610400048,2.116883116883117,4,0,77,13,51,13,7.707376300008036,0.2926236999919638
20260805_000246,t100ms_french_defence_dynamic_black,french_defence,semi_open_game,e4 e6 d4 d5 Nc3 Nf6,rnbqkb1r/ppp2ppp/4pn2/3p4/3PP3/2N5/PPP2PPP/R1BQKBNR w KQkq - 2 4,0.1,8.0,True,1-0,checkmate,0.0,115,121,f1b5 c7c6 b5d3 d5e4 d3c4 d8d4 d1d4 f8d6 d4d6 h7h5 d6b8 a8b8 c1e3 f6d5 c3d5 e6d5 c4e2 c8f5 e3a7 b8d8 a7d4 d8d6 d4g7 h8g8 g7d4 g8g2 e2h5 e8e7 g1e2 c6c5 d4c5 g2f2 e1f2 e4e3 f2g3 f5c2 c5d6 e7d6 h5f7 c2e4 h1d1 d6e5 d1d4 e4f5 d4d5 e5f6 f7e8 f5e4 a1f1 f6e7 d5e5 e7d6 e5e4 d6d5 e4e3 b7b6 f1f5 d5c4 e8c6 b6b5 c6b5 c4b4 e2d4 b4a5 b5c6 a5b4 c6d5 b4c5 e3e4 c5d6 b2b4 d6c7 a2a4 c7d6 f5e5 d6c7 g3f3 c7d6 h2h4 d6c7 f3f4 c7d6 e4e3 d6d7 e3c3 d7d8 f4e4 d8d7 c3c6 d7d8 c6c3 d8d7 a4a5 d7d8 e4f4 d8d7 c3c6 d7d8 c6c3 d8d7 h4h5 d7d8 f4e4 d8d7 c3c6 d7d8 c6c3 d8d7 h5h6 d7d8 h6h7 d8d7 h7h8q d7d6 h8d8,Bb5+ c6 Bd3 dxe4 Bc4 Qxd4 Qxd4 Bd6 Qxd6 h5 Qxb8 Rxb8 Be3 Nd5 Nxd5 exd5 Be2 Bf5 Bxa7 Rd8 Bd4 Rd6 Bxg7 Rg8 Bd4 Rxg2 Bxh5 Ke7 Ne2 c5 Bxc5 Rxf2 Kxf2 e3+ Kg3 Bxc2 Bxd6+ Kxd6 Bxf7 Be4 Rhd1 Ke5 Rd4 Bf5 Rxd5+ Kf6 Be8 Be4 Rf1+ Ke7 Re5+ Kd6 Rxe4 Kd5 Rxe3 b6 Rf5+ Kc4 Bc6 b5 Bxb5+ Kb4 Nd4 Ka5 Bc6+ Kb4 Bd5 Kc5 Re4 Kd6 b4 Kc7 a4 Kd6 Rfe5 Kc7 Kf3 Kd6 h4 Kc7 Kf4 Kd6 Re3 Kd7 Rc3 Kd8 Ke4 Kd7 Rc6 Kd8 Rc3 Kd7 a5 Kd8 Kf4 Kd7 Rc6 Kd8 Rc3 Kd7 h5 Kd8 Ke4 Kd7 Rc6 Kd8 Rc3 Kd7 h6 Kd8 h7 Kd7 h8=Q Kd6 Qd8#,e4 e6 d4 d5 Nc3 Nf6 Bb5+ c6 Bd3 dxe4 Bc4 Qxd4 Qxd4 Bd6 Qxd6 h5 Qxb8 Rxb8 Be3 Nd5 Nxd5 exd5 Be2 Bf5 Bxa7 Rd8 Bd4 Rd6 Bxg7 Rg8 Bd4 Rxg2 Bxh5 Ke7 Ne2 c5 Bxc5 Rxf2 Kxf2 e3+ Kg3 Bxc2 Bxd6+ Kxd6 Bxf7 Be4 Rhd1 Ke5 Rd4 Bf5 Rxd5+ Kf6 Be8 Be4 Rf1+ Ke7 Re5+ Kd6 Rxe4 Kd5 Rxe3 b6 Rf5+ Kc4 Bc6 b5 Bxb5+ Kb4 Nd4 Ka5 Bc6+ Kb4 Bd5 Kc5 Re4 Kd6 b4 Kc7 a4 Kd6 Rfe5 Kc7 Kf3 Kd6 h4 Kc7 Kf4 Kd6 Re3 Kd7 Rc3 Kd8 Ke4 Kd7 Rc6 Kd8 Rc3 Kd7 a5 Kd8 Kf4 Kd7 Rc6 Kd8 Rc3 Kd7 h5 Kd8 Ke4 Kd7 Rc6 Kd8 Rc3 Kd7 h6 Kd8 h7 Kd7 h8=Q Kd6 Qd8#,3Q4/8/3k4/P2BR3/1P1NK3/2R5/8/8 b - - 2 61,100000,10.941610699999728,black,57,26431,463.70175438596493,3521,5.059999999999995,5.066317400036496,0.08888276140414905,2.4035087719298245,3,0,57,38,8,11,5.066317400036496,2.933682599963504,white,58,32786,565.2758620689655,3265,5.799999999999995,5.805577700026333,0.10009616724183333,2.0172413793103448,3,0,58,3,45,10,5.805577700026333,2.1944222999736667
20260805_000246,t100ms_caro_kann_defence_dynamic_white,caro_kann_defence,semi_open_game,e4 c6 d4 d5 Nc3 dxe4,rnbqkbnr/pp2pppp/2p5/8/3Pp3/2N5/PPP2PPP/R1BQKBNR w KQkq - 0 4,0.1,8.0,True,0-1,checkmate,0.0,70,76,c3e4 d8a5 e1e2 b8d7 g1f3 a5d5 c1e3 d5e4 c2c3 g8f6 d1d2 f6d5 d2d3 d5f4 e2d2 f4d3 f1d3 e4d5 d3h7 h8h7 f3e1 d5d4 e3d4 h7h4 g2g4 h4g4 d4e3 e7e5 e3a7 a8a7 e1d3 e5e4 h1e1 f8e7 e1e4 g4e4 f2f4 a7a4 d3e5 d7e5 f4e5 e4e5 d2d3 c8f5 d3d2 e7g5 d2d1 a4c4 a2a4 f7f6 a1a3 g5e3 d1e2 e8f7 e2f3 c4f4 f3g3 f5e4 c3c4 f4f3 g3h4 f3f4 h4h3 f4f3 h3h4 f3f4 h4g3 e5g5 g3h3 e4f5,Nxe4 Qa5+ Ke2 Nd7 Nf3 Qd5 Be3 Qxe4 c3 Ngf6 Qd2 Nd5 Qd3 Nf4+ Kd2 Nxd3 Bxd3 Qd5 Bxh7 Rxh7 Ne1 Qxd4+ Bxd4 Rh4 g4 Rxg4 Be3 e5 Bxa7 Rxa7 Nd3 e4 Rhe1 Be7 Rxe4 Rxe4 f4 Raa4 Ne5 Nxe5 fxe5 Rxe5 Kd3 Bf5+ Kd2 Bg5+ Kd1 Rc4 a4 f6 Ra3 Be3 Ke2 Kf7 Kf3 Rf4+ Kg3 Be4 c4 Rf3+ Kh4 Rf4+ Kh3 Rf3+ Kh4 Rf4+ Kg3 Rg5+ Kh3 Bf5#,e4 c6 d4 d5 Nc3 dxe4 Nxe4 Qa5+ Ke2 Nd7 Nf3 Qd5 Be3 Qxe4 c3 Ngf6 Qd2 Nd5 Qd3 Nf4+ Kd2 Nxd3 Bxd3 Qd5 Bxh7 Rxh7 Ne1 Qxd4+ Bxd4 Rh4 g4 Rxg4 Be3 e5 Bxa7 Rxa7 Nd3 e4 Rhe1 Be7 Rxe4 Rxe4 f4 Raa4 Ne5 Nxe5 fxe5 Rxe5 Kd3 Bf5+ Kd2 Bg5+ Kd1 Rc4 a4 f6 Ra3 Be3 Ke2 Kf7 Kf3 Rf4+ Kg3 Be4 c4 Rf3+ Kh4 Rf4+ Kh3 Rf3+ Kh4 Rf4+ Kg3 Rg5+ Kh3 Bf5#,8/1p3kp1/2p2p2/5br1/P1P2r2/R3b2K/1P5P/8 w - - 11 39,-100000,7.449587700000848,white,35,18484,528.1142857142858,1958,3.900000000000002,3.9036976999632316,0.11153421999894947,2.1714285714285713,3,0,35,12,12,11,3.9036976999632316,4.096302300036768,black,35,16280,465.14285714285717,1774,3.5000000000000018,3.5034298000391573,0.10009799428683307,1.9714285714285715,2,0,35,2,18,15,3.5034298000391573,4.496570199960843
20260805_000246,t100ms_caro_kann_defence_dynamic_black,caro_kann_defence,semi_open_game,e4 c6 d4 d5 Nc3 dxe4,rnbqkbnr/pp2pppp/2p5/8/3Pp3/2N5/PPP2PPP/R1BQKBNR w KQkq - 0 4,0.1,8.0,True,0-1,checkmate,1.0,64,70,c3e4 d8a5 e1e2 b8d7 g1f3 a5d5 c1e3 d5e4 c2c3 g8f6 d1d2 f6d5 a1e1 e7e6 b2b4 f8d6 f3e5 d7e5 d4e5 d5f4 e2d1 e4b1 d2c1 b1c1 e3c1 d6e5 e1e5 f4g6 e5e4 e8g8 f1d3 f8d8 c1d2 d8d3 d1c1 c8d7 d2g5 d3c3 c1b2 c3d3 e4e6 d7e6 h1e1 e6d5 e1e8 a8e8 g2g4 e8e2 b2b1 e2f2 a2a4 f2h2 a4a5 d3d1 g5c1 g6e5 g4g5 h2e2 a5a6 b7a6 g5g6 d5e4 b1a1 d1c1,Nxe4 Qa5+ Ke2 Nd7 Nf3 Qd5 Be3 Qxe4 c3 Ngf6 Qd2 Nd5 Re1 e6 b4 Bd6 Ne5 Nxe5 dxe5 Nf4+ Kd1 Qb1+ Qc1 Qxc1+ Bxc1 Bxe5 Rxe5 Ng6 Re4 O-O Bd3 Rd8 Bd2 Rxd3 Kc1 Bd7 Bg5 Rxc3+ Kb2 Rd3 Rxe6 Bxe6 Re1 Bd5 Re8+ Rxe8 g4 Re2+ Kb1 Rxf2 a4 Rxh2 a5 Rd1+ Bc1 Ne5 g5 Re2 a6 bxa6 g6 Be4+ Ka1 Rxc1#,e4 c6 d4 d5 Nc3 dxe4 Nxe4 Qa5+ Ke2 Nd7 Nf3 Qd5 Be3 Qxe4 c3 Ngf6 Qd2 Nd5 Re1 e6 b4 Bd6 Ne5 Nxe5 dxe5 Nf4+ Kd1 Qb1+ Qc1 Qxc1+ Bxc1 Bxe5 Rxe5 Ng6 Re4 O-O Bd3 Rd8 Bd2 Rxd3 Kc1 Bd7 Bg5 Rxc3+ Kb2 Rd3 Rxe6 Bxe6 Re1 Bd5 Re8+ Rxe8 g4 Re2+ Kb1 Rxf2 a4 Rxh2 a5 Rd1+ Bc1 Ne5 g5 Re2 a6 bxa6 g6 Be4+ Ka1 Rxc1#,6k1/p4ppp/p1p3P1/4n3/1P2b3/8/4r3/K1r5 w - - 0 36,-100000,7.6017559000029,black,32,21059,658.09375,2646,4.360000000000001,4.362672299990663,0.13633350937470823,2.125,3,0,32,3,13,16,4.362672299990663,3.6373277000093367,white,32,15185,474.53125,2128,3.2000000000000015,3.2038922000210732,0.10012163125065854,2.25,4,0,32,14,10,8,3.2038922000210732,4.796107799978927
20260805_000246,t100ms_queens_gambit_declined_dynamic_white,queens_gambit_declined,closed_game,d4 d5 c4 e6 Nc3 Nf6,rnbqkb1r/ppp2ppp/4pn2/3p4/2PP4/2N5/PP2PPPP/R1BQKBNR w KQkq - 2 4,0.1,8.0,True,1/2-1/2,threefold_repetition,0.5,122,128,d1a4 b7b5 a4b5 c7c6 b5a4 d5c4 a4c4 b8d7 c4c6 c8b7 c6b7 f8d6 g1f3 d6h2 h1h2 d7e5 d4e5 f6e4 b7e4 a8c8 e4a4 e8f8 a4b4 f8g8 h2h7 h8h7 b4d4 d8d4 f3d4 h7h4 d4e6 f7e6 e2e4 c8c5 c1f4 h4f4 c3e2 f4e4 a1d1 g8h7 f2f4 a7a5 d1d6 c5c1 e1f2 c1c5 e2g3 e4f4 f2e3 g7g5 d6d7 h7h6 f1d3 c5e5 e3d2 f4f2 d2d1 g5g4 d7h7 h6g5 h7h5 g5f6 h5e5 f6e5 g3e4 f2b2 g2g3 e5d4 a2a4 d4d3 e4c5 d3e3 c5e6 b2d2 d1c1 d2d5 c1b2 e3e4 e6f4 d5e5 b2c3 e4f3 c3d4 e5e4 d4d3 e4a4 f4e2 a4e4 e2g1 f3g2 d3e4 g2g1 e4f5 g1f2 f5f4 f2e2 f4g4 e2e3 g4f5 e3d4 f5e6 d4e4 e6d6 e4f3 d6e6 f3g3 e6f5 g3f3 f5e5 f3e3 e5d5 e3f4 d5d4 f4f5 d4d5 f5f6 d5d6 f6f5 d6d5 f5f6 d5d6 f6f5,Qa4+ b5 Qxb5+ c6 Qa4 dxc4 Qxc4 Nbd7 Qxc6 Bb7 Qxb7 Bd6 Nf3 Bxh2 Rxh2 Ne5 dxe5 Ne4 Qxe4 Rc8 Qa4+ Kf8 Qb4+ Kg8 Rxh7 Rxh7 Qd4 Qxd4 Nxd4 Rh4 Nxe6 fxe6 e4 Rc5 Bf4 Rxf4 Ne2 Rxe4 Rd1 Kh7 f4 a5 Rd6 Rc1+ Kf2 Rc5 Ng3 Rxf4+ Ke3 g5 Rd7+ Kh6 Bd3 Rxe5+ Kd2 Rf2+ Kd1 g4 Rh7+ Kg5 Rh5+ Kf6 Rxe5 Kxe5 Ne4 Rxb2 g3 Kd4 a4 Kxd3 Nc5+ Ke3 Nxe6 Rd2+ Kc1 Rd5 Kb2 Ke4 Nf4 Re5 Kc3 Kf3 Kd4 Re4+ Kd3 Rxa4 Ne2 Re4 Ng1+ Kg2 Kxe4 Kxg1 Kf5 Kf2 Kf4 Ke2 Kxg4 Ke3 Kf5 Kd4 Ke6 Ke4 Kd6 Kf3 Ke6 Kxg3 Kf5 Kf3 Ke5 Ke3 Kd5 Kf4 Kd4 Kf5 Kd5 Kf6 Kd6 Kf5 Kd5 Kf6 Kd6 Kf5,d4 d5 c4 e6 Nc3 Nf6 Qa4+ b5 Qxb5+ c6 Qa4 dxc4 Qxc4 Nbd7 Qxc6 Bb7 Qxb7 Bd6 Nf3 Bxh2 Rxh2 Ne5 dxe5 Ne4 Qxe4 Rc8 Qa4+ Kf8 Qb4+ Kg8 Rxh7 Rxh7 Qd4 Qxd4 Nxd4 Rh4 Nxe6 fxe6 e4 Rc5 Bf4 Rxf4 Ne2 Rxe4 Rd1 Kh7 f4 a5 Rd6 Rc1+ Kf2 Rc5 Ng3 Rxf4+ Ke3 g5 Rd7+ Kh6 Bd3 Rxe5+ Kd2 Rf2+ Kd1 g4 Rh7+ Kg5 Rh5+ Kf6 Rxe5 Kxe5 Ne4 Rxb2 g3 Kd4 a4 Kxd3 Nc5+ Ke3 Nxe6 Rd2+ Kc1 Rd5 Kb2 Ke4 Nf4 Re5 Kc3 Kf3 Kd4 Re4+ Kd3 Rxa4 Ne2 Re4 Ng1+ Kg2 Kxe4 Kxg1 Kf5 Kf2 Kf4 Ke2 Kxg4 Ke3 Kf5 Kd4 Ke6 Ke4 Kd6 Kf3 Ke6 Kxg3 Kf5 Kf3 Ke5 Ke3 Kd5 Kf4 Kd4 Kf5 Kd5 Kf6 Kd6 Kf5 Kd5 Kf6 Kd6 Kf5,8/8/3K4/p4k2/8/8/8/8 w - - 16 65,0,12.547887999986415,white,61,36367,596.1803278688525,5154,6.37999999999999,6.386025700034224,0.1046889459022004,2.5901639344262297,5,0,61,27,17,17,6.386025700034224,1.6139742999657756,black,61,38450,630.327868852459,5611,6.099999999999994,6.105879300026572,0.10009638196764872,2.737704918032787,4,0,61,19,18,24,6.105879300026572,1.8941206999734277
20260805_000246,t100ms_queens_gambit_declined_dynamic_black,queens_gambit_declined,closed_game,d4 d5 c4 e6 Nc3 Nf6,rnbqkb1r/ppp2ppp/4pn2/3p4/2PP4/2N5/PP2PPPP/R1BQKBNR w KQkq - 2 4,0.1,8.0,True,1/2-1/2,threefold_repetition,0.5,81,87,d1a4 b8c6 g1f3 b7b5 a4b5 d5c4 b5c6 c8d7 c6c4 f8e7 c4e6 d7e6 e2e4 d8d4 f3d4 e6d7 f1c4 f6e4 c3e4 e7b4 e1f1 d7e6 c4e6 f7e6 d4e6 e8d7 e6g7 h8e8 g7e8 a8e8 e4f6 d7d8 f6e8 d8e8 c1e3 a7a5 a1d1 c7c6 d1d4 b4c5 d4e4 c5e7 e3d4 e8d7 f2f3 e7d6 h2h4 h7h5 f1e2 d7c8 e2d3 a5a4 e4e8 c8d7 h1e1 d6f4 e8e7 d7d6 e1e4 f4g3 e7e6 d6d5 a2a3 c6c5 d4f6 c5c4 d3e3 g3c7 f6d4 c7g3 e3d2 g3c7 d2c2 c7g3 c2c3 g3e1 c3c2 e1g3 c2c3 g3e1 c3c2,Qa4+ Nc6 Nf3 b5 Qxb5 dxc4 Qxc6+ Bd7 Qxc4 Be7 Qxe6 Bxe6 e4 Qxd4 Nxd4 Bd7 Bc4 Nxe4 Nxe4 Bb4+ Kf1 Be6 Bxe6 fxe6 Nxe6 Kd7 Nxg7 Rhe8 Nxe8 Rxe8 Nf6+ Kd8 Nxe8 Kxe8 Be3 a5 Rd1 c6 Rd4 Bc5 Re4+ Be7 Bd4 Kd7 f3 Bd6 h4 h5 Ke2 Kc8 Kd3 a4 Re8+ Kd7 Rhe1 Bf4 R8e7+ Kd6 R1e4 Bg3 R7e6+ Kd5 a3 c5 Bf6 c4+ Ke3 Bc7 Bd4 Bg3 Kd2 Bc7 Kc2 Bg3 Kc3 Be1+ Kc2 Bg3 Kc3 Be1+ Kc2,d4 d5 c4 e6 Nc3 Nf6 Qa4+ Nc6 Nf3 b5 Qxb5 dxc4 Qxc6+ Bd7 Qxc4 Be7 Qxe6 Bxe6 e4 Qxd4 Nxd4 Bd7 Bc4 Nxe4 Nxe4 Bb4+ Kf1 Be6 Bxe6 fxe6 Nxe6 Kd7 Nxg7 Rhe8 Nxe8 Rxe8 Nf6+ Kd8 Nxe8 Kxe8 Be3 a5 Rd1 c6 Rd4 Bc5 Re4+ Be7 Bd4 Kd7 f3 Bd6 h4 h5 Ke2 Kc8 Kd3 a4 Re8+ Kd7 Rhe1 Bf4 R8e7+ Kd6 R1e4 Bg3 R7e6+ Kd5 a3 c5 Bf6 c4+ Ke3 Bc7 Bd4 Bg3 Kd2 Bc7 Kc2 Bg3 Kc3 Be1+ Kc2 Bg3 Kc3 Be1+ Kc2,8/8/4R3/3k3p/p1pBR2P/P4P2/1PK3P1/4b3 b - - 15 44,0,8.07443670000066,black,40,18748,468.7,2673,3.920000000000002,3.9241569000296295,0.09810392250074074,2.225,4,0,40,20,11,9,3.9241569000296295,4.0758430999703705,white,41,19858,484.3414634146341,2094,4.100000000000001,4.104655899936915,0.10011355853504672,2.048780487804878,4,0,41,7,21,13,4.104655899936915,3.8953441000630846
20260805_000246,t100ms_slav_defence_dynamic_white,slav_defence,closed_game,d4 d5 c4 c6 Nf3 Nf6,rnbqkb1r/pp2pppp/2p2n2/3p4/2PP4/5N2/PP2PPPP/RNBQKB1R w KQkq - 2 4,0.1,8.0,True,1-0,checkmate,1.0,19,25,b1c3 d5c4 c1f4 d8d4 d1d4 e7e5 d4e5 e8d7 a1d1 f6d5 c3d5 c6d5 d1d5 d7c6 f3d4 c6b6 e5c7 b6a6 c7a5,Nc3 dxc4 Bf4 Qxd4 Qxd4 e5 Qxe5+ Kd7 Rd1+ Nd5 Nxd5 cxd5 Rxd5+ Kc6 Nd4+ Kb6 Qc7+ Ka6 Qa5#,d4 d5 c4 c6 Nf3 Nf6 Nc3 dxc4 Bf4 Qxd4 Qxd4 e5 Qxe5+ Kd7 Rd1+ Nd5 Nxd5 cxd5 Rxd5+ Kc6 Nd4+ Kb6 Qc7+ Ka6 Qa5#,rnb2b1r/pp3ppp/k7/Q2R4/2pN1B2/8/PP2PPPP/4KB1R b K - 6 13,100000,2.4739359999948647,white,10,6630,663.0,682,1.56,1.5615140999725554,0.15615140999725555,2.0,3,0,10,2,0,8,1.5615140999725554,6.438485900027445,black,9,3734,414.8888888888889,524,0.8999999999999999,0.9012900999950944,0.10014334444389937,2.4444444444444446,3,0,9,2,1,6,0.9012900999950944,7.098709900004906
20260805_000246,t100ms_slav_defence_dynamic_black,slav_defence,closed_game,d4 d5 c4 c6 Nf3 Nf6,rnbqkb1r/pp2pppp/2p2n2/3p4/2PP4/5N2/PP2PPPP/RNBQKB1R w KQkq - 2 4,0.1,8.0,True,1-0,checkmate,0.0,21,27,b1c3 d5c4 c1f4 d8d4 d1d4 e7e5 d4e5 e8d7 a1d1 f6d5 c3d5 c6d5 d1d5 d7c6 f3d4 c6b6 d5b5 b6a6 b5a5 a6b6 e5c7,Nc3 dxc4 Bf4 Qxd4 Qxd4 e5 Qxe5+ Kd7 Rd1+ Nd5 Nxd5 cxd5 Rxd5+ Kc6 Nd4+ Kb6 Rb5+ Ka6 Ra5+ Kb6 Qc7#,d4 d5 c4 c6 Nf3 Nf6 Nc3 dxc4 Bf4 Qxd4 Qxd4 e5 Qxe5+ Kd7 Rd1+ Nd5 Nxd5 cxd5 Rxd5+ Kc6 Nd4+ Kb6 Rb5+ Ka6 Ra5+ Kb6 Qc7#,rnb2b1r/ppQ2ppp/1k6/R7/2pN1B2/8/PP2PPPP/4KB1R b K - 8 14,100000,2.596015700008138,black,10,6514,651.4,851,1.48,1.481528000003891,0.1481528000003891,2.8,4,0,10,2,1,7,1.481528000003891,6.518471999996109,white,11,4821,438.27272727272725,600,1.0999999999999999,1.1011792999779573,0.1001072090889052,2.0,2,0,11,2,0,9,1.1011792999779573,6.898820700022043
20260805_000246,t100ms_kings_indian_defence_dynamic_white,kings_indian_defence,indian_game,d4 Nf6 c4 g6 Nc3 Bg7,rnbqk2r/ppppppbp/5np1/8/2PP4/2N5/PP2PPPP/R1BQKBNR w KQkq - 2 4,0.1,8.0,True,1-0,checkmate,1.0,145,151,g1f3 b8c6 c1f4 e7e6 f4c7 d8c7 d1d3 c6d4 d3d4 c7c4 d4c4 e8g8 c4c8 a8c8 c3b5 f6e4 b5a7 c8c5 a7c6 b7c6 a1d1 g7b2 d1d7 b2c3 f3d2 e4d2 d7d2 c3d2 e1d2 f8d8 d2e3 c5e5 e3f4 d8d5 h2h4 e5f5 f4g3 f7f6 e2e4 f5f2 g3f2 d5d2 f2e3 d2a2 g2g4 a2a3 f1d3 e6e5 h1d1 a3c3 d1d2 g8f7 h4h5 g6g5 h5h6 f7e6 d2e2 c6c5 e2d2 c3b3 d2e2 b3c3 e2f2 c3b3 f2f5 b3c3 e3d2 c3b3 d3c4 e6d6 c4b3 d6e7 b3d5 c5c4 d5c4 e7d6 f5f6 d6e7 f6e6 e7f8 e6d6 f8e7 d6d5 e7f6 d2e3 f6e6 d5d4 e6e7 d4d5 e7e6 d5d4 e6e7 d4d2 e7f8 d2d6 f8e7 d6d2 e7e8 d2d7 e8d7 c4g8 d7e7 g8h7 e7f7 h7f5 f7e7 e3d3 e7d6 d3c4 d6c6 h6h7 c6c7 h7h8q c7d6 h8f6 d6c7 c4d5 c7b7 d5e5 b7c7 f6g5 c7b7 g5e3 b7c7 e3c5 c7d8 f5e6 d8e8 c5d4 e8f8 e6d5 f8e8 g4g5 e8d7 d4c5 d7e8 c5d4 e8f8 g5g6 f8e8 g6g7 e8d8 g7g8q d8e7 d4a7,Nf3 Nc6 Bf4 e6 Bxc7 Qxc7 Qd3 Nxd4 Qxd4 Qxc4 Qxc4 O-O Qxc8 Raxc8 Nb5 Ne4 Nxa7 Rc5 Nc6 bxc6 Rd1 Bxb2 Rxd7 Bc3+ Nd2 Nxd2 Rxd2 Bxd2+ Kxd2 Rd8+ Ke3 Re5+ Kf4 Rdd5 h4 Rf5+ Kg3 f6 e4 Rxf2 Kxf2 Rd2+ Ke3 Rxa2 g4 Ra3+ Bd3 e5 Rd1 Rc3 Rd2 Kf7 h5 g5 h6 Ke6 Re2 c5 Rd2 Rb3 Re2 Rc3 Rf2 Rb3 Rf5 Rc3 Kd2 Rb3 Bc4+ Kd6 Bxb3 Ke7 Bd5 c4 Bxc4 Kd6 Rxf6+ Ke7 Re6+ Kf8 Rd6 Ke7 Rd5 Kf6 Ke3 Ke6 Rd4+ Ke7 Rd5 Ke6 Rd4+ Ke7 Rd2 Kf8 Rd6 Ke7 Rd2 Ke8 Rd7 Kxd7 Bg8 Ke7 Bxh7 Kf7 Bf5 Ke7 Kd3 Kd6 Kc4 Kc6 h7 Kc7 h8=Q Kd6 Qf6+ Kc7 Kd5 Kb7 Kxe5 Kc7 Qxg5 Kb7 Qe3 Kc7 Qc5+ Kd8 Be6 Ke8 Qd4 Kf8 Bd5 Ke8 g5 Kd7 Qc5 Ke8 Qd4 Kf8 g6 Ke8 g7 Kd8 g8=Q+ Ke7 Qa7#,d4 Nf6 c4 g6 Nc3 Bg7 Nf3 Nc6 Bf4 e6 Bxc7 Qxc7 Qd3 Nxd4 Qxd4 Qxc4 Qxc4 O-O Qxc8 Raxc8 Nb5 Ne4 Nxa7 Rc5 Nc6 bxc6 Rd1 Bxb2 Rxd7 Bc3+ Nd2 Nxd2 Rxd2 Bxd2+ Kxd2 Rd8+ Ke3 Re5+ Kf4 Rdd5 h4 Rf5+ Kg3 f6 e4 Rxf2 Kxf2 Rd2+ Ke3 Rxa2 g4 Ra3+ Bd3 e5 Rd1 Rc3 Rd2 Kf7 h5 g5 h6 Ke6 Re2 c5 Rd2 Rb3 Re2 Rc3 Rf2 Rb3 Rf5 Rc3 Kd2 Rb3 Bc4+ Kd6 Bxb3 Ke7 Bd5 c4 Bxc4 Kd6 Rxf6+ Ke7 Re6+ Kf8 Rd6 Ke7 Rd5 Kf6 Ke3 Ke6 Rd4+ Ke7 Rd5 Ke6 Rd4+ Ke7 Rd2 Kf8 Rd6 Ke7 Rd2 Ke8 Rd7 Kxd7 Bg8 Ke7 Bxh7 Kf7 Bf5 Ke7 Kd3 Kd6 Kc4 Kc6 h7 Kc7 h8=Q Kd6 Qf6+ Kc7 Kd5 Kb7 Kxe5 Kc7 Qxg5 Kb7 Qe3 Kc7 Qc5+ Kd8 Be6 Ke8 Qd4 Kf8 Bd5 Ke8 g5 Kd7 Qc5 Ke8 Qd4 Kf8 g6 Ke8 g7 Kd8 g8=Q+ Ke7 Qa7#,6Q1/Q3k3/8/3BK3/4P3/8/8/8 b - - 2 76,100000,14.853636100000585,white,73,46295,634.1780821917808,5367,7.574326499974694,7.580668500013417,0.10384477397278653,2.356164383561644,4,0,73,23,31,19,7.580668500013417,0.41933149998658337,black,72,44652,620.1666666666666,4906,7.19999999999999,7.205589300006977,0.10007762916676358,2.6805555555555554,4,0,72,31,23,18,7.205589300006977,0.7944106999930227
20260805_000246,t100ms_kings_indian_defence_dynamic_black,kings_indian_defence,indian_game,d4 Nf6 c4 g6 Nc3 Bg7,rnbqk2r/ppppppbp/5np1/8/2PP4/2N5/PP2PPPP/R1BQKBNR w KQkq - 2 4,0.1,8.0,True,1-0,checkmate,0.0,153,159,g1f3 b8c6 c1f4 c6d4 d1d4 e7e5 d4e5 d8e7 e5e7 e8e7 f4c7 e7e8 c7e5 d7d5 c4d5 f6d5 e5g7 d5c3 g7h8 c3e4 h8e5 e4f2 e1f2 c8e6 a2a4 a8d8 e2e4 e8e7 f1e2 d8d4 f3d4 e6d7 a4a5 h7h6 e2c4 d7g4 c4f7 e7f7 f2e3 f7e8 h1f1 a7a6 a1a4 g6g5 a4c4 h6h5 c4c5 h5h4 c5d5 e8e7 f1f6 e7e8 b2b4 e8e7 f6f1 e7e8 f1f6 e8e7 h2h3 g4h5 f6e6 e7f7 e6f6 f7g8 f6e6 g8f8 d4f5 f8g8 e3d4 h5e2 e6e8 g8f7 e8e7 f7g6 e7b7 g6h5 b7e7 e2d1 e7e6 g5g4 h3g4 d1g4 e6h6 h5g5 e5f6 g5f4 f6e5 f4g5 e5f6 g5f4 f5h4 f4g3 f6e5 g3f2 h6a6 g4e2 a6f6 f2g1 f6f5 g1h1 g2g3 e2a6 h4f3 a6e2 f5h5 h1g2 f3e1 g2f2 h5h1 e2g4 e1d3 f2g2 h1h4 g4e6 d5d6 e6b3 d6c6 g2f3 c6f6 f3g2 f6f2 g2g1 f2f5 b3e6 f5f6 e6b3 f6c6 g1g2 b4b5 g2f3 c6f6 f3g2 f6f2 g2g1 f2f5 b3e6 f5f6 e6b3 f6c6 g1g2 h4h5 g2f3 h5f5 f3g2 f5f2 g2h3 c6h6 h3g4 h6h4 g4g5 f2f5 g5g6 d3f4,Nf3 Nc6 Bf4 Nxd4 Qxd4 e5 Qxe5+ Qe7 Qxe7+ Kxe7 Bxc7 Ke8 Be5 d5 cxd5 Nxd5 Bxg7 Nxc3 Bxh8 Ne4 Be5 Nxf2 Kxf2 Be6 a4 Rd8 e4 Ke7 Be2 Rd4 Nxd4 Bd7 a5 h6 Bc4 Bg4 Bxf7 Kxf7 Ke3 Ke8 Rhf1 a6 Ra4 g5 Rc4 h5 Rc5 h4 Rd5 Ke7 Rf6 Ke8 b4 Ke7 Rf1 Ke8 Rf6 Ke7 h3 Bh5 Re6+ Kf7 Rf6+ Kg8 Re6 Kf8 Nf5 Kg8 Kd4 Be2 Re8+ Kf7 Re7+ Kg6 Rxb7 Kh5 Re7 Bd1 Re6 g4 hxg4+ Bxg4 Rh6+ Kg5 Bf6+ Kf4 Be5+ Kg5 Bf6+ Kf4 Nxh4 Kg3 Be5+ Kf2 Rxa6 Be2 Rf6+ Kg1 Rf5 Kh1 g3 Ba6 Nf3 Be2 Rh5+ Kg2 Ne1+ Kf2 Rh1 Bg4 Nd3+ Kg2 Rh4 Be6 Rd6 Bb3 Rc6 Kf3 Rf6+ Kg2 Rf2+ Kg1 Rf5 Be6 Rf6 Bb3 Rc6 Kg2 b5 Kf3 Rf6+ Kg2 Rf2+ Kg1 Rf5 Be6 Rf6 Bb3 Rc6 Kg2 Rh5 Kf3 Rf5+ Kg2 Rf2+ Kh3 Rh6+ Kg4 Rh4+ Kg5 Rf5+ Kg6 Nf4#,d4 Nf6 c4 g6 Nc3 Bg7 Nf3 Nc6 Bf4 Nxd4 Qxd4 e5 Qxe5+ Qe7 Qxe7+ Kxe7 Bxc7 Ke8 Be5 d5 cxd5 Nxd5 Bxg7 Nxc3 Bxh8 Ne4 Be5 Nxf2 Kxf2 Be6 a4 Rd8 e4 Ke7 Be2 Rd4 Nxd4 Bd7 a5 h6 Bc4 Bg4 Bxf7 Kxf7 Ke3 Ke8 Rhf1 a6 Ra4 g5 Rc4 h5 Rc5 h4 Rd5 Ke7 Rf6 Ke8 b4 Ke7 Rf1 Ke8 Rf6 Ke7 h3 Bh5 Re6+ Kf7 Rf6+ Kg8 Re6 Kf8 Nf5 Kg8 Kd4 Be2 Re8+ Kf7 Re7+ Kg6 Rxb7 Kh5 Re7 Bd1 Re6 g4 hxg4+ Bxg4 Rh6+ Kg5 Bf6+ Kf4 Be5+ Kg5 Bf6+ Kf4 Nxh4 Kg3 Be5+ Kf2 Rxa6 Be2 Rf6+ Kg1 Rf5 Kh1 g3 Ba6 Nf3 Be2 Rh5+ Kg2 Ne1+ Kf2 Rh1 Bg4 Nd3+ Kg2 Rh4 Be6 Rd6 Bb3 Rc6 Kf3 Rf6+ Kg2 Rf2+ Kg1 Rf5 Be6 Rf6 Bb3 Rc6 Kg2 b5 Kf3 Rf6+ Kg2 Rf2+ Kg1 Rf5 Be6 Rf6 Bb3 Rc6 Kg2 Rh5 Kf3 Rf5+ Kg2 Rf2+ Kh3 Rh6+ Kg4 Rh4+ Kg5 Rf5+ Kg6 Nf4#,8/8/6k1/PP2BR2/3KPN1R/1b4P1/8/8 b - - 24 80,100000,15.561020199995255,black,76,38765,510.0657894736842,3990,7.751005500009624,7.7603510999906575,0.10210988289461391,2.3421052631578947,4,0,76,44,6,26,7.7603510999906575,0.23964890000934247,white,77,38206,496.1818181818182,3604,7.699999999999989,7.707900399938808,0.10010260259660789,1.974025974025974,2,0,77,12,50,15,7.707900399938808,0.2920996000611922
20260805_000246,t100ms_english_opening_dynamic_white,english_opening,flank_opening,c4 e5 Nc3 Nf6 g3 d5,rnbqkb1r/ppp2ppp/5n2/3pp3/2P5/2N3P1/PP1PPP1P/R1BQKBNR w KQkq - 0 4,0.1,8.0,True,1-0,checkmate,1.0,43,49,d1a4 b7b5 a4b5 c7c6 b5a4 d5c4 a4c4 d8d2 c1d2 b8d7 c4c6 c8b7 c6b7 a8d8 b7a7 d7b8 a7a4 e8e7 a4b4 e7e8 b4b5 e8e7 b5e5 e7d7 g1f3 f6g4 e5d5 f8d6 d5f7 d7c8 f7g7 h8e8 g7g4 c8b7 g4g7 b7c6 f3d4 c6c5 g7a7 c5b4 c3d5 b4c4 e2e4,Qa4+ b5 Qxb5+ c6 Qa4 dxc4 Qxc4 Qxd2+ Bxd2 Nbd7 Qxc6 Bb7 Qxb7 Rd8 Qxa7 Nb8 Qa4+ Ke7 Qb4+ Ke8 Qb5+ Ke7 Qxe5+ Kd7 Nf3 Ng4 Qd5+ Bd6 Qxf7+ Kc8 Qxg7 Rhe8 Qxg4+ Kb7 Qg7+ Kc6 Nd4+ Kc5 Qa7+ Kb4 Nd5+ Kc4 e4#,c4 e5 Nc3 Nf6 g3 d5 Qa4+ b5 Qxb5+ c6 Qa4 dxc4 Qxc4 Qxd2+ Bxd2 Nbd7 Qxc6 Bb7 Qxb7 Rd8 Qxa7 Nb8 Qa4+ Ke7 Qb4+ Ke8 Qb5+ Ke7 Qxe5+ Kd7 Nf3 Ng4 Qd5+ Bd6 Qxf7+ Kc8 Qxg7 Rhe8 Qxg4+ Kb7 Qg7+ Kc6 Nd4+ Kc5 Qa7+ Kb4 Nd5+ Kc4 e4#,1n1rr3/Q6p/3b4/3N4/2kNP3/6P1/PP1B1P1P/R3KB1R b KQ - 0 25,100000,5.5296643000037875,white,22,13703,622.8636363636364,1460,3.4000000000000012,3.4029658999788808,0.15468026818085823,2.0454545454545454,3,0,22,0,7,15,3.4029658999788808,4.597034100021119,black,21,8733,415.85714285714283,1502,2.1000000000000005,2.10272320000513,0.10012967619072047,2.2857142857142856,3,0,21,4,3,14,2.10272320000513,5.89727679999487
20260805_000246,t100ms_english_opening_dynamic_black,english_opening,flank_opening,c4 e5 Nc3 Nf6 g3 d5,rnbqkb1r/ppp2ppp/5n2/3pp3/2P5/2N3P1/PP1PPP1P/R1BQKBNR w KQkq - 0 4,0.1,8.0,True,0-1,checkmate,1.0,68,74,d1a4 c8d7 a4a5 d5c4 a5e5 d7e6 e5b5 b8c6 b5b7 f8c5 b7c6 f6d7 c6a8 d8a8 e2e4 d7e5 g1e2 e5f3 e1d1 c5f2 e4e5 f3e5 f1g2 a8g2 d2d4 g2h1 d1c2 e6f5 c3e4 h1e4 c2c3 e4d3 c3b4 d3e2 d4e5 e2e5 b4c4 e5d4 c4b3 f5e6 b3a3 d4d3 a3a4 d3e4 b2b4 e6d7 a4b3 d7e6 b3a4 e6d7 a4b3 e4d5 b3a3 f2d4 a1b1 f7f6 c1f4 d5f3 b1b3 f3e4 f4c7 d7e6 b3b1 e4b1 a3a4 b1a2 a4b5 e6d7,Qa4+ Bd7 Qa5 dxc4 Qxe5+ Be6 Qb5+ Nc6 Qxb7 Bc5 Qxc6+ Nd7 Qxa8 Qxa8 e4 Ne5 Nge2 Nf3+ Kd1 Bxf2 e5 Nxe5 Bg2 Qxg2 d4 Qxh1+ Kc2 Bf5+ Ne4 Qxe4+ Kc3 Qd3+ Kb4 Qxe2 dxe5 Qxe5 Kxc4 Qd4+ Kb3 Be6+ Ka3 Qd3+ Ka4 Qe4+ b4 Bd7+ Kb3 Be6+ Ka4 Bd7+ Kb3 Qd5+ Ka3 Bd4 Rb1 f6 Bf4 Qf3+ Rb3 Qe4 Bxc7 Be6 Rb1 Qxb1 Ka4 Qxa2+ Kb5 Bd7#,c4 e5 Nc3 Nf6 g3 d5 Qa4+ Bd7 Qa5 dxc4 Qxe5+ Be6 Qb5+ Nc6 Qxb7 Bc5 Qxc6+ Nd7 Qxa8 Qxa8 e4 Ne5 Nge2 Nf3+ Kd1 Bxf2 e5 Nxe5 Bg2 Qxg2 d4 Qxh1+ Kc2 Bf5+ Ne4 Qxe4+ Kc3 Qd3+ Kb4 Qxe2 dxe5 Qxe5 Kxc4 Qd4+ Kb3 Be6+ Ka3 Qd3+ Ka4 Qe4+ b4 Bd7+ Kb3 Be6+ Ka4 Bd7+ Kb3 Qd5+ Ka3 Bd4 Rb1 f6 Bf4 Qf3+ Rb3 Qe4 Bxc7 Be6 Rb1 Qxb1 Ka4 Qxa2+ Kb5 Bd7#,4k2r/p1Bb2pp/5p2/1K6/1P1b4/6P1/q6P/8 w k - 2 38,-100000,8.684175200003665,black,34,23410,688.5294117647059,2399,5.236513800024404,5.24038209997525,0.1541288852933897,2.1176470588235294,3,0,34,1,8,25,5.24038209997525,2.7596179000247503,white,34,14599,429.38235294117646,2633,3.4000000000000017,3.4046014999912586,0.10013533823503702,2.3529411764705883,3,0,34,6,7,21,3.4046014999912586,4.595398500008741
20260805_000246,t200ms_starting_position_dynamic_white,starting_position,starting_position,,rnbqkbnr/pppppppp/8/8/8/8/PPPPPPPP/RNBQKBNR w KQkq - 0 1,0.2,16.0,True,1-0,checkmate,1.0,81,81,g1f3 g8f6 b1c3 b8c6 e2e3 e7e6 f1d3 h7h5 h2h4 f8c5 b2b4 c6b4 d3c4 c7c6 e1e2 d8c7 c1b2 c7d6 d2d4 c5b6 c4e6 d7e6 e3e4 c8d7 d1d2 a7a5 d2g5 f6h7 g5h5 b4c2 a1d1 e6e5 d4e5 d6e6 d1d3 b6f2 e2f2 d7c8 c3e2 e6a2 b2c3 c8e6 h1d1 a2c4 d3d6 c4c5 f2g3 e6c4 d6d7 c5e3 d7b7 e3e2 d1d6 e2e4 f3d2 e4e3 h5f3 e3e1 g3g4 f7f5 e5f6 c2e3 g4f4 g7g5 h4g5 e3d5 d6d5 c6d5 f6f7 e8f8 c3g7 f8g7 f3c3 g7g6 c3c2 g6h5 g2g4 h5h4 d2f3 h4h3 c2h2,Nf3 Nf6 Nc3 Nc6 e3 e6 Bd3 h5 h4 Bc5 b4 Nxb4 Bc4 c6 Ke2 Qc7 Bb2 Qd6 d4 Bb6 Bxe6 dxe6 e4 Bd7 Qd2 a5 Qg5 Nh7 Qxh5 Nxc2 Rad1 e5 dxe5 Qe6 Rd3 Bxf2 Kxf2 Bc8 Ne2 Qxa2 Bc3 Be6 Rhd1 Qc4 Rd6 Qc5+ Kg3 Bc4 Rd7 Qe3 Rxb7 Qxe2 Rd6 Qxe4 Nd2 Qe3+ Qf3 Qe1+ Kg4 f5+ exf6 Ne3+ Kf4 g5+ hxg5 Nd5+ Rxd5 cxd5 f7+ Kf8 Bg7+ Kxg7 Qc3+ Kg6 Qc2+ Kh5 g4+ Kh4 Nf3+ Kh3 Qh2#,Nf3 Nf6 Nc3 Nc6 e3 e6 Bd3 h5 h4 Bc5 b4 Nxb4 Bc4 c6 Ke2 Qc7 Bb2 Qd6 d4 Bb6 Bxe6 dxe6 e4 Bd7 Qd2 a5 Qg5 Nh7 Qxh5 Nxc2 Rad1 e5 dxe5 Qe6 Rd3 Bxf2 Kxf2 Bc8 Ne2 Qxa2 Bc3 Be6 Rhd1 Qc4 Rd6 Qc5+ Kg3 Bc4 Rd7 Qe3 Rxb7 Qxe2 Rd6 Qxe4 Nd2 Qe3+ Qf3 Qe1+ Kg4 f5+ exf6 Ne3+ Kf4 g5+ hxg5 Nd5+ Rxd5 cxd5 f7+ Kf8 Bg7+ Kxg7 Qc3+ Kg6 Qc2+ Kh5 g4+ Kh4 Nf3+ Kh3 Qh2#,r6r/1R3P1n/8/p2p2P1/2b2KP1/5N1k/7Q/4q3 b - - 4 41,100000,19.379428200001712,white,41,41660,1016.0975609756098,5803,11.315440199975853,11.320236800020211,0.27610333658585884,2.4634146341463414,4,0,41,13,1,27,11.320236800020211,4.679763199979789,black,40,29547,738.675,4145,8.000000000000004,8.005166199960513,0.20012915499901282,2.3,4,0,40,7,9,24,8.005166199960513,7.994833800039487
20260805_000246,t200ms_starting_position_dynamic_black,starting_position,starting_position,,rnbqkbnr/pppppppp/8/8/8/8/PPPPPPPP/RNBQKBNR w KQkq - 0 1,0.2,16.0,False,*,max_plies_truncation,,160,160,g1f3 g8f6 b1c3 b8c6 e2e3 e7e6 f1d3 h7h5 h2h4 f8c5 b2b4 c6b4 d3c4 c7c6 e1e2 d8c7 c1b2 c7d6 d2d4 c5b6 e3e4 d6f4 f3e1 f4g4 f2f3 g4f4 e2f1 a7a5 g2g4 h5g4 e1g2 f4d6 f3g4 a5a4 g2e3 d6f4 f1e2 a8a5 e3g2 f4g4 e2f2 g4d1 a1d1 f6g4 f2f3 f7f5 e4f5 e6f5 h1e1 e8d8 g2f4 h8h4 d1d2 d7d6 d4d5 c6d5 c4e2 g4e5 f3g3 g7g5 f4g2 f5f4 g2f4 h4f4 e2h5 e5c4 e1e8 d8d7 e8c8 d7c8 d2e2 c4b2 e2e8 c8d7 h5g6 b6f2 g3g2 d5d4 c3e2 f4f6 g6h5 b4c2 e8e4 c2e3 g2h3 e3d5 h5g4 d7c7 e2d4 f2d4 e4d4 f6h6 h3g3 d5e3 g4h3 a5e5 h3g2 e3g2 g3g2 e5e2 g2f3 e2e5 f3g2 e5e2 g2f3 h6e6 f3g4 e2g2 g4f3 g2e2 f3g4 e2e3 g4g5 e6e5 g5f4 b7b6 f4g4 c7b7 g4f4 b7b8 d4d6 b2d3 f4g4 e3e4 g4g3 e5g5 g3f3 e4f4 f3e3 g5g3 e3d2 f4f2 d2c3 d3e5 c3d4 e5f3 d4e3 f2a2 d6b6 b8c7 b6e6 f3g5 e3f4 g5e6 f4g3 a2d2 g3f3 d2d4 f3f2 c7c6 f2f3 c6d5 f3e3 d4e4 e3d2 e6d4 d2d3 d4b5 d3d2 b5d4,Nf3 Nf6 Nc3 Nc6 e3 e6 Bd3 h5 h4 Bc5 b4 Nxb4 Bc4 c6 Ke2 Qc7 Bb2 Qd6 d4 Bb6 e4 Qf4 Ne1 Qg4+ f3 Qf4 Kf1 a5 g4 hxg4 Ng2 Qd6 fxg4 a4 Ne3 Qf4+ Ke2 Ra5 Ng2 Qxg4+ Kf2 Qxd1 Raxd1 Ng4+ Kf3 f5 exf5 exf5 Rhe1+ Kd8 Nf4 Rxh4 Rd2 d6 d5 cxd5 Be2 Ne5+ Kg3 g5 Ng2 f4+ Nxf4 Rxf4 Bh5 Nc4 Re8+ Kd7 Rxc8 Kxc8 Re2 Nxb2 Re8+ Kd7 Bg6 Bf2+ Kg2 d4 Ne2 Rf6 Bh5 Nxc2 Re4 Ne3+ Kh3 Nd5 Bg4+ Kc7 Nxd4 Bxd4 Rxd4 Rh6+ Kg3 Ne3 Bh3 Re5 Bg2 Nxg2 Kxg2 Re2+ Kf3 Re5 Kg2 Re2+ Kf3 Rhe6 Kg4 Rg2+ Kf3 Rge2 Kg4 R2e3 Kxg5 R6e5+ Kf4 b6 Kg4 Kb7 Kf4 Kb8 Rxd6 Nd3+ Kg4 R3e4+ Kg3 Rg5+ Kf3 Rf4+ Ke3 Rg3+ Kd2 Rf2+ Kc3 Ne5+ Kd4 Nf3+ Ke3 Rxa2 Rxb6+ Kc7 Re6 Ng5+ Kf4 Nxe6+ Kxg3 Rd2 Kf3 Rd4 Kf2 Kc6 Kf3 Kd5 Ke3 Re4+ Kd2 Nd4 Kd3 Nb5 Kd2 Nd4,Nf3 Nf6 Nc3 Nc6 e3 e6 Bd3 h5 h4 Bc5 b4 Nxb4 Bc4 c6 Ke2 Qc7 Bb2 Qd6 d4 Bb6 e4 Qf4 Ne1 Qg4+ f3 Qf4 Kf1 a5 g4 hxg4 Ng2 Qd6 fxg4 a4 Ne3 Qf4+ Ke2 Ra5 Ng2 Qxg4+ Kf2 Qxd1 Raxd1 Ng4+ Kf3 f5 exf5 exf5 Rhe1+ Kd8 Nf4 Rxh4 Rd2 d6 d5 cxd5 Be2 Ne5+ Kg3 g5 Ng2 f4+ Nxf4 Rxf4 Bh5 Nc4 Re8+ Kd7 Rxc8 Kxc8 Re2 Nxb2 Re8+ Kd7 Bg6 Bf2+ Kg2 d4 Ne2 Rf6 Bh5 Nxc2 Re4 Ne3+ Kh3 Nd5 Bg4+ Kc7 Nxd4 Bxd4 Rxd4 Rh6+ Kg3 Ne3 Bh3 Re5 Bg2 Nxg2 Kxg2 Re2+ Kf3 Re5 Kg2 Re2+ Kf3 Rhe6 Kg4 Rg2+ Kf3 Rge2 Kg4 R2e3 Kxg5 R6e5+ Kf4 b6 Kg4 Kb7 Kf4 Kb8 Rxd6 Nd3+ Kg4 R3e4+ Kg3 Rg5+ Kf3 Rf4+ Ke3 Rg3+ Kd2 Rf2+ Kc3 Ne5+ Kd4 Nf3+ Ke3 Rxa2 Rxb6+ Kc7 Re6 Ng5+ Kf4 Nxe6+ Kxg3 Rd2 Kf3 Rd4 Kf2 Kc6 Kf3 Kd5 Ke3 Re4+ Kd2 Nd4 Kd3 Nb5 Kd2 Nd4,8/8/8/3k4/p2nr3/8/3K4/8 w - - 15 81,-1083,32.089689800006454,black,80,70844,885.55,7290,15.991697899929097,16.000112500056275,0.20000140625070345,2.2,3,0,80,7,39,34,16.0,0.0,white,80,79014,987.675,10514,15.99074929997439,16.000010300034774,0.20000012875043466,2.7,5,0,80,20,19,41,16.0,0.0
20260805_000246,t200ms_open_game_dynamic_white,open_game,open_game,e4 e5,rnbqkbnr/pppp1ppp/8/4p3/4P3/8/PPPP1PPP/RNBQKBNR w KQkq - 0 2,0.2,16.0,True,0-1,checkmate,0.0,112,114,b1c3 b8c6 g1f3 g8f6 d2d4 e5d4 c3b5 f8b4 c2c3 d4c3 b2c3 f6e4 c3b4 c6b4 d1d4 b4c2 e1e2 c2d4 f3d4 c7c5 d4f5 g7g6 f5g7 e8f8 c1b2 d7d5 f2f3 e4g5 f3f4 c8g4 e2e3 g5e4 b2e5 f8g8 f1d3 e4f2 e3f2 d8h4 g2g3 h4e7 e5c3 a8d8 b5a7 d8d6 a7b5 d6c6 d3g6 h7g6 h2h4 e7e2 f2g1 e2b5 a1e1 g8h7 c3e5 b5d3 h1h2 d3g3 g1f1 g3h2 e1c1 h2e2 f1g1 e2e3 g1g2 e3c1 g7f5 c1d2 g2g3 g6f5 e5h8 h7h8 a2a4 d2d4 h4h5 g4h5 a4a5 c6e6 g3h4 h5f3 h4g3 f3e4 g3h4 h8g8 h4h5 g8h7 h5g5 f7f6 g5h4 h7g7 h4h5 e4f3 h5h4 d4f4 h4h3 f4d4 h3g3 e6e3 g3f2 g7f7 f2g3 f7e6 g3f2 e6e5 f2g3 f3e4 g3h4 f5f4 h4g4 e4f5 g4h5 e3h3,Nc3 Nc6 Nf3 Nf6 d4 exd4 Nb5 Bb4+ c3 dxc3 bxc3 Nxe4 cxb4 Nxb4 Qd4 Nc2+ Ke2 Nxd4+ Nfxd4 c5 Nf5 g6 Ng7+ Kf8 Bb2 d5 f3 Ng5 f4 Bg4+ Ke3 Ne4 Be5 Kg8 Bd3 Nf2 Kxf2 Qh4+ g3 Qe7 Bc3 Rd8 Nxa7 Rd6 Nb5 Rc6 Bxg6 hxg6 h4 Qe2+ Kg1 Qxb5 Re1 Kh7 Be5 Qd3 Rh2 Qxg3+ Kf1 Qxh2 Rc1 Qe2+ Kg1 Qe3+ Kg2 Qxc1 Nf5 Qd2+ Kg3 gxf5 Bxh8 Kxh8 a4 Qd4 h5 Bxh5 a5 Re6 Kh4 Bf3 Kg3 Be4 Kh4 Kg8 Kh5 Kh7 Kg5 f6+ Kh4 Kg7 Kh5 Bf3+ Kh4 Qxf4+ Kh3 Qd4 Kg3 Re3 Kf2 Kf7 Kg3 Ke6 Kf2 Ke5 Kg3 Be4+ Kh4 f4 Kg4 Bf5+ Kh5 Rh3#,e4 e5 Nc3 Nc6 Nf3 Nf6 d4 exd4 Nb5 Bb4+ c3 dxc3 bxc3 Nxe4 cxb4 Nxb4 Qd4 Nc2+ Ke2 Nxd4+ Nfxd4 c5 Nf5 g6 Ng7+ Kf8 Bb2 d5 f3 Ng5 f4 Bg4+ Ke3 Ne4 Be5 Kg8 Bd3 Nf2 Kxf2 Qh4+ g3 Qe7 Bc3 Rd8 Nxa7 Rd6 Nb5 Rc6 Bxg6 hxg6 h4 Qe2+ Kg1 Qxb5 Re1 Kh7 Be5 Qd3 Rh2 Qxg3+ Kf1 Qxh2 Rc1 Qe2+ Kg1 Qe3+ Kg2 Qxc1 Nf5 Qd2+ Kg3 gxf5 Bxh8 Kxh8 a4 Qd4 h5 Bxh5 a5 Re6 Kh4 Bf3 Kg3 Be4 Kh4 Kg8 Kh5 Kh7 Kg5 f6+ Kh4 Kg7 Kh5 Bf3+ Kh4 Qxf4+ Kh3 Qd4 Kg3 Re3 Kf2 Kf7 Kg3 Ke6 Kf2 Ke5 Kg3 Be4+ Kh4 f4 Kg4 Bf5+ Kh5 Rh3#,8/1p6/5p2/P1ppkb1K/3q1p2/7r/8/8 w - - 4 58,-100000,23.59894290000375,white,56,61456,1097.4285714285713,6847,12.319999999999988,12.327043899902492,0.22012578392683022,2.7142857142857144,4,0,56,22,16,18,12.327043899902492,3.672956100097508,black,56,57815,1032.4107142857142,4481,11.199999999999992,11.206357400064007,0.200113525001143,2.0714285714285716,3,0,56,5,32,19,11.206357400064007,4.793642599935993
20260805_000246,t200ms_open_game_dynamic_black,open_game,open_game,e4 e5,rnbqkbnr/pppp1ppp/8/4p3/4P3/8/PPPP1PPP/RNBQKBNR w KQkq - 0 2,0.2,16.0,True,1/2-1/2,threefold_repetition,0.5,65,67,b1c3 b8c6 g1f3 g8f6 d2d4 e5d4 c3b5 f8b4 c2c3 d4c3 b2c3 f6e4 c3b4 c6b4 d1d4 b4c2 e1e2 c2d4 f3d4 c7c5 d4f5 g7g6 f5g7 e8f8 c1b2 d7d5 f2f3 e4g5 f3f4 c8g4 e2e3 g5e4 b2e5 f8g8 f1d3 e4f2 e3f2 d8h4 g2g3 h4e7 e5c3 a8d8 b5a7 d8d6 a7b5 d6c6 f2f1 g4h3 f1f2 h3g4 f2f1 e7e3 d3f5 g6f5 h2h4 e3f3 f1g1 f3g3 g1f1 g3f3 f1g1 f3g3 g1f1 g3f3 f1g1,Nc3 Nc6 Nf3 Nf6 d4 exd4 Nb5 Bb4+ c3 dxc3 bxc3 Nxe4 cxb4 Nxb4 Qd4 Nc2+ Ke2 Nxd4+ Nfxd4 c5 Nf5 g6 Ng7+ Kf8 Bb2 d5 f3 Ng5 f4 Bg4+ Ke3 Ne4 Be5 Kg8 Bd3 Nf2 Kxf2 Qh4+ g3 Qe7 Bc3 Rd8 Nxa7 Rd6 Nb5 Rc6 Kf1 Bh3+ Kf2 Bg4 Kf1 Qe3 Bf5 gxf5 h4 Qf3+ Kg1 Qxg3+ Kf1 Qf3+ Kg1 Qg3+ Kf1 Qf3+ Kg1,e4 e5 Nc3 Nc6 Nf3 Nf6 d4 exd4 Nb5 Bb4+ c3 dxc3 bxc3 Nxe4 cxb4 Nxb4 Qd4 Nc2+ Ke2 Nxd4+ Nfxd4 c5 Nf5 g6 Ng7+ Kf8 Bb2 d5 f3 Ng5 f4 Bg4+ Ke3 Ne4 Be5 Kg8 Bd3 Nf2 Kxf2 Qh4+ g3 Qe7 Bc3 Rd8 Nxa7 Rd6 Nb5 Rc6 Kf1 Bh3+ Kf2 Bg4 Kf1 Qe3 Bf5 gxf5 h4 Qf3+ Kg1 Qxg3+ Kf1 Qf3+ Kg1 Qg3+ Kf1 Qf3+ Kg1,6kr/1p3pNp/2r5/1Npp1p2/5PbP/2B2q2/P7/R5KR b - - 7 34,0,15.045900199998869,black,32,35223,1100.71875,4980,8.400000000000002,8.403905599974678,0.2626220499992087,2.3125,4,0,32,3,15,14,8.403905599974678,7.596094400025322,white,33,27261,826.0909090909091,3110,6.600000000000003,6.604167399986181,0.2001262848480661,2.4545454545454546,4,0,33,8,11,14,6.604167399986181,9.395832600013819
20260805_000246,t200ms_italian_game_dynamic_white,italian_game,open_game,e4 e5 Nf3 Nc6 Bc4 Bc5,r1bqk1nr/pppp1ppp/2n5/2b1p3/2B1P3/5N2/PPPP1PPP/RNBQK2R w KQkq - 4 4,0.2,16.0,True,0-1,checkmate,0.0,58,64,e1e2 g8f6 b1c3 d7d5 e4d5 c6b4 c4b5 c7c6 d5c6 b7c6 b5c4 c8f5 f3e5 e8f8 c4f7 d8e7 f7e6 e7e6 c3e4 e6e5 d2d4 e5e4 c1e3 f5g4 f2f3 g4f3 g2f3 e4d5 c2c4 d5c4 e2f2 c5d6 f3f4 f6e4 f2f3 a8e8 h1g1 b4d5 e3c1 e8e6 g1g4 h7h5 g4g2 h8h6 h2h4 h6f6 b2b4 d6b4 a1b1 c4c3 f3e2 c3c4 e2f3 c4c3 f3e2 e4d2 e2f2 c3e3,Ke2 Nf6 Nc3 d5 exd5 Nb4 Bb5+ c6 dxc6 bxc6 Bc4 Bf5 Nxe5 Kf8 Bxf7 Qe7 Be6 Qxe6 Ne4 Qxe5 d4 Qxe4+ Be3 Bg4+ f3 Bxf3+ gxf3 Qd5 c4 Qxc4+ Kf2 Bd6 f4 Ne4+ Kf3 Re8 Rg1 Nd5 Bc1 Re6 Rg4 h5 Rg2 Rhh6 h4 Rhf6 b4 Bxb4 Rb1 Qc3+ Ke2 Qc4+ Kf3 Qc3+ Ke2 Nd2+ Kf2 Qe3#,e4 e5 Nf3 Nc6 Bc4 Bc5 Ke2 Nf6 Nc3 d5 exd5 Nb4 Bb5+ c6 dxc6 bxc6 Bc4 Bf5 Nxe5 Kf8 Bxf7 Qe7 Be6 Qxe6 Ne4 Qxe5 d4 Qxe4+ Be3 Bg4+ f3 Bxf3+ gxf3 Qd5 c4 Qxc4+ Kf2 Bd6 f4 Ne4+ Kf3 Re8 Rg1 Nd5 Bc1 Re6 Rg4 h5 Rg2 Rhh6 h4 Rhf6 b4 Bxb4 Rb1 Qc3+ Ke2 Qc4+ Kf3 Qc3+ Ke2 Nd2+ Kf2 Qe3#,5k2/p5p1/2p1rr2/3n3p/1b1P1P1P/4q3/P2n1KR1/1RBQ4 w - - 10 33,-100000,12.845769200008363,white,29,27356,943.3103448275862,2933,7.000000000000003,7.003797800018219,0.2415102689661455,2.310344827586207,3,0,29,9,8,12,7.003797800018219,8.99620219998178,black,29,22748,784.4137931034483,2213,5.8000000000000025,5.803348299959907,0.20011545861930716,2.0344827586206895,3,0,29,0,2,27,5.803348299959907,10.196651700040093
20260805_000246,t200ms_italian_game_dynamic_black,italian_game,open_game,e4 e5 Nf3 Nc6 Bc4 Bc5,r1bqk1nr/pppp1ppp/2n5/2b1p3/2B1P3/5N2/PPPP1PPP/RNBQK2R w KQkq - 4 4,0.2,16.0,True,0-1,checkmate,1.0,58,64,e1e2 g8f6 b1c3 d7d5 e4d5 c6b4 c4b5 c7c6 d5c6 b7c6 b5c4 c8f5 f3e5 e8f8 c4f7 d8e7 f7e6 e7e6 c3e4 e6e5 d2d4 e5e4 c1e3 f5g4 f2f3 g4f3 g2f3 e4d5 c2c4 d5c4 e2f2 c5d6 f3f4 f6e4 f2f3 a8e8 h1g1 b4d5 e3c1 e8e6 g1g4 h7h5 g4g2 h8h6 h2h4 h6f6 b2b4 d6b4 a1b1 c4c3 f3e2 c3c4 e2f3 c4c3 f3e2 e4d2 e2f2 c3e3,Ke2 Nf6 Nc3 d5 exd5 Nb4 Bb5+ c6 dxc6 bxc6 Bc4 Bf5 Nxe5 Kf8 Bxf7 Qe7 Be6 Qxe6 Ne4 Qxe5 d4 Qxe4+ Be3 Bg4+ f3 Bxf3+ gxf3 Qd5 c4 Qxc4+ Kf2 Bd6 f4 Ne4+ Kf3 Re8 Rg1 Nd5 Bc1 Re6 Rg4 h5 Rg2 Rhh6 h4 Rhf6 b4 Bxb4 Rb1 Qc3+ Ke2 Qc4+ Kf3 Qc3+ Ke2 Nd2+ Kf2 Qe3#,e4 e5 Nf3 Nc6 Bc4 Bc5 Ke2 Nf6 Nc3 d5 exd5 Nb4 Bb5+ c6 dxc6 bxc6 Bc4 Bf5 Nxe5 Kf8 Bxf7 Qe7 Be6 Qxe6 Ne4 Qxe5 d4 Qxe4+ Be3 Bg4+ f3 Bxf3+ gxf3 Qd5 c4 Qxc4+ Kf2 Bd6 f4 Ne4+ Kf3 Re8 Rg1 Nd5 Bc1 Re6 Rg4 h5 Rg2 Rhh6 h4 Rhf6 b4 Bxb4 Rb1 Qc3+ Ke2 Qc4+ Kf3 Qc3+ Ke2 Nd2+ Kf2 Qe3#,5k2/p5p1/2p1rr2/3n3p/1b1P1P1P/4q3/P2n1KR1/1RBQ4 w - - 10 33,-100000,15.719116799999028,black,29,39002,1344.896551724138,3473,9.876436700012418,9.880066599973361,0.34069195172321937,2.1379310344827585,3,0,29,0,2,27,9.880066599973361,6.119933400026639,white,29,22397,772.3103448275862,3239,5.8000000000000025,5.804167400026927,0.20014370344920437,2.2758620689655173,3,0,29,9,8,12,5.804167400026927,10.195832599973073
20260805_000246,t200ms_ruy_lopez_dynamic_white,ruy_lopez,open_game,e4 e5 Nf3 Nc6 Bb5 a6,r1bqkbnr/1ppp1ppp/p1n5/1B2p3/4P3/5N2/PPPP1PPP/RNBQK2R w KQkq - 0 4,0.2,16.0,True,0-1,checkmate,0.0,94,100,b5c6 d7c6 f3e5 d8d4 e5f3 d4e4 d1e2 g8f6 b1c3 e4e2 e1e2 c8f5 d2d4 f5c2 c1f4 f8b4 f4c7 c2f5 c3a4 f6d5 c7e5 a8d8 e5g7 d5f4 e2d1 h8g8 g7e5 f4g2 d1e2 d8d5 e5f6 g2f4 e2e3 f4g2 e3e2 g2f4 e2e3 g8g4 a4b6 f4g2 e3e2 g4e4 e2f1 g2e3 f2e3 f5h3 f1e2 d5f5 e2d3 e4g4 e3e4 f5f3 d3c4 f3f6 c4b4 g4e4 h1e1 a6a5 b4a4 f6e6 a4a5 e4e1 a1e1 e6e1 b6c4 e8d8 c4e5 b7b6 a5b6 h3g2 h2h4 g2d5 e5c6 d8d7 c6e5 d7d6 e5d3 e1e4 b2b4 e4d4 d3c5 d4b4 b6a7 d6c5 h4h5 d5a2 a7a6 b4h4 h5h6 a2d5 a6a5 h4h6 a5a4 h6a6,Bxc6 dxc6 Nxe5 Qd4 Nf3 Qxe4+ Qe2 Nf6 Nc3 Qxe2+ Kxe2 Bf5 d4 Bxc2 Bf4 Bb4 Bxc7 Bf5 Na4 Nd5 Be5 Rd8 Bxg7 Nf4+ Kd1 Rg8 Be5 Nxg2 Ke2 Rd5 Bf6 Nf4+ Ke3 Ng2+ Ke2 Nf4+ Ke3 Rg4 Nb6 Ng2+ Ke2 Re4+ Kf1 Ne3+ fxe3 Bh3+ Ke2 Rf5 Kd3 Rg4 e4 Rxf3+ Kc4 Rxf6 Kxb4 Rxe4 Rhe1 a5+ Ka4 Rfe6 Kxa5 Rxe1 Rxe1 Rxe1 Nc4 Kd8 Ne5 b6+ Kxb6 Bg2 h4 Bd5 Nxc6+ Kd7 Ne5+ Kd6 Nd3 Re4 b4 Rxd4 Nc5 Rxb4+ Ka7 Kxc5 h5 Bxa2 Ka6 Rh4 h6 Bd5 Ka5 Rxh6 Ka4 Ra6#,e4 e5 Nf3 Nc6 Bb5 a6 Bxc6 dxc6 Nxe5 Qd4 Nf3 Qxe4+ Qe2 Nf6 Nc3 Qxe2+ Kxe2 Bf5 d4 Bxc2 Bf4 Bb4 Bxc7 Bf5 Na4 Nd5 Be5 Rd8 Bxg7 Nf4+ Kd1 Rg8 Be5 Nxg2 Ke2 Rd5 Bf6 Nf4+ Ke3 Ng2+ Ke2 Nf4+ Ke3 Rg4 Nb6 Ng2+ Ke2 Re4+ Kf1 Ne3+ fxe3 Bh3+ Ke2 Rf5 Kd3 Rg4 e4 Rxf3+ Kc4 Rxf6 Kxb4 Rxe4 Rhe1 a5+ Ka4 Rfe6 Kxa5 Rxe1 Rxe1 Rxe1 Nc4 Kd8 Ne5 b6+ Kxb6 Bg2 h4 Bd5 Nxc6+ Kd7 Ne5+ Kd6 Nd3 Re4 b4 Rxd4 Nc5 Rxb4+ Ka7 Kxc5 h5 Bxa2 Ka6 Rh4 h6 Bd5 Ka5 Rxh6 Ka4 Ra6#,8/5p1p/r7/2kb4/K7/8/8/8 w - - 2 51,-100000,19.90056330000516,white,47,51627,1098.4468085106382,7190,10.439999999999996,10.444166999994195,0.22221631914881265,2.702127659574468,5,0,47,19,12,16,10.444166999994195,5.555833000005805,black,47,48149,1024.4468085106382,7162,9.399999999999999,9.405865599997924,0.20012479999995583,2.4680851063829787,4,0,47,3,22,22,9.405865599997924,6.594134400002076
20260805_000246,t200ms_ruy_lopez_dynamic_black,ruy_lopez,open_game,e4 e5 Nf3 Nc6 Bb5 a6,r1bqkbnr/1ppp1ppp/p1n5/1B2p3/4P3/5N2/PPPP1PPP/RNBQK2R w KQkq - 0 4,0.2,16.0,False,*,max_plies_truncation,,160,166,b5c6 d7c6 f3e5 d8d4 e5f3 d4e4 d1e2 g8f6 b1c3 e4e2 e1e2 c8f5 d2d4 f5c2 c1f4 f8b4 f4c7 c2f5 c3a4 f6d5 c7e5 a8d8 e5g7 d5f4 e2d1 h8g8 g7e5 f4g2 d1e2 d8d5 e5f6 g2f4 e2e3 f4g2 e3e2 g2f4 e2e3 g8g4 a4b6 f4g2 e3e2 g4e4 e2f1 g2e3 f2e3 f5h3 f1e2 d5f5 e2d3 e4g4 a1c1 f5f6 f3e5 g4g5 e5c4 h3f5 e3e4 f5e6 c4e3 e6a2 h1d1 a2e6 h2h4 g5g3 b6d5 c6d5 e4d5 e6d5 c1c7 e8d8 c7b7 d5b7 d1a1 b7d5 a1a4 b4d6 a4a6 h7h5 b2b4 d8c8 a6b6 g3e3 d3e3 d6f4 e3d3 f6b6 d3c3 b6e6 c3d3 f7f5 d3c3 e6e3 c3d2 c8d7 b4b5 d7d6 d2c2 d6d7 c2d2 d7d6 d2c2 e3e4 c2c3 f4e3 c3c2 e3d4 c2d2 e4h4 d2e2 h4e4 e2d3 d6e5 d3d2 e4e3 d2c2 h5h4 c2d2 e5d6 d2c2 d6e5 c2d2 f5f4 d2c2 e5f5 c2d2 f5e5 d2c2 h4h3 c2d2 h3h2 d2c2 h2h1q c2d2 h1e4 d2d1 e3c3 d1d2 e5d6 d2d1 d6e5 d1d2 c3d3 d2c2 e5d6 c2c1 d6e5 c1c2 e5d6 c2c1 d3g3 c1d2 g3g5 d2d1 g5e5 d1d2 d5c4 b5b6 d4b6 d2c3 b6c5,Bxc6 dxc6 Nxe5 Qd4 Nf3 Qxe4+ Qe2 Nf6 Nc3 Qxe2+ Kxe2 Bf5 d4 Bxc2 Bf4 Bb4 Bxc7 Bf5 Na4 Nd5 Be5 Rd8 Bxg7 Nf4+ Kd1 Rg8 Be5 Nxg2 Ke2 Rd5 Bf6 Nf4+ Ke3 Ng2+ Ke2 Nf4+ Ke3 Rg4 Nb6 Ng2+ Ke2 Re4+ Kf1 Ne3+ fxe3 Bh3+ Ke2 Rf5 Kd3 Rg4 Rac1 Rxf6 Ne5 Rg5 Nec4 Bf5+ e4 Be6 Ne3 Bxa2 Rhd1 Be6 h4 Rg3 Nd5 cxd5 exd5 Bxd5 Rc7 Kd8 Rxb7 Bxb7 Ra1 Bd5 Ra4 Bd6 Rxa6 h5 b4 Kc8 Rb6 Rxe3+ Kxe3 Bf4+ Kd3 Rxb6 Kc3 Re6 Kd3 f5 Kc3 Re3+ Kd2 Kd7 b5 Kd6 Kc2 Kd7 Kd2 Kd6 Kc2 Re4 Kc3 Be3 Kc2 Bxd4 Kd2 Rxh4 Ke2 Re4+ Kd3 Ke5 Kd2 Re3 Kc2 h4 Kd2 Kd6 Kc2 Ke5 Kd2 f4 Kc2 Kf5 Kd2 Ke5 Kc2 h3 Kd2 h2 Kc2 h1=Q Kd2 Qe4 Kd1 Rc3 Kd2 Kd6 Kd1 Ke5 Kd2 Rd3+ Kc2 Kd6 Kc1 Ke5 Kc2 Kd6 Kc1 Rg3 Kd2 Rg5 Kd1 Re5 Kd2 Bc4 b6 Bxb6 Kc3 Bc5,e4 e5 Nf3 Nc6 Bb5 a6 Bxc6 dxc6 Nxe5 Qd4 Nf3 Qxe4+ Qe2 Nf6 Nc3 Qxe2+ Kxe2 Bf5 d4 Bxc2 Bf4 Bb4 Bxc7 Bf5 Na4 Nd5 Be5 Rd8 Bxg7 Nf4+ Kd1 Rg8 Be5 Nxg2 Ke2 Rd5 Bf6 Nf4+ Ke3 Ng2+ Ke2 Nf4+ Ke3 Rg4 Nb6 Ng2+ Ke2 Re4+ Kf1 Ne3+ fxe3 Bh3+ Ke2 Rf5 Kd3 Rg4 Rac1 Rxf6 Ne5 Rg5 Nec4 Bf5+ e4 Be6 Ne3 Bxa2 Rhd1 Be6 h4 Rg3 Nd5 cxd5 exd5 Bxd5 Rc7 Kd8 Rxb7 Bxb7 Ra1 Bd5 Ra4 Bd6 Rxa6 h5 b4 Kc8 Rb6 Rxe3+ Kxe3 Bf4+ Kd3 Rxb6 Kc3 Re6 Kd3 f5 Kc3 Re3+ Kd2 Kd7 b5 Kd6 Kc2 Kd7 Kd2 Kd6 Kc2 Re4 Kc3 Be3 Kc2 Bxd4 Kd2 Rxh4 Ke2 Re4+ Kd3 Ke5 Kd2 Re3 Kc2 h4 Kd2 Kd6 Kc2 Ke5 Kd2 f4 Kc2 Kf5 Kd2 Ke5 Kc2 h3 Kd2 h2 Kc2 h1=Q Kd2 Qe4 Kd1 Rc3 Kd2 Kd6 Kd1 Ke5 Kd2 Rd3+ Kc2 Kd6 Kc1 Ke5 Kc2 Kd6 Kc1 Rg3 Kd2 Rg5 Kd1 Re5 Kd2 Bc4 b6 Bxb6 Kc3 Bc5,8/8/3k4/2b1r3/2b1qp2/2K5/8/8 w - - 2 84,-2419,32.084971399992355,black,80,80718,1008.975,8262,15.993467999942334,16.0001004000369,0.20000125500046123,2.125,4,0,80,1,56,23,16.0,0.0,white,80,85542,1069.275,9588,15.993621000071265,16.00014369993005,0.20000179624912562,2.75,4,0,80,48,14,18,16.0,0.0
20260805_000246,t200ms_scotch_game_dynamic_white,scotch_game,open_game,e4 e5 Nf3 Nc6 d4 exd4,r1bqkbnr/pppp1ppp/2n5/8/3pP3/5N2/PPP2PPP/RNBQKB1R w KQkq - 0 4,0.2,16.0,False,*,max_plies_truncation,,160,166,b1d2 g8f6 f1c4 d7d5 e4d5 d8e7 e1f1 c6b4 f3d4 e7e5 c4b5 c7c6 b5c6 b7c6 d1e2 c8a6 c2c4 e5e2 d4e2 c6d5 d2f3 a6c4 f3e5 c4e2 f1e2 f8d6 e5f3 f6e4 c1e3 a7a5 a1d1 b4a2 d1d5 d6b4 d5e5 e8d7 e5e4 b4d6 e2d2 f7f5 e4d4 a2c3 b2c3 d7e7 h2h4 d6c5 e3g5 e7f8 d4d5 c5f2 d5f5 f8g8 f5d5 a5a4 d2d3 a8e8 h4h5 e8e6 d5d8 g8f7 d8h8 h7h6 g5f4 f2c5 h8d8 f7f6 d8d5 c5f2 h1d1 f6f7 d5f5 f7g8 f5d5 g8f7 d5f5 f7g8 g2g4 g8h7 f5d5 h7g8 d5d8 g8h7 d8d5 h7g8 c3c4 g8f7 d5f5 f7g8 f5d5 g8f7 d5d8 f2c5 d8d7 f7f6 d7d5 c5b4 d5f5 f6e7 f5d5 e7f7 d5f5 f7g8 f5d5 g8f7 d5f5 f7g8 f3d4 e6e8 f5d5 g8f7 d5f5 f7g8 f5d5 g8f7 g4g5 h6g5 f4g5 f7g8 g5f4 g8h7 d3c2 e8e4 d1d3 e4f4 d4c6 f4c4 c2d1 c4c6 d3d4 c6d6 d5d6 b4d6 d4d6 h7g8 d6d7 g8f8 d1e2 f8g8 d7d4 a4a3 d4d7 a3a2 d7a7 g7g6 h5g6 a2a1q a7a1 g8g7 a1a6 g7h8 a6d6 h8g8 e2f3 g8h8 d6d5 h8g7 d5d6 g7h6 f3e4 h6g7,Nbd2 Nf6 Bc4 d5 exd5 Qe7+ Kf1 Nb4 Nxd4 Qe5 Bb5+ c6 Bxc6+ bxc6 Qe2 Ba6 c4 Qxe2+ Nxe2 cxd5 Nf3 Bxc4 Ne5 Bxe2+ Kxe2 Bd6 Nf3 Ne4 Be3 a5 Rad1 Nxa2 Rxd5 Bb4 Re5+ Kd7 Rxe4 Bd6 Kd2 f5 Rd4 Nc3 bxc3 Ke7 h4 Bc5 Bg5+ Kf8 Rd5 Bxf2 Rxf5+ Kg8 Rd5 a4 Kd3 Re8 h5 Re6 Rd8+ Kf7 Rxh8 h6 Bf4 Bc5 Rd8 Kf6 Rd5 Bf2 Rd1 Kf7 Rf5+ Kg8 Rd5 Kf7 Rf5+ Kg8 g4 Kh7 Rd5 Kg8 Rd8+ Kh7 Rd5 Kg8 c4 Kf7 Rf5+ Kg8 Rd5 Kf7 Rd8 Bc5 Rd7+ Kf6 Rd5 Bb4 Rf5+ Ke7 Rd5 Kf7 Rf5+ Kg8 Rd5 Kf7 Rf5+ Kg8 Nd4 Re8 Rd5 Kf7 Rf5+ Kg8 Rd5 Kf7 g5 hxg5 Bxg5 Kg8 Bf4 Kh7 Kc2 Re4 Rd3 Rxf4 Nc6 Rxc4+ Kd1 Rxc6 R3d4 Rd6 Rxd6 Bxd6 Rxd6 Kg8 Rd7 Kf8 Ke2 Kg8 Rd4 a3 Rd7 a2 Ra7 g6 hxg6 a1=Q Rxa1 Kg7 Ra6 Kh8 Rd6 Kg8 Kf3 Kh8 Rd5 Kg7 Rd6 Kh6 Ke4 Kg7,e4 e5 Nf3 Nc6 d4 exd4 Nbd2 Nf6 Bc4 d5 exd5 Qe7+ Kf1 Nb4 Nxd4 Qe5 Bb5+ c6 Bxc6+ bxc6 Qe2 Ba6 c4 Qxe2+ Nxe2 cxd5 Nf3 Bxc4 Ne5 Bxe2+ Kxe2 Bd6 Nf3 Ne4 Be3 a5 Rad1 Nxa2 Rxd5 Bb4 Re5+ Kd7 Rxe4 Bd6 Kd2 f5 Rd4 Nc3 bxc3 Ke7 h4 Bc5 Bg5+ Kf8 Rd5 Bxf2 Rxf5+ Kg8 Rd5 a4 Kd3 Re8 h5 Re6 Rd8+ Kf7 Rxh8 h6 Bf4 Bc5 Rd8 Kf6 Rd5 Bf2 Rd1 Kf7 Rf5+ Kg8 Rd5 Kf7 Rf5+ Kg8 g4 Kh7 Rd5 Kg8 Rd8+ Kh7 Rd5 Kg8 c4 Kf7 Rf5+ Kg8 Rd5 Kf7 Rd8 Bc5 Rd7+ Kf6 Rd5 Bb4 Rf5+ Ke7 Rd5 Kf7 Rf5+ Kg8 Rd5 Kf7 Rf5+ Kg8 Nd4 Re8 Rd5 Kf7 Rf5+ Kg8 Rd5 Kf7 g5 hxg5 Bxg5 Kg8 Bf4 Kh7 Kc2 Re4 Rd3 Rxf4 Nc6 Rxc4+ Kd1 Rxc6 R3d4 Rd6 Rxd6 Bxd6 Rxd6 Kg8 Rd7 Kf8 Ke2 Kg8 Rd4 a3 Rd7 a2 Ra7 g6 hxg6 a1=Q Rxa1 Kg7 Ra6 Kh8 Rd6 Kg8 Kf3 Kh8 Rd5 Kg7 Rd6 Kh6 Ke4 Kg7,8/6k1/3R2P1/8/4K3/8/8/8 w - - 13 84,698,32.08714410000539,white,80,77287,966.0875,9309,15.991442900044468,16.00010779996228,0.2000013474995285,2.35,4,0,80,17,47,16,16.0,0.0,black,80,81227,1015.3375,10598,15.990492199981212,16.000010400020983,0.2000001300002623,2.5875,4,0,80,34,20,26,16.0,0.0
20260805_000246,t200ms_scotch_game_dynamic_black,scotch_game,open_game,e4 e5 Nf3 Nc6 d4 exd4,r1bqkbnr/pppp1ppp/2n5/8/3pP3/5N2/PPP2PPP/RNBQKB1R w KQkq - 0 4,0.2,16.0,True,1-0,checkmate,0.0,135,141,b1d2 g8f6 f1c4 d7d5 e4d5 d8e7 e1f1 c6b4 f3d4 e7e5 c4b5 c7c6 b5c6 b7c6 d4f3 e5d5 d1e2 c8e6 e2e3 d5b5 c2c4 b5f5 f3d4 f5c5 f2f4 f8e7 d2e4 e6c4 f1e1 b4c2 d4c2 c5a5 b2b4 e7b4 e4c3 b4e7 c2b4 a5b4 c1d2 e8c8 e3h3 c8c7 h3f5 f6e8 f5e5 c7b7 a1c1 e7h4 g2g3 d8d2 e1d2 b4b2 c1c2 b2b4 g3h4 f7f5 e5f5 b4d6 d2e3 d6e7 e3d4 e8d6 h1b1 b7a6 f5c5 e7f6 c5e5 f6e5 f4e5 c6c5 d4c5 h8d8 c2d2 d8c8 c5d6 c8d8 d6c5 d8d2 c5c4 d2c2 b1g1 g7g6 h2h3 a6a5 c4d3 c2h2 g1g3 h2f2 a2a4 f2f4 c3d5 f4h4 d5c3 h4h5 e5e6 h5c5 c3e4 c5e5 d3d4 e5e6 d4d5 e6e8 e4d6 e8e2 g3g4 e2d2 d5c6 d2d3 d6b7 a5a6 b7c5 a6a5 c5d3 g6g5 c6d5 h7h5 g4g5 a5a4 g5h5 a4b3 d5d4 a7a6 h5a5 b3c2 a5a6 c2b3 a6e6 b3a4 e6e5 a4a3 h3h4 a3a4 d4c4 a4a3 e5a5,Nbd2 Nf6 Bc4 d5 exd5 Qe7+ Kf1 Nb4 Nxd4 Qe5 Bb5+ c6 Bxc6+ bxc6 N4f3 Qxd5 Qe2+ Be6 Qe3 Qb5+ c4 Qf5 Nd4 Qc5 f4 Be7 Ne4 Bxc4+ Ke1 Nc2+ Nxc2 Qa5+ b4 Bxb4+ Nc3+ Be7 Nb4 Qxb4 Bd2 O-O-O Qh3+ Kc7 Qf5 Ne8 Qe5+ Kb7 Rc1 Bh4+ g3 Rxd2 Kxd2 Qb2+ Rc2 Qb4 gxh4 f5 Qxf5 Qd6+ Ke3 Qe7+ Kd4 Nd6 Rb1+ Ka6 Qc5 Qf6+ Qe5 Qxe5+ fxe5 c5+ Kxc5 Rd8 Rd2 Rc8+ Kxd6 Rd8+ Kc5 Rxd2 Kxc4 Rc2 Rg1 g6 h3 Ka5 Kd3 Rh2 Rg3 Rf2 a4 Rf4 Nd5 Rxh4 Nc3 Rh5 e6 Rc5 Ne4 Re5 Kd4 Rxe6 Kd5 Re8 Nd6 Re2 Rg4 Rd2+ Kc6 Rd3 Nb7+ Ka6 Nc5+ Ka5 Nxd3 g5 Kd5 h5 Rxg5 Kxa4 Rxh5 Kb3 Kd4 a6 Ra5 Kc2 Rxa6 Kb3 Re6 Ka4 Re5 Ka3 h4 Ka4 Kc4 Ka3 Ra5#,e4 e5 Nf3 Nc6 d4 exd4 Nbd2 Nf6 Bc4 d5 exd5 Qe7+ Kf1 Nb4 Nxd4 Qe5 Bb5+ c6 Bxc6+ bxc6 N4f3 Qxd5 Qe2+ Be6 Qe3 Qb5+ c4 Qf5 Nd4 Qc5 f4 Be7 Ne4 Bxc4+ Ke1 Nc2+ Nxc2 Qa5+ b4 Bxb4+ Nc3+ Be7 Nb4 Qxb4 Bd2 O-O-O Qh3+ Kc7 Qf5 Ne8 Qe5+ Kb7 Rc1 Bh4+ g3 Rxd2 Kxd2 Qb2+ Rc2 Qb4 gxh4 f5 Qxf5 Qd6+ Ke3 Qe7+ Kd4 Nd6 Rb1+ Ka6 Qc5 Qf6+ Qe5 Qxe5+ fxe5 c5+ Kxc5 Rd8 Rd2 Rc8+ Kxd6 Rd8+ Kc5 Rxd2 Kxc4 Rc2 Rg1 g6 h3 Ka5 Kd3 Rh2 Rg3 Rf2 a4 Rf4 Nd5 Rxh4 Nc3 Rh5 e6 Rc5 Ne4 Re5 Kd4 Rxe6 Kd5 Re8 Nd6 Re2 Rg4 Rd2+ Kc6 Rd3 Nb7+ Ka6 Nc5+ Ka5 Nxd3 g5 Kd5 h5 Rxg5 Kxa4 Rxh5 Kb3 Kd4 a6 Ra5 Kc2 Rxa6 Kb3 Re6 Ka4 Re5 Ka3 h4 Ka4 Kc4 Ka3 Ra5#,8/8/8/R7/2K4P/k2N4/8/8 b - - 4 71,100000,28.11986980000802,black,67,68092,1016.2985074626865,9269,14.435821099979194,14.442217000047094,0.2155554776126432,2.6417910447761193,5,0,67,11,15,41,14.442217000047094,1.5577829999529058,white,68,72609,1067.7794117647059,11361,13.599999999999984,13.606915600088541,0.2001017000013021,2.676470588235294,4,0,68,13,24,31,13.606915600088541,2.3930843999114586
20260805_000246,t200ms_sicilian_defence_dynamic_white,sicilian_defence,semi_open_game,e4 c5 Nf3 d6 d4 cxd4,rnbqkbnr/pp2pppp/3p4/8/3pP3/5N2/PPP2PPP/RNBQKB1R w KQkq - 0 4,0.2,16.0,True,1/2-1/2,threefold_repetition,0.5,28,34,f1b5 c8d7 b5d7 b8d7 d1d4 d8a5 e1d1 e7e6 c1e3 g8e7 d4d6 e8c8 d6d4 c8b8 d4d6 b8a8 d6d4 e7c6 d4d3 f8e7 c2c4 a5a4 d1e2 a4a5 e2d1 a5a4 d1e2 a4a5,Bb5+ Bd7 Bxd7+ Nxd7 Qxd4 Qa5+ Kd1 e6 Be3 Ne7 Qxd6 O-O-O Qd4 Kb8 Qd6+ Ka8 Qd4 Nc6 Qd3 Be7 c4 Qa4+ Ke2 Qa5 Kd1 Qa4+ Ke2 Qa5,e4 c5 Nf3 d6 d4 cxd4 Bb5+ Bd7 Bxd7+ Nxd7 Qxd4 Qa5+ Kd1 e6 Be3 Ne7 Qxd6 O-O-O Qd4 Kb8 Qd6+ Ka8 Qd4 Nc6 Qd3 Be7 c4 Qa4+ Ke2 Qa5 Kd1 Qa4+ Ke2 Qa5,k2r3r/pp1nbppp/2n1p3/q7/2P1P3/3QBN2/PP2KPPP/RN5R w - - 7 18,0,7.221691699989606,white,14,16923,1208.7857142857142,2256,4.4,4.401607299980242,0.31440052142716013,2.357142857142857,3,0,14,0,4,10,4.401607299980242,11.598392700019758,black,14,10539,752.7857142857143,1214,2.8000000000000003,2.8018094999570167,0.20012924999692977,2.2142857142857144,3,0,14,0,8,6,2.8018094999570167,13.198190500042983
20260805_000246,t200ms_sicilian_defence_dynamic_black,sicilian_defence,semi_open_game,e4 c5 Nf3 d6 d4 cxd4,rnbqkbnr/pp2pppp/3p4/8/3pP3/5N2/PPP2PPP/RNBQKB1R w KQkq - 0 4,0.2,16.0,True,1-0,checkmate,0.0,53,59,d1d4 d8a5 e1d1 b8c6 d4d3 g8f6 c1f4 c8e6 f1e2 a8d8 c2c4 a5a4 d1c1 a4a5 b2b4 a5b4 f4d6 e7d6 h1d1 b4c5 b1c3 c5a3 c1d2 a3b2 d2e1 f8e7 f3e5 c6e5 d3d4 f6e4 d4e4 b2c3 e1f1 e5c4 a1b1 d6d5 e4f4 c4a3 b1b7 e7c5 f4a4 e8f8 f2f4 d8d6 b7b8 e6c8 b8c8 f8e7 c8h8 f7f5 a4e8 e7f6 h8f8,Qxd4 Qa5+ Kd1 Nc6 Qd3 Nf6 Bf4 Be6 Be2 Rd8 c4 Qa4+ Kc1 Qa5 b4 Qxb4 Bxd6 exd6 Rd1 Qc5 Nc3 Qa3+ Kd2 Qb2+ Ke1 Be7 Ne5 Nxe5 Qd4 Nxe4 Qxe4 Qxc3+ Kf1 Nxc4 Rab1 d5 Qf4 Na3 Rxb7 Bc5 Qa4+ Kf8 f4 Rd6 Rb8+ Bc8 Rxc8+ Ke7 Rxh8 f5 Qe8+ Kf6 Rf8#,e4 c5 Nf3 d6 d4 cxd4 Qxd4 Qa5+ Kd1 Nc6 Qd3 Nf6 Bf4 Be6 Be2 Rd8 c4 Qa4+ Kc1 Qa5 b4 Qxb4 Bxd6 exd6 Rd1 Qc5 Nc3 Qa3+ Kd2 Qb2+ Ke1 Be7 Ne5 Nxe5 Qd4 Nxe4 Qxe4 Qxc3+ Kf1 Nxc4 Rab1 d5 Qf4 Na3 Rxb7 Bc5 Qa4+ Kf8 f4 Rd6 Rb8+ Bc8 Rxc8+ Ke7 Rxh8 f5 Qe8+ Kf6 Rf8#,4QR2/p5pp/3r1k2/2bp1p2/5P2/n1q5/P3B1PP/3R1K2 b - - 3 30,100000,13.841869000010774,black,26,32495,1249.8076923076924,3681,8.400000000000002,8.403700799957733,0.3232192615368359,2.230769230769231,5,0,26,0,6,20,8.403700799957733,7.596299200042267,white,27,20944,775.7037037037037,3177,5.400000000000002,5.404383499990217,0.20016235185148953,2.2222222222222223,3,0,27,3,8,16,5.404383499990217,10.595616500009783
20260805_000246,t200ms_french_defence_dynamic_white,french_defence,semi_open_game,e4 e6 d4 d5 Nc3 Nf6,rnbqkb1r/ppp2ppp/4pn2/3p4/3PP3/2N5/PPP2PPP/R1BQKBNR w KQkq - 2 4,0.2,16.0,False,*,max_plies_truncation,,160,166,f1b5 c7c6 b5d3 d5e4 d3c4 f8b4 c4e6 c8e6 g1f3 e4f3 d1f3 b4c3 b2c3 f6d7 f3e4 d8e7 a2a4 b8a6 c1f4 a6c5 d4c5 d7c5 e4e5 c5a4 a1a4 a8d8 a4a7 e8g8 e1g1 h7h5 e5h5 f7f6 f1e1 g7g5 h5g6 e7g7 g6g7 g8g7 a7b7 e6f7 f4g3 d8d5 b7e7 g7g6 e7e4 f8d8 f2f3 g6g7 g3c7 d8d7 c7b6 f7g6 e4c4 g6c2 c4c6 f6f5 c6e6 g7g8 e6e8 g8g7 e8e6 g7g8 e6g6 d7g7 e1e8 g8h7 g6g7 h7g7 b6d4 g7f7 e8e3 f7f8 d4f6 f5f4 f6e7 f8f7 e3e2 d5d1 g1f2 c2d3 e2e1 d1e1 f2e1 f7e7 g2g3 e7e6 e1d2 d3c4 h2h4 f4g3 h4g5 g3g2 d2e3 g2g1q e3f4 g1e1 g5g6 e1c3 f4g4 c3d4 g4g5 c4d5 f3f4 d4f6 g5g4 f6f5 g4g3 e6d6 g6g7 f5d3 g3h4 d3h7 h4g5 h7g7 g5h5 g7d4 h5g5 d5e4 g5g4 d6d5 g4g5 d5d6 g5g4 d4d5 g4g3 d6c5 g3f2 d5d4 f2g3 c5d5 g3g4 d5d6 g4h4 d4d5 h4g3 d6c5 g3h4 d5d3 h4g4 d3d5 g4h4 d5d3 h4g4 d3h3 g4h3 c5d5 h3g3 d5c5 f4f5 c5d4 g3f4 e4d5 f4g4 d4e5 g4g5 d5g8 g5h6 g8f7 h6h7 f7d5,Bb5+ c6 Bd3 dxe4 Bc4 Bb4 Bxe6 Bxe6 Nf3 exf3 Qxf3 Bxc3+ bxc3 Nfd7 Qe4 Qe7 a4 Na6 Bf4 Nac5 dxc5 Nxc5 Qe5 Nxa4 Rxa4 Rd8 Rxa7 O-O O-O h5 Qxh5 f6 Re1 g5 Qg6+ Qg7 Qxg7+ Kxg7 Rxb7+ Bf7 Bg3 Rd5 Rbe7 Kg6 R7e4 Rfd8 f3 Kg7 Bc7 R8d7 Bb6 Bg6 Rc4 Bxc2 Rxc6 f5 Rce6 Kg8 Re8+ Kg7 R8e6 Kg8 Rg6+ Rg7 Re8+ Kh7 Rxg7+ Kxg7 Bd4+ Kf7 Re3 Kf8 Bf6 f4 Be7+ Kf7 Re2 Rd1+ Kf2 Bd3 Re1 Rxe1 Kxe1 Kxe7 g3 Ke6 Kd2 Bc4 h4 fxg3 hxg5 g2 Ke3 g1=Q+ Kf4 Qe1 g6 Qxc3 Kg4 Qd4+ Kg5 Bd5 f4 Qf6+ Kg4 Qf5+ Kg3 Kd6 g7 Qd3+ Kh4 Qh7+ Kg5 Qxg7+ Kh5 Qd4 Kg5 Be4 Kg4 Kd5 Kg5 Kd6 Kg4 Qd5 Kg3 Kc5 Kf2 Qd4+ Kg3 Kd5 Kg4 Kd6 Kh4 Qd5 Kg3 Kc5 Kh4 Qd3 Kg4 Qd5 Kh4 Qd3 Kg4 Qh3+ Kxh3 Kd5 Kg3 Kc5 f5 Kd4 Kf4 Bd5 Kg4 Ke5 Kg5 Bg8 Kh6 Bf7 Kh7 Bd5,e4 e6 d4 d5 Nc3 Nf6 Bb5+ c6 Bd3 dxe4 Bc4 Bb4 Bxe6 Bxe6 Nf3 exf3 Qxf3 Bxc3+ bxc3 Nfd7 Qe4 Qe7 a4 Na6 Bf4 Nac5 dxc5 Nxc5 Qe5 Nxa4 Rxa4 Rd8 Rxa7 O-O O-O h5 Qxh5 f6 Re1 g5 Qg6+ Qg7 Qxg7+ Kxg7 Rxb7+ Bf7 Bg3 Rd5 Rbe7 Kg6 R7e4 Rfd8 f3 Kg7 Bc7 R8d7 Bb6 Bg6 Rc4 Bxc2 Rxc6 f5 Rce6 Kg8 Re8+ Kg7 R8e6 Kg8 Rg6+ Rg7 Re8+ Kh7 Rxg7+ Kxg7 Bd4+ Kf7 Re3 Kf8 Bf6 f4 Be7+ Kf7 Re2 Rd1+ Kf2 Bd3 Re1 Rxe1 Kxe1 Kxe7 g3 Ke6 Kd2 Bc4 h4 fxg3 hxg5 g2 Ke3 g1=Q+ Kf4 Qe1 g6 Qxc3 Kg4 Qd4+ Kg5 Bd5 f4 Qf6+ Kg4 Qf5+ Kg3 Kd6 g7 Qd3+ Kh4 Qh7+ Kg5 Qxg7+ Kh5 Qd4 Kg5 Be4 Kg4 Kd5 Kg5 Kd6 Kg4 Qd5 Kg3 Kc5 Kf2 Qd4+ Kg3 Kd5 Kg4 Kd6 Kh4 Qd5 Kg3 Kc5 Kh4 Qd3 Kg4 Qd5 Kh4 Qd3 Kg4 Qh3+ Kxh3 Kd5 Kg3 Kc5 f5 Kd4 Kf4 Bd5 Kg4 Ke5 Kg5 Bg8 Kh6 Bf7 Kh7 Bd5,8/7K/8/3bkP2/8/8/8/8 w - - 11 84,-317,32.08503510001174,white,80,87482,1093.525,11927,15.992014100075439,16.000079799967352,0.2000009974995919,2.7125,5,0,80,35,21,24,16.0,0.0,black,80,92150,1151.875,12735,15.991518900071945,16.00003329993342,0.20000041624916776,2.5,4,0,80,30,32,18,16.0,0.0
20260805_000246,t200ms_french_defence_dynamic_black,french_defence,semi_open_game,e4 e6 d4 d5 Nc3 Nf6,rnbqkb1r/ppp2ppp/4pn2/3p4/3PP3/2N5/PPP2PPP/R1BQKBNR w KQkq - 2 4,0.2,16.0,True,0-1,checkmate,1.0,40,46,f1b5 c7c6 b5d3 d5e4 d3c4 f8b4 c4e6 c8e6 g1f3 e4f3 d1f3 b4c3 b2c3 f6d7 f3e4 d8e7 a2a4 b8a6 c1f4 a6c5 d4c5 d7c5 e4e5 c5a4 a1a4 a8d8 a4a7 e8g8 e1g1 h7h5 e5h5 f7f6 f1e1 e7c5 h5c5 f8f7 e1e6 d8d1 e6e1 d1e1,Bb5+ c6 Bd3 dxe4 Bc4 Bb4 Bxe6 Bxe6 Nf3 exf3 Qxf3 Bxc3+ bxc3 Nfd7 Qe4 Qe7 a4 Na6 Bf4 Nac5 dxc5 Nxc5 Qe5 Nxa4 Rxa4 Rd8 Rxa7 O-O O-O h5 Qxh5 f6 Re1 Qc5 Qxc5 Rf7 Rxe6 Rd1+ Re1 Rxe1#,e4 e6 d4 d5 Nc3 Nf6 Bb5+ c6 Bd3 dxe4 Bc4 Bb4 Bxe6 Bxe6 Nf3 exf3 Qxf3 Bxc3+ bxc3 Nfd7 Qe4 Qe7 a4 Na6 Bf4 Nac5 dxc5 Nxc5 Qe5 Nxa4 Rxa4 Rd8 Rxa7 O-O O-O h5 Qxh5 f6 Re1 Qc5 Qxc5 Rf7 Rxe6 Rd1+ Re1 Rxe1#,6k1/Rp3rp1/2p2p2/2Q5/5B2/2P5/2P2PPP/4r1K1 w - - 0 24,-100000,8.431301999997231,black,20,17366,868.3,2507,4.400000000000001,4.401991800012183,0.22009959000060916,2.3,5,0,20,7,7,6,4.401991800012183,11.598008199987817,white,20,15817,790.85,2535,4.000000000000001,4.003133500023978,0.20015667500119888,2.35,6,0,20,1,9,10,4.003133500023978,11.996866499976022
20260805_000246,t200ms_caro_kann_defence_dynamic_white,caro_kann_defence,semi_open_game,e4 c6 d4 d5 Nc3 dxe4,rnbqkbnr/pp2pppp/2p5/8/3Pp3/2N5/PPP2PPP/R1BQKBNR w KQkq - 0 4,0.2,16.0,False,*,max_plies_truncation,,160,166,c3e4 d8a5 c1d2 a5d5 e4c3 d5d4 f1d3 g8f6 g1f3 d4d6 d3h7 h8h7 e1g1 c8f5 d1e2 f5c2 d2e3 c2f5 h2h3 a7a5 e2c4 e8d8 e3b6 d8e8 f1e1 b8d7 b6e3 e8d8 c4f7 f5h3 g2h3 h7h3 f7c4 h3f3 e3g5 f3c3 b2c3 f6h5 e1e4 d6g6 e4g4 d8e8 a1e1 g6d6 g4e4 a8d8 a2a4 b7b5 a4b5 c6b5 c4b5 e8f7 b5a5 d8e8 a5f5 h5f6 g5f6 g7f6 f5h5 f7g8 h5e8 e7e5 e8g6 f8g7 g6e8 g7f8 e8g6 f8g7 g1h2 d6d5 g6e8 d7f8 e4g4 g8h8 g4h4 h8g8 e1e3 e5e4 h4f4 g8h7 f4h4 h7g8 h4f4 g8h7 f2f3 d5d2 h2h3 d2e3 f4h4 h7g8 e8e4 e3c3 e4d5 f8e6 d5e6 g8f8 e6d6 f8g8 d6e6 g8f8 h3h2 c3f3 e6d6 f8f7 d6d7 f7g6 d7e8 g6g5 h4d4 f3f2 h2h3 f2d4 e8b5 f6f5 b5e2 g7e5 e2d2 g5g6 d2g2 g6f7 g2f3 e5f4 f3h5 f7e6 h5g6 d4f6 g6f6 e6f6 h3g2 f6e6 g2f3 f4e5 f3e3 e6d5 e3f3 d5d4 f3f2 d4e4 f2e2 e5h8 e2f2 h8d4 f2g3 d4e5 g3f2 e5d4 f2e2 d4e3 e2f1 e4d5 f1e2 e3d4 e2f3 d5e5 f3e2 e5e4 e2d2 d4h8 d2e2 h8g7,Nxe4 Qa5+ Bd2 Qd5 Nc3 Qxd4 Bd3 Nf6 Nf3 Qd6 Bxh7 Rxh7 O-O Bf5 Qe2 Bxc2 Be3 Bf5 h3 a5 Qc4 Kd8 Bb6+ Ke8 Rfe1 Nbd7 Be3 Kd8 Qxf7 Bxh3 gxh3 Rxh3 Qc4 Rxf3 Bg5 Rxc3 bxc3 Nh5 Re4 Qg6 Rg4 Ke8 Re1 Qd6 Rge4 Rd8 a4 b5 axb5 cxb5 Qxb5 Kf7 Qxa5 Re8 Qf5+ Nhf6 Bxf6 gxf6 Qh5+ Kg8 Qxe8 e5 Qg6+ Bg7 Qe8+ Bf8 Qg6+ Bg7 Kh2 Qd5 Qe8+ Nf8 Rg4 Kh8 Rh4+ Kg8 Re3 e4 Rf4 Kh7 Rh4+ Kg8 Rf4 Kh7 f3 Qd2+ Kh3 Qxe3 Rh4+ Kg8 Qxe4 Qxc3 Qd5+ Ne6 Qxe6+ Kf8 Qd6+ Kg8 Qe6+ Kf8 Kh2 Qxf3 Qd6+ Kf7 Qd7+ Kg6 Qe8+ Kg5 Rd4 Qf2+ Kh3 Qxd4 Qb5+ f5 Qe2 Be5 Qd2+ Kg6 Qg2+ Kf7 Qf3 Bf4 Qh5+ Ke6 Qg6+ Qf6 Qxf6+ Kxf6 Kg2 Ke6 Kf3 Be5 Ke3 Kd5 Kf3 Kd4 Kf2 Ke4 Ke2 Bh8 Kf2 Bd4+ Kg3 Be5+ Kf2 Bd4+ Ke2 Be3 Kf1 Kd5 Ke2 Bd4 Kf3 Ke5 Ke2 Ke4 Kd2 Bh8 Ke2 Bg7,e4 c6 d4 d5 Nc3 dxe4 Nxe4 Qa5+ Bd2 Qd5 Nc3 Qxd4 Bd3 Nf6 Nf3 Qd6 Bxh7 Rxh7 O-O Bf5 Qe2 Bxc2 Be3 Bf5 h3 a5 Qc4 Kd8 Bb6+ Ke8 Rfe1 Nbd7 Be3 Kd8 Qxf7 Bxh3 gxh3 Rxh3 Qc4 Rxf3 Bg5 Rxc3 bxc3 Nh5 Re4 Qg6 Rg4 Ke8 Re1 Qd6 Rge4 Rd8 a4 b5 axb5 cxb5 Qxb5 Kf7 Qxa5 Re8 Qf5+ Nhf6 Bxf6 gxf6 Qh5+ Kg8 Qxe8 e5 Qg6+ Bg7 Qe8+ Bf8 Qg6+ Bg7 Kh2 Qd5 Qe8+ Nf8 Rg4 Kh8 Rh4+ Kg8 Re3 e4 Rf4 Kh7 Rh4+ Kg8 Rf4 Kh7 f3 Qd2+ Kh3 Qxe3 Rh4+ Kg8 Qxe4 Qxc3 Qd5+ Ne6 Qxe6+ Kf8 Qd6+ Kg8 Qe6+ Kf8 Kh2 Qxf3 Qd6+ Kf7 Qd7+ Kg6 Qe8+ Kg5 Rd4 Qf2+ Kh3 Qxd4 Qb5+ f5 Qe2 Be5 Qd2+ Kg6 Qg2+ Kf7 Qf3 Bf4 Qh5+ Ke6 Qg6+ Qf6 Qxf6+ Kxf6 Kg2 Ke6 Kf3 Be5 Ke3 Kd5 Kf3 Kd4 Kf2 Ke4 Ke2 Bh8 Kf2 Bd4+ Kg3 Be5+ Kf2 Bd4+ Ke2 Be3 Kf1 Kd5 Ke2 Bd4 Kf3 Ke5 Ke2 Ke4 Kd2 Bh8 Ke2 Bg7,8/6b1/8/5p2/4k3/8/4K3/8 w - - 32 84,-515,32.091453300003195,white,80,75115,938.9375,7798,15.9916509000654,16.00020529991889,0.2000025662489861,2.4,4,0,80,18,21,41,16.0,0.0,black,80,84653,1058.1625,15322,15.989789199968776,16.000170500032254,0.20000213125040317,2.7875,5,0,80,16,27,37,16.0,0.0
20260805_000246,t200ms_caro_kann_defence_dynamic_black,caro_kann_defence,semi_open_game,e4 c6 d4 d5 Nc3 dxe4,rnbqkbnr/pp2pppp/2p5/8/3Pp3/2N5/PPP2PPP/R1BQKBNR w KQkq - 0 4,0.2,16.0,True,1-0,checkmate,0.0,55,61,c3e4 d8a5 e1e2 b8d7 g1f3 a5d5 c1e3 d5e4 c2c3 g8f6 d1d2 f6d5 a1e1 e7e6 b2b4 f8d6 f3e5 d7e5 d4e5 d5f4 e2d1 e4b1 d2c1 b1c1 e3c1 f4g2 f1g2 d6b8 c1f4 c8d7 g2e4 b8c7 h1g1 f7f5 e4d3 h8f8 g1g7 c7e5 e1e5 d7c8 g7h7 e8d8 f4g5 d8e8 h7e7 e8d8 e7e6 d8c7 e6e7 c7d6 g5f4 f8f6 e5e4 d6d5 e4d4,Nxe4 Qa5+ Ke2 Nd7 Nf3 Qd5 Be3 Qxe4 c3 Ngf6 Qd2 Nd5 Re1 e6 b4 Bd6 Ne5 Nxe5 dxe5 Nf4+ Kd1 Qb1+ Qc1 Qxc1+ Bxc1 Nxg2 Bxg2 Bb8 Bf4 Bd7 Be4 Bc7 Rhg1 f5 Bd3 Rf8 Rxg7 Bxe5 Rxe5 Bc8 Rxh7 Kd8 Bg5+ Ke8 Re7+ Kd8 R7xe6+ Kc7 Re7+ Kd6 Bf4 Rf6 Re4+ Kd5 Rd4#,e4 c6 d4 d5 Nc3 dxe4 Nxe4 Qa5+ Ke2 Nd7 Nf3 Qd5 Be3 Qxe4 c3 Ngf6 Qd2 Nd5 Re1 e6 b4 Bd6 Ne5 Nxe5 dxe5 Nf4+ Kd1 Qb1+ Qc1 Qxc1+ Bxc1 Nxg2 Bxg2 Bb8 Bf4 Bd7 Be4 Bc7 Rhg1 f5 Bd3 Rf8 Rxg7 Bxe5 Rxe5 Bc8 Rxh7 Kd8 Bg5+ Ke8 Re7+ Kd8 R7xe6+ Kc7 Re7+ Kd6 Bf4 Rf6 Re4+ Kd5 Rd4#,r1b5/pp2R3/2p2r2/3k1p2/1P1R1B2/2PB4/P4P1P/3K4 b - - 8 31,100000,13.118632500001695,black,27,33354,1235.3333333333333,3218,7.480000000000003,7.4830000000220025,0.27714814814896305,2.2962962962962963,3,0,27,6,5,16,7.4830000000220025,8.516999999977998,white,28,25042,894.3571428571429,2704,5.600000000000002,5.603211600056966,0.2001147000020345,2.1785714285714284,3,0,28,5,11,12,5.603211600056966,10.396788399943034
20260805_000246,t200ms_queens_gambit_declined_dynamic_white,queens_gambit_declined,closed_game,d4 d5 c4 e6 Nc3 Nf6,rnbqkb1r/ppp2ppp/4pn2/3p4/2PP4/2N5/PP2PPPP/R1BQKBNR w KQkq - 2 4,0.2,16.0,True,0-1,checkmate,0.0,90,96,d1a4 b8c6 g1f3 b7b5 a4b5 d8d7 c4d5 e6d5 c1f4 f8d6 f4d6 c7d6 e2e3 e8e7 f1d3 c8b7 e1d2 h7h5 h2h4 a7a5 g2g4 h5g4 f3g5 h8h5 c3d5 f6d5 b5d5 h5g5 d5g5 e7f8 d4d5 c6b4 d3e4 g7g6 g5h6 f8g8 h6f4 f7f5 e4g2 b4a6 f4d4 a6c7 a1c1 c7b5 d4c4 b5a7 c4d4 a7b5 d4c4 b5a7 c4g4 f5g4 g2e4 a7b5 e4g6 b7d5 h1g1 d5a2 g6e4 d6d5 e4d3 b5d6 d2e1 g8f7 c1c5 a8e8 c5a5 a2b3 e1d2 e8e5 a5c5 f7f6 g1e1 d7a4 h4h5 a4b4 c5c3 e5h5 d2e2 b3a4 f2f4 b4b2 c3c2 a4c2 e3e4 c2d3 e2d3 h5h3 e1e3 d5e4,Qa4+ Nc6 Nf3 b5 Qxb5 Qd7 cxd5 exd5 Bf4 Bd6 Bxd6 cxd6 e3 Ke7 Bd3 Bb7 Kd2 h5 h4 a5 g4 hxg4 Ng5 Rh5 Nxd5+ Nxd5 Qxd5 Rxg5 Qxg5+ Kf8 d5 Nb4 Be4 g6 Qh6+ Kg8 Qf4 f5 Bg2 Na6 Qd4 Nc7 Rac1 Nb5 Qc4 Na7 Qd4 Nb5 Qc4 Na7 Qxg4 fxg4 Be4 Nb5 Bxg6 Bxd5 Rhg1 Bxa2 Be4 d5 Bd3 Nd6 Ke1 Kf7 Rc5 Re8 Rxa5 Bb3 Kd2 Re5 Rc5 Kf6 Re1 Qa4 h5 Qb4+ Rc3 Rxh5 Ke2 Ba4 f4 Qxb2+ Rc2 Bxc2 e4 Bxd3+ Kxd3 Rh3+ Re3 dxe4#,d4 d5 c4 e6 Nc3 Nf6 Qa4+ Nc6 Nf3 b5 Qxb5 Qd7 cxd5 exd5 Bf4 Bd6 Bxd6 cxd6 e3 Ke7 Bd3 Bb7 Kd2 h5 h4 a5 g4 hxg4 Ng5 Rh5 Nxd5+ Nxd5 Qxd5 Rxg5 Qxg5+ Kf8 d5 Nb4 Be4 g6 Qh6+ Kg8 Qf4 f5 Bg2 Na6 Qd4 Nc7 Rac1 Nb5 Qc4 Na7 Qd4 Nb5 Qc4 Na7 Qxg4 fxg4 Be4 Nb5 Bxg6 Bxd5 Rhg1 Bxa2 Be4 d5 Bd3 Nd6 Ke1 Kf7 Rc5 Re8 Rxa5 Bb3 Kd2 Re5 Rc5 Kf6 Re1 Qa4 h5 Qb4+ Rc3 Rxh5 Ke2 Ba4 f4 Qxb2+ Rc2 Bxc2 e4 Bxd3+ Kxd3 Rh3+ Re3 dxe4#,8/8/3n1k2/8/4pPp1/3KR2r/1q6/8 w - - 0 49,-100000,20.862788699989324,white,45,47285,1050.7777777777778,4996,11.794811300071299,11.800276599940844,0.2622283688875743,2.088888888888889,3,0,45,3,20,22,11.800276599940844,4.199723400059156,black,45,37210,826.8888888888889,5435,9.0,9.005657999994582,0.20012573333321296,2.1777777777777776,3,0,45,15,15,15,9.005657999994582,6.9943420000054175
20260805_000246,t200ms_queens_gambit_declined_dynamic_black,queens_gambit_declined,closed_game,d4 d5 c4 e6 Nc3 Nf6,rnbqkb1r/ppp2ppp/4pn2/3p4/2PP4/2N5/PP2PPPP/R1BQKBNR w KQkq - 2 4,0.2,16.0,True,1/2-1/2,threefold_repetition,0.5,53,59,d1a4 b8c6 g1f3 b7b5 a4b5 d8d7 c4d5 e6d5 c1f4 f8d6 f4d6 c7d6 e2e3 e8e7 f1d3 c8b7 e1d2 h7h5 h2h4 a7a5 g2g4 h5g4 f3g5 h8h5 c3d5 f6d5 b5d5 c6e5 d5b3 b7h1 d4e5 d6e5 b3f7 e7d8 f7h5 h1e4 g5e4 d7d5 h5g5 d8e8 g5g6 e8d8 g6b6 d8d7 e4c5 d7c8 d2e1 d5h1 e1d2 h1d5 d2e1 d5h1 e1d2,Qa4+ Nc6 Nf3 b5 Qxb5 Qd7 cxd5 exd5 Bf4 Bd6 Bxd6 cxd6 e3 Ke7 Bd3 Bb7 Kd2 h5 h4 a5 g4 hxg4 Ng5 Rh5 Nxd5+ Nxd5 Qxd5 Ne5 Qb3 Bxh1 dxe5 dxe5 Qxf7+ Kd8 Qxh5 Be4 Nxe4 Qd5 Qg5+ Ke8 Qg6+ Kd8 Qb6+ Kd7 Nc5+ Kc8 Ke1 Qh1+ Kd2 Qd5 Ke1 Qh1+ Kd2,d4 d5 c4 e6 Nc3 Nf6 Qa4+ Nc6 Nf3 b5 Qxb5 Qd7 cxd5 exd5 Bf4 Bd6 Bxd6 cxd6 e3 Ke7 Bd3 Bb7 Kd2 h5 h4 a5 g4 hxg4 Ng5 Rh5 Nxd5+ Nxd5 Qxd5 Ne5 Qb3 Bxh1 dxe5 dxe5 Qxf7+ Kd8 Qxh5 Be4 Nxe4 Qd5 Qg5+ Ke8 Qg6+ Kd8 Qb6+ Kd7 Nc5+ Kc8 Ke1 Qh1+ Kd2 Qd5 Ke1 Qh1+ Kd2,r1k5/6p1/1Q6/p1N1p3/6pP/3BP3/PP1K1P2/R6q b - - 16 30,0,13.20122820000688,black,26,32999,1269.1923076923076,4122,7.760000000000003,7.763484600043739,0.29859556154014383,2.6153846153846154,3,0,26,4,4,18,7.763484600043739,8.23651539995626,white,27,22164,820.8888888888889,2744,5.400000000000002,5.403482300025644,0.20012897407502384,2.1481481481481484,3,0,27,0,6,21,5.403482300025644,10.596517699974356
20260805_000246,t200ms_slav_defence_dynamic_white,slav_defence,closed_game,d4 d5 c4 c6 Nf3 Nf6,rnbqkb1r/pp2pppp/2p2n2/3p4/2PP4/5N2/PP2PPPP/RNBQKB1R w KQkq - 2 4,0.2,16.0,True,1-0,checkmate,1.0,31,37,b1c3 d5c4 c1f4 b8d7 e2e3 e7e5 d4e5 f8d6 e5d6 d8a5 b2b4 c4b3 d1b3 e8d8 b3f7 a5c3 e1e2 c3b2 f3d2 h8e8 a1b1 b2b1 d2b1 e8e4 b1c3 e4e3 f2e3 f6d5 c3d5 c6d5 f7e7,Nc3 dxc4 Bf4 Nbd7 e3 e5 dxe5 Bd6 exd6 Qa5 b4 cxb3 Qxb3 Kd8 Qxf7 Qxc3+ Ke2 Qb2+ Nd2 Re8 Rb1 Qxb1 Nxb1 Re4 Nc3 Rxe3+ fxe3 Nd5 Nxd5 cxd5 Qe7#,d4 d5 c4 c6 Nf3 Nf6 Nc3 dxc4 Bf4 Nbd7 e3 e5 dxe5 Bd6 exd6 Qa5 b4 cxb3 Qxb3 Kd8 Qxf7 Qxc3+ Ke2 Qb2+ Nd2 Re8 Rb1 Qxb1 Nxb1 Re4 Nc3 Rxe3+ fxe3 Nd5 Nxd5 cxd5 Qe7#,r1bk4/pp1nQ1pp/3P4/3p4/5B2/4P3/P3K1PP/5B1R b - - 1 19,100000,7.180961500009289,white,16,20817,1301.0625,4393,4.159999999999999,4.161598499980755,0.2600999062487972,2.75,4,0,16,4,4,8,4.161598499980755,11.838401500019245,black,15,13889,925.9333333333333,2315,3.0000000000000004,3.0022568999847863,0.20015045999898576,2.3333333333333335,3,0,15,3,6,6,3.0022568999847863,12.997743100015214
20260805_000246,t200ms_slav_defence_dynamic_black,slav_defence,closed_game,d4 d5 c4 c6 Nf3 Nf6,rnbqkb1r/pp2pppp/2p2n2/3p4/2PP4/5N2/PP2PPPP/RNBQKB1R w KQkq - 2 4,0.2,16.0,True,0-1,checkmate,1.0,34,40,b1c3 d5c4 c1f4 b8d7 e2e3 e7e5 d4e5 f8d6 e5d6 d8a5 b2b4 c4b3 d1b3 e8d8 b3f7 a5c3 e1e2 c3b2 e2d3 d7c5 d3c4 c8e6 f7e6 c5e6 a1d1 b2a2 c4c3 a2f2 f1c4 f6e4 c3d3 e6c5 d3d4 f2b2,Nc3 dxc4 Bf4 Nbd7 e3 e5 dxe5 Bd6 exd6 Qa5 b4 cxb3 Qxb3 Kd8 Qxf7 Qxc3+ Ke2 Qb2+ Kd3 Nc5+ Kc4 Be6+ Qxe6 Nxe6 Rd1 Qxa2+ Kc3 Qxf2 Bc4 Ne4+ Kd3 N6c5+ Kd4 Qb2#,d4 d5 c4 c6 Nf3 Nf6 Nc3 dxc4 Bf4 Nbd7 e3 e5 dxe5 Bd6 exd6 Qa5 b4 cxb3 Qxb3 Kd8 Qxf7 Qxc3+ Ke2 Qb2+ Kd3 Nc5+ Kc4 Be6+ Qxe6 Nxe6 Rd1 Qxa2+ Kc3 Qxf2 Bc4 Ne4+ Kd3 N6c5+ Kd4 Qb2#,r2k3r/pp4pp/2pP4/2n5/2BKnB2/4PN2/1q4PP/3R3R w - - 6 21,-100000,8.343544499992277,black,17,21385,1257.9411764705883,3548,4.92,4.922298500023317,0.2895469705896069,2.411764705882353,3,0,17,3,3,11,4.922298500023317,11.077701499976683,white,17,14405,847.3529411764706,1969,3.400000000000001,3.4015947000007145,0.20009380588239498,2.5294117647058822,4,0,17,5,5,7,3.4015947000007145,12.598405299999285
20260805_000246,t200ms_kings_indian_defence_dynamic_white,kings_indian_defence,indian_game,d4 Nf6 c4 g6 Nc3 Bg7,rnbqk2r/ppppppbp/5np1/8/2PP4/2N5/PP2PPPP/R1BQKBNR w KQkq - 2 4,0.2,16.0,True,0-1,checkmate,0.0,76,82,g1f3 b8c6 c1f4 e7e6 d1d3 f6g4 e2e4 d8e7 f4c7 e7b4 e1e2 b4b2 d3d2 b2a1 c3b1 a1b1 c7d6 b1e4 e2d1 f7f5 f3g5 e4b1 d1e2 g7f6 g5e6 d7e6 e2f3 b1e4 f3g3 c8d7 f1d3 e4d4 h1e1 d4d6 f2f4 e8f7 g3f3 g4h2 f3g3 h2g4 g3f3 c6d4 f3g3 d7c6 g3h3 h7h5 g2g3 a7a5 a2a4 c6a4 d2b2 g4f2 b2f2 d4c6 d3b1 h8e8 f2f3 c6e7 f3b7 a8d8 e1e3 f7g8 b7f3 d6d4 e3e6 d4c4 e6f6 g6g5 f4g5 d8d4 f3h5 c4f1 h3h2 d4d2 h5e2 d2e2,Nf3 Nc6 Bf4 e6 Qd3 Ng4 e4 Qe7 Bxc7 Qb4 Ke2 Qxb2+ Qd2 Qxa1 Nb1 Qxb1 Bd6 Qxe4+ Kd1 f5 Ng5 Qb1+ Ke2 Bf6 Nxe6 dxe6 Kf3 Qe4+ Kg3 Bd7 Bd3 Qxd4 Re1 Qxd6+ f4 Kf7 Kf3 Nxh2+ Kg3 Ng4 Kf3 Nd4+ Kg3 Bc6 Kh3 h5 g3 a5 a4 Bxa4 Qb2 Nf2+ Qxf2 Nc6 Bb1 Rhe8 Qf3 Ne7 Qxb7 Rad8 Re3 Kg8 Qf3 Qd4 Rxe6 Qxc4 Rxf6 g5 fxg5 Rd4 Qxh5 Qf1+ Kh2 Rd2+ Qe2 Rxe2#,d4 Nf6 c4 g6 Nc3 Bg7 Nf3 Nc6 Bf4 e6 Qd3 Ng4 e4 Qe7 Bxc7 Qb4 Ke2 Qxb2+ Qd2 Qxa1 Nb1 Qxb1 Bd6 Qxe4+ Kd1 f5 Ng5 Qb1+ Ke2 Bf6 Nxe6 dxe6 Kf3 Qe4+ Kg3 Bd7 Bd3 Qxd4 Re1 Qxd6+ f4 Kf7 Kf3 Nxh2+ Kg3 Ng4 Kf3 Nd4+ Kg3 Bc6 Kh3 h5 g3 a5 a4 Bxa4 Qb2 Nf2+ Qxf2 Nc6 Bb1 Rhe8 Qf3 Ne7 Qxb7 Rad8 Re3 Kg8 Qf3 Qd4 Rxe6 Qxc4 Rxf6 g5 fxg5 Rd4 Qxh5 Qf1+ Kh2 Rd2+ Qe2 Rxe2#,4r1k1/4n3/5R2/p4pP1/b7/6P1/4r2K/1B3q2 w - - 0 42,-100000,16.938099800012424,white,38,38020,1000.5263157894736,5719,9.280000000000001,9.283982300039497,0.2443153236852499,2.3947368421052633,5,0,38,7,17,14,9.283982300039497,6.716017699960503,black,38,30725,808.5526315789474,4006,7.600000000000004,7.605000499985181,0.2001315921048732,2.0526315789473686,3,0,38,7,11,20,7.605000499985181,8.39499950001482
20260805_000246,t200ms_kings_indian_defence_dynamic_black,kings_indian_defence,indian_game,d4 Nf6 c4 g6 Nc3 Bg7,rnbqk2r/ppppppbp/5np1/8/2PP4/2N5/PP2PPPP/R1BQKBNR w KQkq - 2 4,0.2,16.0,True,0-1,checkmate,1.0,52,58,g1f3 b8c6 c1f4 e7e6 d1d3 f6g4 e2e4 d8e7 f4c7 e7b4 e1e2 b4b2 d3d2 b2a1 c3b1 a1b1 c7d6 b1e4 e2d1 f7f5 f3g5 e4b1 d1e2 g7f6 g5e6 d7e6 e2f3 b1e4 f3g3 c8d7 f2f3 f5f4 d6f4 e4f5 f3g4 f5e4 f4d6 e8f7 h2h4 h8e8 d2f2 c6d4 g3h2 e4g4 f1d3 d4f5 d3f5 e6f5 f2c5 g4h4 h2g1 e8e1,Nf3 Nc6 Bf4 e6 Qd3 Ng4 e4 Qe7 Bxc7 Qb4 Ke2 Qxb2+ Qd2 Qxa1 Nb1 Qxb1 Bd6 Qxe4+ Kd1 f5 Ng5 Qb1+ Ke2 Bf6 Nxe6 dxe6 Kf3 Qe4+ Kg3 Bd7 f3 f4+ Bxf4 Qf5 fxg4 Qe4 Bd6 Kf7 h4 Rhe8 Qf2 Nxd4 Kh2 Qxg4 Bd3 Nf5 Bxf5 exf5 Qc5 Qxh4+ Kg1 Re1#,d4 Nf6 c4 g6 Nc3 Bg7 Nf3 Nc6 Bf4 e6 Qd3 Ng4 e4 Qe7 Bxc7 Qb4 Ke2 Qxb2+ Qd2 Qxa1 Nb1 Qxb1 Bd6 Qxe4+ Kd1 f5 Ng5 Qb1+ Ke2 Bf6 Nxe6 dxe6 Kf3 Qe4+ Kg3 Bd7 f3 f4+ Bxf4 Qf5 fxg4 Qe4 Bd6 Kf7 h4 Rhe8 Qf2 Nxd4 Kh2 Qxg4 Bd3 Nf5 Bxf5 exf5 Qc5 Qxh4+ Kg1 Re1#,r7/pp1b1k1p/3B1bp1/2Q2p2/2P4q/8/P5P1/4r1KR w - - 2 30,-100000,13.559877000006963,black,26,34212,1315.8461538461538,3746,8.320000000000002,8.323139299958711,0.32012074230610427,2.1538461538461537,4,0,26,3,2,21,8.323139299958711,7.6768607000412885,white,26,20818,800.6923076923077,3141,5.200000000000002,5.203780699943309,0.2001454115362811,2.269230769230769,4,0,26,11,7,8,5.203780699943309,10.796219300056691
20260805_000246,t200ms_english_opening_dynamic_white,english_opening,flank_opening,c4 e5 Nc3 Nf6 g3 d5,rnbqkb1r/ppp2ppp/5n2/3pp3/2P5/2N3P1/PP1PPP1P/R1BQKBNR w KQkq - 0 4,0.2,16.0,True,1-0,checkmate,1.0,43,49,d1a4 c8d7 a4a5 b8c6 a5b5 d5c4 b5c4 c6e7 g1f3 d7f5 c4b5 e7c6 f3e5 d8d4 e5c6 b7c6 b5c6 e8e7 c6a8 e7e6 a8c6 f8d6 c3b5 d4b6 b5c7 b6c7 c6a6 e6d5 f1g2 d5e6 e1g1 f5e4 g2e4 f6e4 d2d4 e4f2 f1f2 e6d5 c1e3 d6b4 f2f5 d5e4 a6d3,Qa4+ Bd7 Qa5 Nc6 Qb5 dxc4 Qxc4 Ne7 Nf3 Bf5 Qb5+ Nc6 Nxe5 Qd4 Nxc6 bxc6 Qxc6+ Ke7 Qxa8 Ke6 Qc6+ Bd6 Nb5 Qb6 Nxc7+ Qxc7 Qa6 Kd5 Bg2+ Ke6 O-O Be4 Bxe4 Nxe4 d4 Nxf2 Rxf2 Kd5 Be3 Bb4 Rf5+ Ke4 Qd3#,c4 e5 Nc3 Nf6 g3 d5 Qa4+ Bd7 Qa5 Nc6 Qb5 dxc4 Qxc4 Ne7 Nf3 Bf5 Qb5+ Nc6 Nxe5 Qd4 Nxc6 bxc6 Qxc6+ Ke7 Qxa8 Ke6 Qc6+ Bd6 Nb5 Qb6 Nxc7+ Qxc7 Qa6 Kd5 Bg2+ Ke6 O-O Be4 Bxe4 Nxe4 d4 Nxf2 Rxf2 Kd5 Be3 Bb4 Rf5+ Ke4 Qd3#,7r/p1q2ppp/8/5R2/1b1Pk3/3QB1P1/PP2P2P/R5K1 b - - 6 25,100000,11.670744100003503,white,22,30089,1367.6818181818182,3735,7.440000000000002,7.442367199953878,0.33828941817972175,2.409090909090909,4,0,22,0,3,19,7.442367199953878,8.557632800046122,black,21,17637,839.8571428571429,2887,4.200000000000001,4.203234799977508,0.20015403809416707,2.4761904761904763,4,0,21,5,4,12,4.203234799977508,11.796765200022492
20260805_000246,t200ms_english_opening_dynamic_black,english_opening,flank_opening,c4 e5 Nc3 Nf6 g3 d5,rnbqkb1r/ppp2ppp/5n2/3pp3/2P5/2N3P1/PP1PPP1P/R1BQKBNR w KQkq - 0 4,0.2,16.0,True,1/2-1/2,threefold_repetition,0.5,108,114,d1a4 c8d7 a4a5 b8c6 a5b5 d5c4 b5c4 c6e7 g1f3 d7f5 c4b5 e7c6 f3e5 d8d4 e5c6 b7c6 b5c6 e8e7 c6a8 e7e6 a8c6 f8d6 c3b5 d4b6 c6c4 f6d5 b5d6 b6d6 f1g2 e6f6 c4d4 d6e5 d4e5 f6e5 g2d5 e5d5 e2e3 f5e4 h1g1 h8e8 d2d4 f7f6 c1d2 c7c6 f2f4 h7h5 a1c1 g7g5 c1c5 d5d6 f4g5 f6g5 c5g5 e8e6 g5h5 d6c7 d2a5 c7d6 h5c5 d6e7 g1f1 e6d6 c5e5 d6e6 a5b4 e7d7 f1f7 d7e8 f7f8 e8d7 f8f7 d7e8 e5e6 e8f7 e6e4 f7f6 b4d6 a7a5 d6e5 f6e6 e5c7 e6d5 e4e5 d5c4 c7a5 c4d3 e5e6 d3c2 a5c3 c2d3 e3e4 d3e3 b2b3 e3d3 c3b2 d3c2 b2a3 c2d3 a3c5 d3e3 h2h4 e3f3 c5d6 f3e3 d6c5 e3f3 c5d6 f3e3,Qa4+ Bd7 Qa5 Nc6 Qb5 dxc4 Qxc4 Ne7 Nf3 Bf5 Qb5+ Nc6 Nxe5 Qd4 Nxc6 bxc6 Qxc6+ Ke7 Qxa8 Ke6 Qc6+ Bd6 Nb5 Qb6 Qc4+ Nd5 Nxd6 Qxd6 Bg2 Kf6 Qd4+ Qe5 Qxe5+ Kxe5 Bxd5 Kxd5 e3 Be4 Rg1 Re8 d4 f6 Bd2 c6 f4 h5 Rc1 g5 Rc5+ Kd6 fxg5 fxg5 Rxg5 Re6 Rxh5 Kc7 Ba5+ Kd6 Rc5 Ke7 Rf1 Rd6 Re5+ Re6 Bb4+ Kd7 Rf7+ Ke8 Rf8+ Kd7 Rf7+ Ke8 Rxe6+ Kxf7 Rxe4 Kf6 Bd6 a5 Be5+ Ke6 Bc7+ Kd5 Re5+ Kc4 Bxa5 Kd3 Re6 Kc2 Bc3 Kd3 e4 Ke3 b3 Kd3 Bb2 Kc2 Ba3 Kd3 Bc5 Ke3 h4 Kf3 Bd6 Ke3 Bc5 Kf3 Bd6 Ke3,c4 e5 Nc3 Nf6 g3 d5 Qa4+ Bd7 Qa5 Nc6 Qb5 dxc4 Qxc4 Ne7 Nf3 Bf5 Qb5+ Nc6 Nxe5 Qd4 Nxc6 bxc6 Qxc6+ Ke7 Qxa8 Ke6 Qc6+ Bd6 Nb5 Qb6 Qc4+ Nd5 Nxd6 Qxd6 Bg2 Kf6 Qd4+ Qe5 Qxe5+ Kxe5 Bxd5 Kxd5 e3 Be4 Rg1 Re8 d4 f6 Bd2 c6 f4 h5 Rc1 g5 Rc5+ Kd6 fxg5 fxg5 Rxg5 Re6 Rxh5 Kc7 Ba5+ Kd6 Rc5 Ke7 Rf1 Rd6 Re5+ Re6 Bb4+ Kd7 Rf7+ Ke8 Rf8+ Kd7 Rf7+ Ke8 Rxe6+ Kxf7 Rxe4 Kf6 Bd6 a5 Be5+ Ke6 Bc7+ Kd5 Re5+ Kc4 Bxa5 Kd3 Re6 Kc2 Bc3 Kd3 e4 Ke3 b3 Kd3 Bb2 Kc2 Ba3 Kd3 Bc5 Ke3 h4 Kf3 Bd6 Ke3 Bc5 Kf3 Bd6 Ke3,8/8/2pBR3/8/3PP2P/1P2k1P1/P7/4K3 w - - 7 58,0,22.948366199998418,black,54,63193,1170.2407407407406,6989,12.079999999999988,12.086080200009746,0.2238163000001805,2.685185185185185,4,0,54,28,4,22,12.086080200009746,3.9139197999902535,white,54,58993,1092.462962962963,8330,10.799999999999994,10.805794399886508,0.200107303701602,2.314814814814815,3,0,54,10,20,24,10.805794399886508,5.1942056001134915
