experiment_timestamp,game_id,opening_name,opening_family,opening_moves_san,opening_fen,opening_plies,white_depth,black_depth,white_algorithm,black_algorithm,completed_game,result,termination_reason,engine_plies_played,total_plies_from_start,engine_moves_uci,engine_moves_san,full_game_san,final_fen,final_evaluation_white_perspective,white_move_count,black_move_count,total_white_nodes,total_black_nodes,average_white_nodes_per_move,average_black_nodes_per_move,maximum_white_nodes_for_one_move,maximum_black_nodes_for_one_move,total_white_cutoffs,total_black_cutoffs,total_white_time,total_black_time,average_white_time_per_move,average_black_time_per_move,maximum_white_time_for_one_move,maximum_black_time_for_one_move,white_move_nodes,black_move_nodes,white_move_times,black_move_times,game_search_time,game_wall_time,challenger_depth,baseline_depth,challenger_color,challenger_score,challenger_move_count,baseline_move_count,challenger_total_nodes,baseline_total_nodes,challenger_average_nodes_per_move,baseline_average_nodes_per_move,challenger_total_cutoffs,baseline_total_cutoffs,challenger_total_time,baseline_total_time,challenger_average_time_per_move,baseline_average_time_per_move
20260804_220257,d2_starting_position_challenger_white,starting_position,starting_position,,rnbqkbnr/pppppppp/8/8/8/8/PPPPPPPP/RNBQKBNR w KQkq - 0 1,0,2,2,ordered,ordered,True,1/2-1/2,threefold_repetition,48,48,g1f3 g8f6 b1c3 b8c6 e2e3 e7e6 f1d3 h7h5 h2h4 f8c5 b2b4 c6b4 d3c4 c7c6 e1e2 d8c7 c1b2 c7d6 d2d4 c5b6 e3e4 d6f4 f3e1 f4g4 f2f3 g4f4 e2f1 a7a5 g2g4 h5g4 e1g2 f4d6 f3g4 a5a4 g2e3 d6f4 f1g2 f4e3 c3a4 a8a4 e4e5 e3e4 g2g3 e4e3 g3g2 e3e4 g2g3 e4e3,Nf3 Nf6 Nc3 Nc6 e3 e6 Bd3 h5 h4 Bc5 b4 Nxb4 Bc4 c6 Ke2 Qc7 Bb2 Qd6 d4 Bb6 e4 Qf4 Ne1 Qg4+ f3 Qf4 Kf1 a5 g4 hxg4 Ng2 Qd6 fxg4 a4 Ne3 Qf4+ Kg2 Qxe3 Nxa4 Rxa4 e5 Qe4+ Kg3 Qe3+ Kg2 Qe4+ Kg3 Qe3+,Nf3 Nf6 Nc3 Nc6 e3 e6 Bd3 h5 h4 Bc5 b4 Nxb4 Bc4 c6 Ke2 Qc7 Bb2 Qd6 d4 Bb6 e4 Qf4 Ne1 Qg4+ f3 Qf4 Kf1 a5 g4 hxg4 Ng2 Qd6 fxg4 a4 Ne3 Qf4+ Kg2 Qxe3 Nxa4 Rxa4 e5 Qe4+ Kg3 Qe3+ Kg2 Qe4+ Kg3 Qe3+,2b1k2r/1p1p1pp1/1bp1pn2/4P3/rnBP2PP/4q1K1/PBP5/R2Q3R w k - 7 25,0,24,24,5669,4753,236.20833333333334,198.04166666666666,455,361,593,927,0.789220699982252,0.6582163999119075,0.03288419583259383,0.027425683329662814,0.06259549999958836,0.05047020000347402,86|119|311|196|222|143|280|265|348|288|414|193|134|233|455|397|122|317|62|358|348|130|118|130,118|98|211|272|238|108|330|330|324|163|289|104|210|299|134|290|361|98|154|152|120|115|120|115,0.009633500|0.012583700|0.033452600|0.024736800|0.029015300|0.021074900|0.036912800|0.034746700|0.047560100|0.040356300|0.056336200|0.030706600|0.018499900|0.034434100|0.062595500|0.057117200|0.020161600|0.045328400|0.008870300|0.052442400|0.051344200|0.026076800|0.016727800|0.018507000,0.012906800|0.010489100|0.025663100|0.036378800|0.032243000|0.017013900|0.042286200|0.045075400|0.042935500|0.024838800|0.039762800|0.015072700|0.029376600|0.039308400|0.020637900|0.041500800|0.050470200|0.015480700|0.023076000|0.022659500|0.018420000|0.018101200|0.018041300|0.016477700,1.4474370998941595,1.4571190999995451,2,2,white,0.5,24,24,5669,4753,236.20833333333334,198.04166666666666,593,927,0.789220699982252,0.6582163999119075,0.03288419583259383,0.027425683329662814
20260804_220257,d2_starting_position_challenger_black,starting_position,starting_position,,rnbqkbnr/pppppppp/8/8/8/8/PPPPPPPP/RNBQKBNR w KQkq - 0 1,0,2,2,ordered,ordered,True,1/2-1/2,threefold_repetition,48,48,g1f3 g8f6 b1c3 b8c6 e2e3 e7e6 f1d3 h7h5 h2h4 f8c5 b2b4 c6b4 d3c4 c7c6 e1e2 d8c7 c1b2 c7d6 d2d4 c5b6 e3e4 d6f4 f3e1 f4g4 f2f3 g4f4 e2f1 a7a5 g2g4 h5g4 e1g2 f4d6 f3g4 a5a4 g2e3 d6f4 f1g2 f4e3 c3a4 a8a4 e4e5 e3e4 g2g3 e4e3 g3g2 e3e4 g2g3 e4e3,Nf3 Nf6 Nc3 Nc6 e3 e6 Bd3 h5 h4 Bc5 b4 Nxb4 Bc4 c6 Ke2 Qc7 Bb2 Qd6 d4 Bb6 e4 Qf4 Ne1 Qg4+ f3 Qf4 Kf1 a5 g4 hxg4 Ng2 Qd6 fxg4 a4 Ne3 Qf4+ Kg2 Qxe3 Nxa4 Rxa4 e5 Qe4+ Kg3 Qe3+ Kg2 Qe4+ Kg3 Qe3+,Nf3 Nf6 Nc3 Nc6 e3 e6 Bd3 h5 h4 Bc5 b4 Nxb4 Bc4 c6 Ke2 Qc7 Bb2 Qd6 d4 Bb6 e4 Qf4 Ne1 Qg4+ f3 Qf4 Kf1 a5 g4 hxg4 Ng2 Qd6 fxg4 a4 Ne3 Qf4+ Kg2 Qxe3 Nxa4 Rxa4 e5 Qe4+ Kg3 Qe3+ Kg2 Qe4+ Kg3 Qe3+,2b1k2r/1p1p1pp1/1bp1pn2/4P3/rnBP2PP/4q1K1/PBP5/R2Q3R w k - 7 25,0,24,24,5669,4753,236.20833333333334,198.04166666666666,455,361,593,927,0.7940244000492385,0.7493233000277542,0.0330843500020516,0.03122180416782309,0.06509810000716243,0.09007259999634698,86|119|311|196|222|143|280|265|348|288|414|193|134|233|455|397|122|317|62|358|348|130|118|130,118|98|211|272|238|108|330|330|324|163|289|104|210|299|134|290|361|98|154|152|120|115|120|115,0.009073800|0.012461100|0.034260600|0.023603100|0.028249000|0.021958800|0.037295500|0.036482700|0.047502600|0.039258500|0.055404400|0.032986500|0.019470600|0.036746500|0.065098100|0.058320200|0.020282400|0.045957600|0.009437200|0.054983900|0.051122900|0.018092500|0.016382200|0.019593700,0.012502400|0.010782700|0.024922000|0.035238000|0.038353300|0.016913500|0.043170300|0.042036100|0.044303400|0.023696100|0.048211300|0.016018200|0.030589300|0.043508900|0.021693600|0.042209700|0.049544500|0.016010500|0.023347500|0.022991200|0.017663200|0.017131800|0.018413200|0.090072600,1.5433477000769926,1.5546403999906033,2,2,black,0.5,24,24,4753,5669,198.04166666666666,236.20833333333334,927,593,0.7493233000277542,0.7940244000492385,0.03122180416782309,0.0330843500020516
20260804_220257,d2_open_game_challenger_white,open_game,open_game,e4 e5,rnbqkbnr/pppp1ppp/8/4p3/4P3/8/PPPP1PPP/RNBQKBNR w KQkq - 0 2,2,2,2,ordered,ordered,True,0-1,checkmate,58,60,b1c3 b8c6 g1f3 g8f6 d2d4 e5d4 c3b5 f8b4 c2c3 d4c3 b2c3 f6e4 c3b4 c6b4 d1d4 b4c2 e1d1 c2d4 b5d4 e4f2 d1c2 f2h1 c1f4 d7d5 f1b5 c7c6 a1e1 e8f8 b5d3 h1f2 d3e2 c6c5 d4b5 c8f5 c2b3 d8e7 b5a7 a8a7 a2a4 f2e4 e2d3 c5c4 d3c4 d5c4 b3c4 a7a4 c4d3 e7a3 d3c2 a3c3 c2d1 c3d3 d1c1 a4c4 c1b2 c4b4 b2a2 d3a6,Nc3 Nc6 Nf3 Nf6 d4 exd4 Nb5 Bb4+ c3 dxc3 bxc3 Nxe4 cxb4 Nxb4 Qd4 Nc2+ Kd1 Nxd4 Nbxd4 Nxf2+ Kc2 Nxh1 Bf4 d5 Bb5+ c6 Re1+ Kf8 Bd3 Nf2 Be2 c5 Nb5 Bf5+ Kb3 Qe7 Nxa7 Rxa7 a4 Ne4 Bd3 c4+ Bxc4 dxc4+ Kxc4 Rxa4+ Kd3 Qa3+ Kc2 Qc3+ Kd1 Qd3+ Kc1 Rc4+ Kb2 Rb4+ Ka2 Qa6#,e4 e5 Nc3 Nc6 Nf3 Nf6 d4 exd4 Nb5 Bb4+ c3 dxc3 bxc3 Nxe4 cxb4 Nxb4 Qd4 Nc2+ Kd1 Nxd4 Nbxd4 Nxf2+ Kc2 Nxh1 Bf4 d5 Bb5+ c6 Re1+ Kf8 Bd3 Nf2 Be2 c5 Nb5 Bf5+ Kb3 Qe7 Nxa7 Rxa7 a4 Ne4 Bd3 c4+ Bxc4 dxc4+ Kxc4 Rxa4+ Kd3 Qa3+ Kc2 Qc3+ Kd1 Qd3+ Kc1 Rc4+ Kb2 Rb4+ Ka2 Qa6#,5k1r/1p3ppp/q7/5b2/1r2nB2/5N2/K5PP/4R3 w - - 12 31,-100000,29,29,4292,4182,148.0,144.20689655172413,495,407,654,984,3.501229899993632,3.5514063000300666,0.12073206551702179,0.12246228620793333,0.38961379999818746,0.3376929000078235,156|130|200|138|79|119|118|235|76|97|97|322|103|111|175|198|243|98|243|495|323|58|53|104|92|58|59|52|60,190|122|97|63|116|131|110|78|108|67|97|316|112|65|407|390|79|222|138|360|97|89|85|103|109|114|109|105|103,0.123587900|0.115384200|0.167429900|0.109904800|0.067367600|0.111704700|0.117640900|0.198125100|0.067478800|0.063504700|0.074643500|0.223892300|0.105467200|0.102587500|0.151651200|0.162950400|0.208587000|0.078054100|0.220296300|0.389613800|0.241805800|0.043132400|0.044569800|0.084299900|0.064726300|0.039591400|0.042336100|0.034910800|0.045985500,0.165195500|0.107536800|0.088927600|0.065479400|0.115032400|0.113281600|0.103444100|0.091458300|0.114261000|0.057743100|0.094175200|0.246186600|0.083420600|0.053160900|0.337692900|0.268821200|0.087691600|0.200634500|0.133922800|0.265638800|0.058458400|0.101109300|0.080325000|0.085541800|0.087331100|0.085145400|0.085148300|0.092506900|0.082135200,7.052636200023699,7.123271899996325,2,2,white,0.0,29,29,4292,4182,148.0,144.20689655172413,654,984,3.501229899993632,3.5514063000300666,0.12073206551702179,0.12246228620793333
20260804_220257,d2_open_game_challenger_black,open_game,open_game,e4 e5,rnbqkbnr/pppp1ppp/8/4p3/4P3/8/PPPP1PPP/RNBQKBNR w KQkq - 0 2,2,2,2,ordered,ordered,True,0-1,checkmate,58,60,b1c3 b8c6 g1f3 g8f6 d2d4 e5d4 c3b5 f8b4 c2c3 d4c3 b2c3 f6e4 c3b4 c6b4 d1d4 b4c2 e1d1 c2d4 b5d4 e4f2 d1c2 f2h1 c1f4 d7d5 f1b5 c7c6 a1e1 e8f8 b5d3 h1f2 d3e2 c6c5 d4b5 c8f5 c2b3 d8e7 b5a7 a8a7 a2a4 f2e4 e2d3 c5c4 d3c4 d5c4 b3c4 a7a4 c4d3 e7a3 d3c2 a3c3 c2d1 c3d3 d1c1 a4c4 c1b2 c4b4 b2a2 d3a6,Nc3 Nc6 Nf3 Nf6 d4 exd4 Nb5 Bb4+ c3 dxc3 bxc3 Nxe4 cxb4 Nxb4 Qd4 Nc2+ Kd1 Nxd4 Nbxd4 Nxf2+ Kc2 Nxh1 Bf4 d5 Bb5+ c6 Re1+ Kf8 Bd3 Nf2 Be2 c5 Nb5 Bf5+ Kb3 Qe7 Nxa7 Rxa7 a4 Ne4 Bd3 c4+ Bxc4 dxc4+ Kxc4 Rxa4+ Kd3 Qa3+ Kc2 Qc3+ Kd1 Qd3+ Kc1 Rc4+ Kb2 Rb4+ Ka2 Qa6#,e4 e5 Nc3 Nc6 Nf3 Nf6 d4 exd4 Nb5 Bb4+ c3 dxc3 bxc3 Nxe4 cxb4 Nxb4 Qd4 Nc2+ Kd1 Nxd4 Nbxd4 Nxf2+ Kc2 Nxh1 Bf4 d5 Bb5+ c6 Re1+ Kf8 Bd3 Nf2 Be2 c5 Nb5 Bf5+ Kb3 Qe7 Nxa7 Rxa7 a4 Ne4 Bd3 c4+ Bxc4 dxc4+ Kxc4 Rxa4+ Kd3 Qa3+ Kc2 Qc3+ Kd1 Qd3+ Kc1 Rc4+ Kb2 Rb4+ Ka2 Qa6#,5k1r/1p3ppp/q7/5b2/1r2nB2/5N2/K5PP/4R3 w - - 12 31,-100000,29,29,4292,4182,148.0,144.20689655172413,495,407,654,984,1.2739791000203695,1.1516459999402286,0.043930313793805846,0.039711931032421675,0.17528899999160785,0.1591957999917213,156|130|200|138|79|119|118|235|76|97|97|322|103|111|175|198|243|98|243|495|323|58|53|104|92|58|59|52|60,190|122|97|63|116|131|110|78|108|67|97|316|112|65|407|390|79|222|138|360|97|89|85|103|109|114|109|105|103,0.121825200|0.109748500|0.155285100|0.080186400|0.050180600|0.116789500|0.085787400|0.031477900|0.009270700|0.013075300|0.011805600|0.037542700|0.015061800|0.016186600|0.022974600|0.033008600|0.033548900|0.012559900|0.035343500|0.175289000|0.043313700|0.007177200|0.006546900|0.012783800|0.010759300|0.006738800|0.006722700|0.006016300|0.006972600,0.159195800|0.104328400|0.079356400|0.065233600|0.104580200|0.117689900|0.022127400|0.013414400|0.016543400|0.009893500|0.014011900|0.039483800|0.014762100|0.008267400|0.097423700|0.052607800|0.013054300|0.029587400|0.019713100|0.050195700|0.015680600|0.013207100|0.011728700|0.013319500|0.015090300|0.013458800|0.012559000|0.013132400|0.011999400,2.425625099960598,2.4502147999883164,2,2,black,1.0,29,29,4182,4292,144.20689655172413,148.0,984,654,1.1516459999402286,1.2739791000203695,0.039711931032421675,0.043930313793805846
20260804_220257,d2_italian_game_challenger_white,italian_game,open_game,e4 e5 Nf3 Nc6 Bc4 Bc5,r1bqk1nr/pppp1ppp/2n5/2b1p3/2B1P3/5N2/PPPP1PPP/RNBQK2R w KQkq - 4 4,6,2,2,ordered,ordered,True,1/2-1/2,threefold_repetition,90,96,e1e2 g8f6 b1c3 d7d5 e4d5 c6b4 c4b5 e8e7 f3e5 c8f5 d2d4 c5d6 e5c4 f5g4 f2f3 g4f3 g2f3 b4c2 d1c2 d6b4 d5d6 c7d6 c3a4 d6d5 c4e5 d8d6 e5d3 d6e6 e2f1 e6h3 f1g1 b4d6 c2e2 e7f8 a4c3 h3f5 d3f2 f5g6 g1f1 g6f5 c1d2 a8c8 c3a4 f8g8 e2e3 c8f8 a4c3 f8c8 c3e2 c8f8 a1c1 h7h5 h1g1 d6h2 g1g2 h2d6 f1g1 h8h7 d2a5 g8h8 a2a4 b7b6 a5d2 f8d8 c1c6 f5b1 e2c1 b1b2 c6d6 d8d6 c1d3 b2b1 g1h2 b1c2 d3e5 c2f5 e5f7 h8g8 f7d6 f5c2 e3e6 g8h8 d6f7 h8g8 f7e5 g8h8 e5f7 h8g8 f7e5 g8h8,Ke2 Nf6 Nc3 d5 exd5 Nb4 Bb5+ Ke7 Nxe5 Bf5 d4 Bd6 Nc4 Bg4+ f3 Bxf3+ gxf3 Nxc2 Qxc2 Bb4 d6+ cxd6 Na4 d5 Ne5 Qd6 Nd3 Qe6+ Kf1 Qh3+ Kg1 Bd6 Qe2+ Kf8 Nc3 Qf5 Nf2 Qg6+ Kf1 Qf5 Bd2 Rc8 Na4 Kg8 Qe3 Rf8 Nc3 Rc8 Ne2 Rf8 Rc1 h5 Rg1 Bxh2 Rg2 Bd6 Kg1 Rh7 Ba5 Kh8 a4 b6 Bd2 Rd8 Rc6 Qb1+ Nc1 Qxb2 Rxd6 Rxd6 Ncd3 Qb1+ Kh2 Qc2 Ne5 Qf5 Nxf7+ Kg8 Nxd6 Qc2 Qe6+ Kh8 Nf7+ Kg8 Ne5+ Kh8 Nf7+ Kg8 Ne5+ Kh8,e4 e5 Nf3 Nc6 Bc4 Bc5 Ke2 Nf6 Nc3 d5 exd5 Nb4 Bb5+ Ke7 Nxe5 Bf5 d4 Bd6 Nc4 Bg4+ f3 Bxf3+ gxf3 Nxc2 Qxc2 Bb4 d6+ cxd6 Na4 d5 Ne5 Qd6 Nd3 Qe6+ Kf1 Qh3+ Kg1 Bd6 Qe2+ Kf8 Nc3 Qf5 Nf2 Qg6+ Kf1 Qf5 Bd2 Rc8 Na4 Kg8 Qe3 Rf8 Nc3 Rc8 Ne2 Rf8 Rc1 h5 Rg1 Bxh2 Rg2 Bd6 Kg1 Rh7 Ba5 Kh8 a4 b6 Bd2 Rd8 Rc6 Qb1+ Nc1 Qxb2 Rxd6 Rxd6 Ncd3 Qb1+ Kh2 Qc2 Ne5 Qf5 Nxf7+ Kg8 Nxd6 Qc2 Qe6+ Kh8 Nf7+ Kg8 Ne5+ Kh8 Nf7+ Kg8 Ne5+ Kh8,7k/p5pr/1p2Qn2/1B1pN2p/P2P4/5P2/2qB1NRK/8 w - - 11 49,0,45,45,10123,8744,224.95555555555555,194.3111111111111,530,428,1683,1370,1.3714769999787677,1.2349582999449922,0.030477266666194838,0.027443517776555383,0.07039840001380071,0.05549900000914931,177|307|120|78|117|321|257|105|53|152|107|218|213|209|106|104|84|384|304|44|407|268|444|374|327|497|425|220|387|363|530|276|364|125|155|323|43|316|94|130|108|120|125|117|125,181|295|231|82|349|391|101|107|209|254|63|428|288|102|101|252|48|304|95|341|333|264|258|229|250|356|147|385|153|146|262|255|96|164|115|71|252|278|51|160|61|59|59|59|59,0.023151900|0.041438000|0.020432500|0.013333900|0.018531800|0.044087500|0.046835500|0.014467600|0.007971600|0.021833000|0.016810000|0.027918400|0.029067700|0.029334800|0.013365300|0.013150600|0.014623400|0.049241200|0.039708900|0.005355700|0.054313800|0.038293300|0.057817400|0.047993600|0.043945700|0.062232200|0.056561200|0.031407200|0.053435800|0.050690900|0.070398400|0.036959700|0.049036100|0.015664300|0.022818600|0.041647600|0.005482800|0.038229800|0.012729100|0.017114100|0.013862800|0.014977600|0.015325300|0.014113400|0.015767000,0.024115700|0.039534800|0.032075100|0.010461100|0.046137700|0.055499000|0.018463500|0.018693600|0.028407100|0.034563100|0.008198400|0.055178100|0.041113300|0.015493200|0.015450300|0.032097100|0.006145100|0.041896100|0.015747800|0.046464600|0.045980700|0.037443500|0.036828900|0.032902100|0.035586400|0.049146500|0.024661400|0.054672400|0.026505800|0.024771800|0.038155900|0.036941100|0.015902100|0.024659900|0.024559500|0.010502900|0.032638700|0.034525300|0.006208600|0.020911000|0.006971200|0.007003300|0.007209200|0.006954000|0.007581400,2.60643529992376,2.626235400006408,2,2,white,0.5,45,45,10123,8744,224.95555555555555,194.3111111111111,1683,1370,1.3714769999787677,1.2349582999449922,0.030477266666194838,0.027443517776555383
20260804_220257,d2_italian_game_challenger_black,italian_game,open_game,e4 e5 Nf3 Nc6 Bc4 Bc5,r1bqk1nr/pppp1ppp/2n5/2b1p3/2B1P3/5N2/PPPP1PPP/RNBQK2R w KQkq - 4 4,6,2,2,ordered,ordered,True,1/2-1/2,threefold_repetition,90,96,e1e2 g8f6 b1c3 d7d5 e4d5 c6b4 c4b5 e8e7 f3e5 c8f5 d2d4 c5d6 e5c4 f5g4 f2f3 g4f3 g2f3 b4c2 d1c2 d6b4 d5d6 c7d6 c3a4 d6d5 c4e5 d8d6 e5d3 d6e6 e2f1 e6h3 f1g1 b4d6 c2e2 e7f8 a4c3 h3f5 d3f2 f5g6 g1f1 g6f5 c1d2 a8c8 c3a4 f8g8 e2e3 c8f8 a4c3 f8c8 c3e2 c8f8 a1c1 h7h5 h1g1 d6h2 g1g2 h2d6 f1g1 h8h7 d2a5 g8h8 a2a4 b7b6 a5d2 f8d8 c1c6 f5b1 e2c1 b1b2 c6d6 d8d6 c1d3 b2b1 g1h2 b1c2 d3e5 c2f5 e5f7 h8g8 f7d6 f5c2 e3e6 g8h8 d6f7 h8g8 f7e5 g8h8 e5f7 h8g8 f7e5 g8h8,Ke2 Nf6 Nc3 d5 exd5 Nb4 Bb5+ Ke7 Nxe5 Bf5 d4 Bd6 Nc4 Bg4+ f3 Bxf3+ gxf3 Nxc2 Qxc2 Bb4 d6+ cxd6 Na4 d5 Ne5 Qd6 Nd3 Qe6+ Kf1 Qh3+ Kg1 Bd6 Qe2+ Kf8 Nc3 Qf5 Nf2 Qg6+ Kf1 Qf5 Bd2 Rc8 Na4 Kg8 Qe3 Rf8 Nc3 Rc8 Ne2 Rf8 Rc1 h5 Rg1 Bxh2 Rg2 Bd6 Kg1 Rh7 Ba5 Kh8 a4 b6 Bd2 Rd8 Rc6 Qb1+ Nc1 Qxb2 Rxd6 Rxd6 Ncd3 Qb1+ Kh2 Qc2 Ne5 Qf5 Nxf7+ Kg8 Nxd6 Qc2 Qe6+ Kh8 Nf7+ Kg8 Ne5+ Kh8 Nf7+ Kg8 Ne5+ Kh8,e4 e5 Nf3 Nc6 Bc4 Bc5 Ke2 Nf6 Nc3 d5 exd5 Nb4 Bb5+ Ke7 Nxe5 Bf5 d4 Bd6 Nc4 Bg4+ f3 Bxf3+ gxf3 Nxc2 Qxc2 Bb4 d6+ cxd6 Na4 d5 Ne5 Qd6 Nd3 Qe6+ Kf1 Qh3+ Kg1 Bd6 Qe2+ Kf8 Nc3 Qf5 Nf2 Qg6+ Kf1 Qf5 Bd2 Rc8 Na4 Kg8 Qe3 Rf8 Nc3 Rc8 Ne2 Rf8 Rc1 h5 Rg1 Bxh2 Rg2 Bd6 Kg1 Rh7 Ba5 Kh8 a4 b6 Bd2 Rd8 Rc6 Qb1+ Nc1 Qxb2 Rxd6 Rxd6 Ncd3 Qb1+ Kh2 Qc2 Ne5 Qf5 Nxf7+ Kg8 Nxd6 Qc2 Qe6+ Kh8 Nf7+ Kg8 Ne5+ Kh8 Nf7+ Kg8 Ne5+ Kh8,7k/p5pr/1p2Qn2/1B1pN2p/P2P4/5P2/2qB1NRK/8 w - - 11 49,0,45,45,10123,8744,224.95555555555555,194.3111111111111,530,428,1683,1370,1.369599100042251,1.2221294999908423,0.030435535556494465,0.02715843333312983,0.07151700000395067,0.0553595000092173,177|307|120|78|117|321|257|105|53|152|107|218|213|209|106|104|84|384|304|44|407|268|444|374|327|497|425|220|387|363|530|276|364|125|155|323|43|316|94|130|108|120|125|117|125,181|295|231|82|349|391|101|107|209|254|63|428|288|102|101|252|48|304|95|341|333|264|258|229|250|356|147|385|153|146|262|255|96|164|115|71|252|278|51|160|61|59|59|59|59,0.024683700|0.041371000|0.018831500|0.014151600|0.019943300|0.045069300|0.037131700|0.013892800|0.007102700|0.021754400|0.015152600|0.028558300|0.029463500|0.028870200|0.013830800|0.012834300|0.014619800|0.047556500|0.038456700|0.005442800|0.051898600|0.036507100|0.059358100|0.048382800|0.044456700|0.071517000|0.055353700|0.029992700|0.051589000|0.049814800|0.070846000|0.037800700|0.050208000|0.015034700|0.023192800|0.038242400|0.005127300|0.038553300|0.012237100|0.016915700|0.015226500|0.014846600|0.020764500|0.016584900|0.016430600,0.024048300|0.038954800|0.032127800|0.011122800|0.048294200|0.055359500|0.016396600|0.016705300|0.027906000|0.034857000|0.008269100|0.053834300|0.039154700|0.016286900|0.015709900|0.032660600|0.006537000|0.039069600|0.015579200|0.044615000|0.043864500|0.037569900|0.036289100|0.033486600|0.038761200|0.048759600|0.024050900|0.052363000|0.024637500|0.024362800|0.038214000|0.037450200|0.016689400|0.025062200|0.017896300|0.010532900|0.032234000|0.034750600|0.006125600|0.020933900|0.007681400|0.006966000|0.010832600|0.007486200|0.007640500,2.5917286000330932,2.6116419000027236,2,2,black,0.5,45,45,8744,10123,194.3111111111111,224.95555555555555,1370,1683,1.2221294999908423,1.369599100042251,0.02715843333312983,0.030435535556494465
20260804_220257,d2_ruy_lopez_challenger_white,ruy_lopez,open_game,e4 e5 Nf3 Nc6 Bb5 a6,r1bqkbnr/1ppp1ppp/p1n5/1B2p3/4P3/5N2/PPPP1PPP/RNBQK2R w KQkq - 0 4,6,2,2,ordered,ordered,True,1/2-1/2,threefold_repetition,15,21,b5c6 d7c6 f3e5 d8d4 e5f3 d4e4 e1f1 g8f6 f3g5 e4e5 g5f3 e5e4 f3g5 e4e5 g5f3,Bxc6 dxc6 Nxe5 Qd4 Nf3 Qxe4+ Kf1 Nf6 Ng5 Qe5 Nf3 Qe4 Ng5 Qe5 Nf3,e4 e5 Nf3 Nc6 Bb5 a6 Bxc6 dxc6 Nxe5 Qd4 Nf3 Qxe4+ Kf1 Nf6 Ng5 Qe5 Nf3 Qe4 Ng5 Qe5 Nf3,r1b1kb1r/1pp2ppp/p1p2n2/4q3/8/5N2/PPPP1PPP/RNBQ1K1R b kq - 9 11,0,8,7,1372,1003,171.5,143.28571428571428,271,213,184,283,0.18482850000145845,0.12767800001893193,0.023103562500182306,0.018239714288418845,0.036172399995848536,0.025975099997594953,124|85|271|50|157|264|157|264,76|176|95|213|133|177|133,0.017542700|0.011716200|0.035837400|0.005901200|0.021591800|0.036172400|0.021251700|0.034815100,0.010868900|0.023127500|0.012285200|0.025975100|0.017103100|0.021272400|0.017045800,0.3125065000203904,0.31567850000283215,2,2,white,0.5,8,7,1372,1003,171.5,143.28571428571428,184,283,0.18482850000145845,0.12767800001893193,0.023103562500182306,0.018239714288418845
20260804_220257,d2_ruy_lopez_challenger_black,ruy_lopez,open_game,e4 e5 Nf3 Nc6 Bb5 a6,r1bqkbnr/1ppp1ppp/p1n5/1B2p3/4P3/5N2/PPPP1PPP/RNBQK2R w KQkq - 0 4,6,2,2,ordered,ordered,True,1/2-1/2,threefold_repetition,15,21,b5c6 d7c6 f3e5 d8d4 e5f3 d4e4 e1f1 g8f6 f3g5 e4e5 g5f3 e5e4 f3g5 e4e5 g5f3,Bxc6 dxc6 Nxe5 Qd4 Nf3 Qxe4+ Kf1 Nf6 Ng5 Qe5 Nf3 Qe4 Ng5 Qe5 Nf3,e4 e5 Nf3 Nc6 Bb5 a6 Bxc6 dxc6 Nxe5 Qd4 Nf3 Qxe4+ Kf1 Nf6 Ng5 Qe5 Nf3 Qe4 Ng5 Qe5 Nf3,r1b1kb1r/1pp2ppp/p1p2n2/4q3/8/5N2/PPPP1PPP/RNBQ1K1R b kq - 9 11,0,8,7,1372,1003,171.5,143.28571428571428,271,213,184,283,0.1839085000101477,0.12691089999862015,0.02298856250126846,0.01813012857123145,0.03605819999938831,0.02598730000318028,124|85|271|50|157|264|157|264,76|176|95|213|133|177|133,0.016873700|0.012066900|0.036058200|0.006125100|0.021167200|0.035368000|0.021843400|0.034406000,0.010353600|0.023077200|0.012414900|0.025987300|0.017258600|0.021327700|0.016491600,0.31081940000876784,0.31374820000201,2,2,black,0.5,7,8,1003,1372,143.28571428571428,171.5,283,184,0.12691089999862015,0.1839085000101477,0.01813012857123145,0.02298856250126846
20260804_220257,d2_scotch_game_challenger_white,scotch_game,open_game,e4 e5 Nf3 Nc6 d4 exd4,r1bqkbnr/pppp1ppp/2n5/8/3pP3/5N2/PPP2PPP/RNBQKB1R w KQkq - 0 4,6,2,2,ordered,ordered,True,1/2-1/2,threefold_repetition,25,31,b1d2 g8f6 f1c4 d7d5 e4d5 d8e7 e1f1 c6b4 f3d4 e7e5 c4b5 e8d8 d4f3 e5d5 d1e2 b4c2 a1b1 d5a2 e2d3 d8e7 d3e2 e7d8 e2d3 d8e7 d3e2,Nbd2 Nf6 Bc4 d5 exd5 Qe7+ Kf1 Nb4 Nxd4 Qe5 Bb5+ Kd8 N4f3 Qxd5 Qe2 Nxc2 Rb1 Qxa2 Qd3+ Ke7 Qe2+ Kd8 Qd3+ Ke7 Qe2+,e4 e5 Nf3 Nc6 d4 exd4 Nbd2 Nf6 Bc4 d5 exd5 Qe7+ Kf1 Nb4 Nxd4 Qe5 Bb5+ Kd8 N4f3 Qxd5 Qe2 Nxc2 Rb1 Qxa2 Qd3+ Ke7 Qe2+ Kd8 Qd3+ Ke7 Qe2+,r1b2b1r/ppp1kppp/5n2/1B6/8/5N2/qPnNQPPP/1RB2K1R b - - 7 16,0,13,12,2371,1634,182.3846153846154,136.16666666666666,425,275,383,323,0.32942079998611007,0.22516150002775248,0.025340061537393082,0.01876345833564604,0.05696410000382457,0.03864610000164248,326|205|104|50|101|93|342|325|425|76|124|76|124,121|226|82|212|275|51|203|162|143|54|51|54,0.042320600|0.026393000|0.015358800|0.006579200|0.015544400|0.016197700|0.047464100|0.042835300|0.056964100|0.012321900|0.017694200|0.011960300|0.017787200,0.015533900|0.032296300|0.011860400|0.027405200|0.038646100|0.006818600|0.026798400|0.023567600|0.021265800|0.007468000|0.006095600|0.007405600,0.5545823000138626,0.5591013999946881,2,2,white,0.5,13,12,2371,1634,182.3846153846154,136.16666666666666,383,323,0.32942079998611007,0.22516150002775248,0.025340061537393082,0.01876345833564604
20260804_220257,d2_scotch_game_challenger_black,scotch_game,open_game,e4 e5 Nf3 Nc6 d4 exd4,r1bqkbnr/pppp1ppp/2n5/8/3pP3/5N2/PPP2PPP/RNBQKB1R w KQkq - 0 4,6,2,2,ordered,ordered,True,1/2-1/2,threefold_repetition,25,31,b1d2 g8f6 f1c4 d7d5 e4d5 d8e7 e1f1 c6b4 f3d4 e7e5 c4b5 e8d8 d4f3 e5d5 d1e2 b4c2 a1b1 d5a2 e2d3 d8e7 d3e2 e7d8 e2d3 d8e7 d3e2,Nbd2 Nf6 Bc4 d5 exd5 Qe7+ Kf1 Nb4 Nxd4 Qe5 Bb5+ Kd8 N4f3 Qxd5 Qe2 Nxc2 Rb1 Qxa2 Qd3+ Ke7 Qe2+ Kd8 Qd3+ Ke7 Qe2+,e4 e5 Nf3 Nc6 d4 exd4 Nbd2 Nf6 Bc4 d5 exd5 Qe7+ Kf1 Nb4 Nxd4 Qe5 Bb5+ Kd8 N4f3 Qxd5 Qe2 Nxc2 Rb1 Qxa2 Qd3+ Ke7 Qe2+ Kd8 Qd3+ Ke7 Qe2+,r1b2b1r/ppp1kppp/5n2/1B6/8/5N2/qPnNQPPP/1RB2K1R b - - 7 16,0,13,12,2371,1634,182.3846153846154,136.16666666666666,425,275,383,323,0.33200239996949676,0.2232720000174595,0.025538646151499752,0.01860600000145496,0.05581569999048952,0.03840289999789093,326|205|104|50|101|93|342|325|425|76|124|76|124,121|226|82|212|275|51|203|162|143|54|51|54,0.041007000|0.025506300|0.015419300|0.006397500|0.015157700|0.016085000|0.049031100|0.044152400|0.055815700|0.011927000|0.017708000|0.011514100|0.022281300,0.015515100|0.029262500|0.012395300|0.027278000|0.038402900|0.006960300|0.029950800|0.023490500|0.019905500|0.007193700|0.006050200|0.006867200,0.5552743999869563,0.5599303000053624,2,2,black,0.5,12,13,1634,2371,136.16666666666666,182.3846153846154,323,383,0.2232720000174595,0.33200239996949676,0.01860600000145496,0.025538646151499752
20260804_220257,d2_sicilian_defence_challenger_white,sicilian_defence,semi_open_game,e4 c5 Nf3 d6 d4 cxd4,rnbqkbnr/pp2pppp/3p4/8/3pP3/5N2/PPP2PPP/RNBQKB1R w KQkq - 0 4,6,2,2,ordered,ordered,True,1/2-1/2,threefold_repetition,86,92,d1d4 d8a5 e1d1 b8c6 d4d3 g8f6 c1f4 c8e6 f1e2 a8d8 c2c4 a5a4 d1e1 a4a5 b2b4 a5b4 e1f1 b4c5 b1c3 g7g5 f4g3 f8g7 a1b1 h7h5 b1b7 e8g8 h2h4 g5h4 h1h4 g7h6 a2a4 g8h7 e4e5 h7h8 e5f6 e7f6 h4e4 e6f5 g3d6 d8d6 d3d6 c5d6 e4h4 f8e8 h4h5 e8e2 c3e2 d6d1 f3e1 d1a4 h5h6 h8g8 h6f6 a4c4 f6f5 f7f6 f5f6 c6e5 b7b8 g8g7 f6d6 a7a5 b8b7 g7h8 d6d8 c4g8 d8g8 h8g8 e1c2 g8f8 c2d4 f8g8 e2c3 g8f8 f2f4 e5d3 b7b8 f8g7 b8b7 g7g6 b7b6 g6g7 b6b7 g7g6 b7b6 g6g7,Qxd4 Qa5+ Kd1 Nc6 Qd3 Nf6 Bf4 Be6 Be2 Rd8 c4 Qa4+ Ke1 Qa5+ b4 Qxb4+ Kf1 Qc5 Nc3 g5 Bg3 Bg7 Rb1 h5 Rxb7 O-O h4 gxh4 Rxh4 Bh6 a4 Kh7 e5+ Kh8 exf6 exf6 Re4 Bf5 Bxd6 Rxd6 Qxd6 Qxd6 Rh4 Re8 Rxh5 Rxe2 Nxe2 Qd1+ Ne1 Qxa4 Rxh6+ Kg8 Rxf6 Qxc4 Rxf5 f6 Rxf6 Ne5 Rb8+ Kg7 Rd6 a5 Rb7+ Kh8 Rd8+ Qg8 Rxg8+ Kxg8 Nc2 Kf8 Ncd4 Kg8 Nc3 Kf8 f4 Nd3 Rb8+ Kg7 Rb7+ Kg6 Rb6+ Kg7 Rb7+ Kg6 Rb6+ Kg7,e4 c5 Nf3 d6 d4 cxd4 Qxd4 Qa5+ Kd1 Nc6 Qd3 Nf6 Bf4 Be6 Be2 Rd8 c4 Qa4+ Ke1 Qa5+ b4 Qxb4+ Kf1 Qc5 Nc3 g5 Bg3 Bg7 Rb1 h5 Rxb7 O-O h4 gxh4 Rxh4 Bh6 a4 Kh7 e5+ Kh8 exf6 exf6 Re4 Bf5 Bxd6 Rxd6 Qxd6 Qxd6 Rh4 Re8 Rxh5 Rxe2 Nxe2 Qd1+ Ne1 Qxa4 Rxh6+ Kg8 Rxf6 Qxc4 Rxf5 f6 Rxf6 Ne5 Rb8+ Kg7 Rd6 a5 Rb7+ Kh8 Rd8+ Qg8 Rxg8+ Kxg8 Nc2 Kf8 Ncd4 Kg8 Nc3 Kf8 f4 Nd3 Rb8+ Kg7 Rb7+ Kg6 Rb6+ Kg7 Rb7+ Kg6 Rb6+ Kg7,8/6k1/1R6/p7/3N1P2/2Nn4/6P1/5K2 w - - 11 47,0,43,43,7711,7276,179.32558139534885,169.2093023255814,538,483,1400,1179,1.02678669996385,0.9641210999834584,0.023878760464275582,0.02242142092984787,0.07356049999361858,0.06519239999761339,131|104|369|426|432|538|96|156|60|456|197|385|179|459|225|261|101|145|252|194|186|218|225|125|39|70|173|91|127|71|164|82|75|82|102|118|98|118|74|79|76|76|76,88|483|218|282|249|101|100|97|218|318|218|320|357|137|322|319|63|141|252|188|131|228|150|84|115|41|161|239|227|72|227|53|42|29|129|79|99|246|45|122|82|122|82,0.018739100|0.014161200|0.051118600|0.058825700|0.065218800|0.073560500|0.012445300|0.020238800|0.008021000|0.059875500|0.028633200|0.051183700|0.027539200|0.060818400|0.032340300|0.037572800|0.018853600|0.023214300|0.034544000|0.027676100|0.027322300|0.036312900|0.033374400|0.019873400|0.004223400|0.009352100|0.019265900|0.012023500|0.014202100|0.008874100|0.019531300|0.010772000|0.009522400|0.008127700|0.008051400|0.009749400|0.008614200|0.010061300|0.006048300|0.007054500|0.006636200|0.006494700|0.006719100,0.015238500|0.065192400|0.030531500|0.040081000|0.037569700|0.016668300|0.015064500|0.015568500|0.029301700|0.044653700|0.030159000|0.044151300|0.049451400|0.022094400|0.044537300|0.045401900|0.008979900|0.022943900|0.035890200|0.028462100|0.021644200|0.033448800|0.021931300|0.012233400|0.013796200|0.004470100|0.018973500|0.025443200|0.024693100|0.007692100|0.026713800|0.005828600|0.004380200|0.002760800|0.012075900|0.008412000|0.010144900|0.023105300|0.004763600|0.011928900|0.007927800|0.011794100|0.008018100,1.9909077999473084,2.0070367000007536,2,2,white,0.5,43,43,7711,7276,179.32558139534885,169.2093023255814,1400,1179,1.02678669996385,0.9641210999834584,0.023878760464275582,0.02242142092984787
20260804_220257,d2_sicilian_defence_challenger_black,sicilian_defence,semi_open_game,e4 c5 Nf3 d6 d4 cxd4,rnbqkbnr/pp2pppp/3p4/8/3pP3/5N2/PPP2PPP/RNBQKB1R w KQkq - 0 4,6,2,2,ordered,ordered,True,1/2-1/2,threefold_repetition,86,92,d1d4 d8a5 e1d1 b8c6 d4d3 g8f6 c1f4 c8e6 f1e2 a8d8 c2c4 a5a4 d1e1 a4a5 b2b4 a5b4 e1f1 b4c5 b1c3 g7g5 f4g3 f8g7 a1b1 h7h5 b1b7 e8g8 h2h4 g5h4 h1h4 g7h6 a2a4 g8h7 e4e5 h7h8 e5f6 e7f6 h4e4 e6f5 g3d6 d8d6 d3d6 c5d6 e4h4 f8e8 h4h5 e8e2 c3e2 d6d1 f3e1 d1a4 h5h6 h8g8 h6f6 a4c4 f6f5 f7f6 f5f6 c6e5 b7b8 g8g7 f6d6 a7a5 b8b7 g7h8 d6d8 c4g8 d8g8 h8g8 e1c2 g8f8 c2d4 f8g8 e2c3 g8f8 f2f4 e5d3 b7b8 f8g7 b8b7 g7g6 b7b6 g6g7 b6b7 g7g6 b7b6 g6g7,Qxd4 Qa5+ Kd1 Nc6 Qd3 Nf6 Bf4 Be6 Be2 Rd8 c4 Qa4+ Ke1 Qa5+ b4 Qxb4+ Kf1 Qc5 Nc3 g5 Bg3 Bg7 Rb1 h5 Rxb7 O-O h4 gxh4 Rxh4 Bh6 a4 Kh7 e5+ Kh8 exf6 exf6 Re4 Bf5 Bxd6 Rxd6 Qxd6 Qxd6 Rh4 Re8 Rxh5 Rxe2 Nxe2 Qd1+ Ne1 Qxa4 Rxh6+ Kg8 Rxf6 Qxc4 Rxf5 f6 Rxf6 Ne5 Rb8+ Kg7 Rd6 a5 Rb7+ Kh8 Rd8+ Qg8 Rxg8+ Kxg8 Nc2 Kf8 Ncd4 Kg8 Nc3 Kf8 f4 Nd3 Rb8+ Kg7 Rb7+ Kg6 Rb6+ Kg7 Rb7+ Kg6 Rb6+ Kg7,e4 c5 Nf3 d6 d4 cxd4 Qxd4 Qa5+ Kd1 Nc6 Qd3 Nf6 Bf4 Be6 Be2 Rd8 c4 Qa4+ Ke1 Qa5+ b4 Qxb4+ Kf1 Qc5 Nc3 g5 Bg3 Bg7 Rb1 h5 Rxb7 O-O h4 gxh4 Rxh4 Bh6 a4 Kh7 e5+ Kh8 exf6 exf6 Re4 Bf5 Bxd6 Rxd6 Qxd6 Qxd6 Rh4 Re8 Rxh5 Rxe2 Nxe2 Qd1+ Ne1 Qxa4 Rxh6+ Kg8 Rxf6 Qxc4 Rxf5 f6 Rxf6 Ne5 Rb8+ Kg7 Rd6 a5 Rb7+ Kh8 Rd8+ Qg8 Rxg8+ Kxg8 Nc2 Kf8 Ncd4 Kg8 Nc3 Kf8 f4 Nd3 Rb8+ Kg7 Rb7+ Kg6 Rb6+ Kg7 Rb7+ Kg6 Rb6+ Kg7,8/6k1/1R6/p7/3N1P2/2Nn4/6P1/5K2 w - - 11 47,0,43,43,7711,7276,179.32558139534885,169.2093023255814,538,483,1400,1179,1.0248573999560904,0.9572130999586079,0.02383389302223466,0.022260769766479255,0.07219750000513159,0.06326539999281522,131|104|369|426|432|538|96|156|60|456|197|385|179|459|225|261|101|145|252|194|186|218|225|125|39|70|173|91|127|71|164|82|75|82|102|118|98|118|74|79|76|76|76,88|483|218|282|249|101|100|97|218|318|218|320|357|137|322|319|63|141|252|188|131|228|150|84|115|41|161|239|227|72|227|53|42|29|129|79|99|246|45|122|82|122|82,0.017051900|0.013919600|0.050876300|0.060167600|0.063351200|0.072197500|0.012591200|0.020305300|0.007688700|0.057304100|0.027921400|0.050531900|0.026736500|0.067218800|0.033832800|0.038142400|0.017992400|0.023567800|0.035080700|0.028996700|0.028177900|0.031335600|0.032070800|0.019506600|0.004382600|0.009697900|0.020336700|0.012332800|0.014531700|0.008879100|0.018500700|0.010546100|0.009008300|0.008746000|0.008261800|0.009528800|0.008007500|0.010944200|0.006429000|0.007579100|0.007024200|0.006947100|0.006608100,0.014742000|0.063265400|0.030509200|0.040347200|0.036283600|0.016576700|0.014965400|0.015387700|0.028778800|0.043742600|0.029111500|0.043638200|0.047041000|0.021656600|0.044133600|0.044598100|0.008457500|0.023784600|0.035362900|0.029384500|0.022774400|0.031041400|0.021725200|0.012334000|0.013957300|0.004524100|0.019128000|0.027321900|0.026073800|0.008273500|0.026750700|0.005624100|0.004540000|0.002680000|0.012229800|0.008088800|0.009508600|0.023944300|0.004686700|0.012182800|0.008235000|0.011863200|0.007958400,1.9820704999146983,1.9982248000014806,2,2,black,0.5,43,43,7276,7711,169.2093023255814,179.32558139534885,1179,1400,0.9572130999586079,1.0248573999560904,0.022260769766479255,0.02383389302223466
20260804_220257,d2_french_defence_challenger_white,french_defence,semi_open_game,e4 e6 d4 d5 Nc3 Nf6,rnbqkb1r/ppp2ppp/4pn2/3p4/3PP3/2N5/PPP2PPP/R1BQKBNR w KQkq - 2 4,6,2,2,ordered,ordered,True,1/2-1/2,threefold_repetition,63,69,f1b5 c7c6 b5d3 d5e4 d3c4 f8b4 c4e6 c8e6 g1f3 e4f3 g2f3 d8d5 c1d2 d5d4 d1e2 b4c3 b2c3 d4d5 d2f4 e8g8 h1g1 e6f5 g1g5 b8d7 a1b1 d5a2 b1b7 a2a1 e1d2 f5c2 d2c2 a1a4 c2d3 a4f4 g5a5 f4d6 d3c2 d6h2 c2d3 h2d6 d3c2 c6c5 e2c4 d7e5 c4f4 d6d3 c2b3 d3d5 b3c2 d5b7 f4e5 f6d7 e5f4 b7d5 a5a4 g8h8 c2b2 d5b7 b2c2 b7d5 c2b2 d5b7 b2c2,Bb5+ c6 Bd3 dxe4 Bc4 Bb4 Bxe6 Bxe6 Nf3 exf3 gxf3 Qd5 Bd2 Qxd4 Qe2 Bxc3 bxc3 Qd5 Bf4 O-O Rg1 Bf5 Rg5 Nbd7 Rb1 Qxa2 Rxb7 Qa1+ Kd2 Bxc2 Kxc2 Qa4+ Kd3 Qxf4 Ra5 Qd6+ Kc2 Qxh2 Kd3 Qd6+ Kc2 c5 Qc4 Ne5 Qf4 Qd3+ Kb3 Qd5+ Kc2 Qxb7 Qxe5 Nd7 Qf4 Qd5 Ra4 Kh8 Kb2 Qb7+ Kc2 Qd5 Kb2 Qb7+ Kc2,e4 e6 d4 d5 Nc3 Nf6 Bb5+ c6 Bd3 dxe4 Bc4 Bb4 Bxe6 Bxe6 Nf3 exf3 gxf3 Qd5 Bd2 Qxd4 Qe2 Bxc3 bxc3 Qd5 Bf4 O-O Rg1 Bf5 Rg5 Nbd7 Rb1 Qxa2 Rxb7 Qa1+ Kd2 Bxc2 Kxc2 Qa4+ Kd3 Qxf4 Ra5 Qd6+ Kc2 Qxh2 Kd3 Qd6+ Kc2 c5 Qc4 Ne5 Qf4 Qd3+ Kb3 Qd5+ Kc2 Qxb7 Qxe5 Nd7 Qf4 Qd5 Ra4 Kh8 Kb2 Qb7+ Kc2 Qd5 Kb2 Qb7+ Kc2,r4r1k/pq1n1ppp/8/2p5/R4Q2/2P2P2/2K2P2/8 b - - 12 35,0,32,31,6213,5302,194.15625,171.03225806451613,423,392,792,1134,0.8130804999382235,0.7200021999742603,0.025408765623069485,0.023225877418524526,0.05166540000936948,0.05070469999918714,87|194|159|111|154|97|248|223|100|201|285|272|401|169|52|137|64|337|86|203|86|217|384|52|135|132|295|298|423|94|423|94,96|105|274|138|126|187|151|125|217|255|392|322|276|92|178|83|127|99|136|89|254|213|86|101|120|158|251|163|99|290|99,0.012640100|0.025975500|0.021334900|0.016953800|0.027332300|0.016845700|0.037097200|0.033347600|0.015656700|0.032673500|0.038329000|0.036157400|0.051665400|0.024412500|0.006674900|0.020862500|0.007884100|0.041888100|0.010381800|0.025057200|0.010104900|0.027097500|0.047931200|0.006513300|0.015815200|0.017464400|0.032686100|0.034088500|0.047105400|0.010963700|0.049355200|0.010784900,0.012301500|0.015647400|0.037849500|0.020484700|0.020267300|0.025920800|0.021285300|0.018903300|0.029542000|0.039870600|0.050704700|0.041701200|0.037186000|0.014596800|0.024757300|0.013692500|0.017850500|0.013579700|0.019493500|0.012996400|0.032805600|0.026842100|0.014085700|0.014423200|0.016441500|0.018847700|0.028125600|0.020107700|0.012835700|0.034306800|0.012549600,1.5330826999124838,1.5455719000019599,2,2,white,0.5,32,31,6213,5302,194.15625,171.03225806451613,792,1134,0.8130804999382235,0.7200021999742603,0.025408765623069485,0.023225877418524526
20260804_220257,d2_french_defence_challenger_black,french_defence,semi_open_game,e4 e6 d4 d5 Nc3 Nf6,rnbqkb1r/ppp2ppp/4pn2/3p4/3PP3/2N5/PPP2PPP/R1BQKBNR w KQkq - 2 4,6,2,2,ordered,ordered,True,1/2-1/2,threefold_repetition,63,69,f1b5 c7c6 b5d3 d5e4 d3c4 f8b4 c4e6 c8e6 g1f3 e4f3 g2f3 d8d5 c1d2 d5d4 d1e2 b4c3 b2c3 d4d5 d2f4 e8g8 h1g1 e6f5 g1g5 b8d7 a1b1 d5a2 b1b7 a2a1 e1d2 f5c2 d2c2 a1a4 c2d3 a4f4 g5a5 f4d6 d3c2 d6h2 c2d3 h2d6 d3c2 c6c5 e2c4 d7e5 c4f4 d6d3 c2b3 d3d5 b3c2 d5b7 f4e5 f6d7 e5f4 b7d5 a5a4 g8h8 c2b2 d5b7 b2c2 b7d5 c2b2 d5b7 b2c2,Bb5+ c6 Bd3 dxe4 Bc4 Bb4 Bxe6 Bxe6 Nf3 exf3 gxf3 Qd5 Bd2 Qxd4 Qe2 Bxc3 bxc3 Qd5 Bf4 O-O Rg1 Bf5 Rg5 Nbd7 Rb1 Qxa2 Rxb7 Qa1+ Kd2 Bxc2 Kxc2 Qa4+ Kd3 Qxf4 Ra5 Qd6+ Kc2 Qxh2 Kd3 Qd6+ Kc2 c5 Qc4 Ne5 Qf4 Qd3+ Kb3 Qd5+ Kc2 Qxb7 Qxe5 Nd7 Qf4 Qd5 Ra4 Kh8 Kb2 Qb7+ Kc2 Qd5 Kb2 Qb7+ Kc2,e4 e6 d4 d5 Nc3 Nf6 Bb5+ c6 Bd3 dxe4 Bc4 Bb4 Bxe6 Bxe6 Nf3 exf3 gxf3 Qd5 Bd2 Qxd4 Qe2 Bxc3 bxc3 Qd5 Bf4 O-O Rg1 Bf5 Rg5 Nbd7 Rb1 Qxa2 Rxb7 Qa1+ Kd2 Bxc2 Kxc2 Qa4+ Kd3 Qxf4 Ra5 Qd6+ Kc2 Qxh2 Kd3 Qd6+ Kc2 c5 Qc4 Ne5 Qf4 Qd3+ Kb3 Qd5+ Kc2 Qxb7 Qxe5 Nd7 Qf4 Qd5 Ra4 Kh8 Kb2 Qb7+ Kc2 Qd5 Kb2 Qb7+ Kc2,r4r1k/pq1n1ppp/8/2p5/R4Q2/2P2P2/2K2P2/8 b - - 12 35,0,32,31,6213,5302,194.15625,171.03225806451613,423,392,792,1134,0.8237991999922087,0.716724299985799,0.025743724999756523,0.023120138709219324,0.057955199998104945,0.04984340000373777,87|194|159|111|154|97|248|223|100|201|285|272|401|169|52|137|64|337|86|203|86|217|384|52|135|132|295|298|423|94|423|94,96|105|274|138|126|187|151|125|217|255|392|322|276|92|178|83|127|99|136|89|254|213|86|101|120|158|251|163|99|290|99,0.012369600|0.025865200|0.022386700|0.017254200|0.023245400|0.017378600|0.036658700|0.033283100|0.016286900|0.027907900|0.037515900|0.036977800|0.053661500|0.023988400|0.006439400|0.020753500|0.007892500|0.043406700|0.010046100|0.025098900|0.009800500|0.027264100|0.057955200|0.006856700|0.016375600|0.018529100|0.034096200|0.036823200|0.048227000|0.010621600|0.048219400|0.010613600,0.012525900|0.015442400|0.038720100|0.019784900|0.019085500|0.024537500|0.021257000|0.018825700|0.029034900|0.034447000|0.049843400|0.042101600|0.037564100|0.014776900|0.024796800|0.013037100|0.018168900|0.013435300|0.019062900|0.012855600|0.031770500|0.027855500|0.013951500|0.016467200|0.017804400|0.020296100|0.029581300|0.019438500|0.012820000|0.034471300|0.012964500,1.5405234999780077,1.55353560000367,2,2,black,0.5,31,32,5302,6213,171.03225806451613,194.15625,1134,792,0.716724299985799,0.8237991999922087,0.023120138709219324,0.025743724999756523
20260804_220257,d2_caro_kann_defence_challenger_white,caro_kann_defence,semi_open_game,e4 c6 d4 d5 Nc3 dxe4,rnbqkbnr/pp2pppp/2p5/8/3Pp3/2N5/PPP2PPP/R1BQKBNR w KQkq - 0 4,6,2,2,ordered,ordered,True,0-1,checkmate,60,66,c3e4 d8a5 e1e2 b8d7 g1f3 a5d5 c1e3 d5e4 c2c3 g8f6 d1d2 f6d5 a1e1 e7e6 b2b4 f8d6 f3e5 d7e5 d4e5 d5f4 e2d1 e4b1 d2c1 b1c1 d1c1 d6e5 e3f4 e5f4 c1c2 e8g8 f1d3 c8d7 h2h4 f7f5 h1h3 f8f6 d3c4 g8h8 h3d3 d7e8 d3d4 f4c7 f2f3 b7b5 c4d3 e8h5 g2g4 f5g4 f3g4 f6f2 c2b3 h5f7 d3e4 e6e5 c3c4 e5d4 e4c6 f7c4 b3a3 f2a2,Nxe4 Qa5+ Ke2 Nd7 Nf3 Qd5 Be3 Qxe4 c3 Ngf6 Qd2 Nd5 Re1 e6 b4 Bd6 Ne5 Nxe5 dxe5 Nf4+ Kd1 Qb1+ Qc1 Qxc1+ Kxc1 Bxe5 Bxf4 Bxf4+ Kc2 O-O Bd3 Bd7 h4 f5 Rh3 Rf6 Bc4 Kh8 Rd3 Be8 Rd4 Bc7 f3 b5 Bd3 Bh5 g4 fxg4 fxg4 Rf2+ Kb3 Bf7 Be4 e5+ c4 exd4 Bxc6 Bxc4+ Ka3 Rxa2#,e4 c6 d4 d5 Nc3 dxe4 Nxe4 Qa5+ Ke2 Nd7 Nf3 Qd5 Be3 Qxe4 c3 Ngf6 Qd2 Nd5 Re1 e6 b4 Bd6 Ne5 Nxe5 dxe5 Nf4+ Kd1 Qb1+ Qc1 Qxc1+ Kxc1 Bxe5 Bxf4 Bxf4+ Kc2 O-O Bd3 Bd7 h4 f5 Rh3 Rf6 Bc4 Kh8 Rd3 Be8 Rd4 Bc7 f3 b5 Bd3 Bh5 g4 fxg4 fxg4 Rf2+ Kb3 Bf7 Be4 e5+ c4 exd4 Bxc6 Bxc4+ Ka3 Rxa2#,r6k/p1b3pp/2B5/1p6/1Pbp2PP/K7/r7/4R3 w - - 0 34,-100000,30,30,4877,4426,162.56666666666666,147.53333333333333,323,273,656,1036,0.6145560999721056,0.5684364999760874,0.02048520333240352,0.018947883332536244,0.03930940000282135,0.03335729999525938,107|54|306|150|190|197|251|270|151|93|48|46|70|89|42|172|204|240|217|209|189|323|176|311|118|55|291|128|133|47,68|133|132|103|131|204|147|159|127|103|104|91|137|58|235|239|255|189|106|255|273|240|152|120|78|216|86|107|87|91,0.014896200|0.007048300|0.039309400|0.020105800|0.024134700|0.025307000|0.032056500|0.035059800|0.028850300|0.016531300|0.006654400|0.006119400|0.008798500|0.011901400|0.005180000|0.018708900|0.023606600|0.027910400|0.026489600|0.025107000|0.021994700|0.036968400|0.021089000|0.035355700|0.015506700|0.006838300|0.035184200|0.014895600|0.018028400|0.004919600,0.010346100|0.018098800|0.017985600|0.014512700|0.016590600|0.025534000|0.017413200|0.020091400|0.021499100|0.014715800|0.015245400|0.012540500|0.017049700|0.008001000|0.026458900|0.027515100|0.029611600|0.022764000|0.014200600|0.031226000|0.033357300|0.029798800|0.019291000|0.016517200|0.011879500|0.026299600|0.012098500|0.014710300|0.011834000|0.011250200,1.182992599948193,1.1938984000007622,2,2,white,0.0,30,30,4877,4426,162.56666666666666,147.53333333333333,656,1036,0.6145560999721056,0.5684364999760874,0.02048520333240352,0.018947883332536244
20260804_220257,d2_caro_kann_defence_challenger_black,caro_kann_defence,semi_open_game,e4 c6 d4 d5 Nc3 dxe4,rnbqkbnr/pp2pppp/2p5/8/3Pp3/2N5/PPP2PPP/R1BQKBNR w KQkq - 0 4,6,2,2,ordered,ordered,True,0-1,checkmate,60,66,c3e4 d8a5 e1e2 b8d7 g1f3 a5d5 c1e3 d5e4 c2c3 g8f6 d1d2 f6d5 a1e1 e7e6 b2b4 f8d6 f3e5 d7e5 d4e5 d5f4 e2d1 e4b1 d2c1 b1c1 d1c1 d6e5 e3f4 e5f4 c1c2 e8g8 f1d3 c8d7 h2h4 f7f5 h1h3 f8f6 d3c4 g8h8 h3d3 d7e8 d3d4 f4c7 f2f3 b7b5 c4d3 e8h5 g2g4 f5g4 f3g4 f6f2 c2b3 h5f7 d3e4 e6e5 c3c4 e5d4 e4c6 f7c4 b3a3 f2a2,Nxe4 Qa5+ Ke2 Nd7 Nf3 Qd5 Be3 Qxe4 c3 Ngf6 Qd2 Nd5 Re1 e6 b4 Bd6 Ne5 Nxe5 dxe5 Nf4+ Kd1 Qb1+ Qc1 Qxc1+ Kxc1 Bxe5 Bxf4 Bxf4+ Kc2 O-O Bd3 Bd7 h4 f5 Rh3 Rf6 Bc4 Kh8 Rd3 Be8 Rd4 Bc7 f3 b5 Bd3 Bh5 g4 fxg4 fxg4 Rf2+ Kb3 Bf7 Be4 e5+ c4 exd4 Bxc6 Bxc4+ Ka3 Rxa2#,e4 c6 d4 d5 Nc3 dxe4 Nxe4 Qa5+ Ke2 Nd7 Nf3 Qd5 Be3 Qxe4 c3 Ngf6 Qd2 Nd5 Re1 e6 b4 Bd6 Ne5 Nxe5 dxe5 Nf4+ Kd1 Qb1+ Qc1 Qxc1+ Kxc1 Bxe5 Bxf4 Bxf4+ Kc2 O-O Bd3 Bd7 h4 f5 Rh3 Rf6 Bc4 Kh8 Rd3 Be8 Rd4 Bc7 f3 b5 Bd3 Bh5 g4 fxg4 fxg4 Rf2+ Kb3 Bf7 Be4 e5+ c4 exd4 Bxc6 Bxc4+ Ka3 Rxa2#,r6k/p1b3pp/2B5/1p6/1Pbp2PP/K7/r7/4R3 w - - 0 34,-100000,30,30,4877,4426,162.56666666666666,147.53333333333333,323,273,656,1036,0.6129981999838492,0.5661446000012802,0.020433273332794974,0.01887148666670934,0.03898939999635331,0.032903500003158115,107|54|306|150|190|197|251|270|151|93|48|46|70|89|42|172|204|240|217|209|189|323|176|311|118|55|291|128|133|47,68|133|132|103|131|204|147|159|127|103|104|91|137|58|235|239|255|189|106|255|273|240|152|120|78|216|86|107|87|91,0.015291900|0.007819500|0.038989400|0.021329200|0.025836700|0.024962200|0.032339200|0.034904200|0.022957200|0.015570900|0.006462000|0.005811400|0.008033300|0.011824800|0.005174300|0.019471400|0.023691600|0.028356000|0.025523500|0.024640500|0.022596600|0.038055600|0.020841500|0.035070900|0.019535700|0.006829200|0.035673800|0.014109900|0.016524000|0.004771800,0.010852400|0.017992300|0.017538900|0.014602200|0.016783500|0.026753800|0.017295400|0.020339300|0.017361100|0.013429800|0.015154100|0.012176300|0.017317700|0.007867800|0.027455500|0.027460100|0.030093300|0.023634600|0.014254400|0.029736600|0.032903500|0.030664700|0.019691300|0.015498200|0.012325200|0.028292400|0.012692000|0.014062400|0.011260200|0.010655600,1.1791427999851294,1.1904447000124492,2,2,black,1.0,30,30,4426,4877,147.53333333333333,162.56666666666666,1036,656,0.5661446000012802,0.6129981999838492,0.01887148666670934,0.020433273332794974
20260804_220257,d2_queens_gambit_declined_challenger_white,queens_gambit_declined,closed_game,d4 d5 c4 e6 Nc3 Nf6,rnbqkb1r/ppp2ppp/4pn2/3p4/2PP4/2N5/PP2PPPP/R1BQKBNR w KQkq - 2 4,6,2,2,ordered,ordered,True,1-0,checkmate,33,39,d1a4 b7b5 a4b5 c7c6 b5a4 d5c4 a4c4 b8d7 c4c6 c8b7 c6b7 f8d6 g1f3 d6h2 h1h2 d7e5 d4e5 f6e4 b7e4 a8c8 e4a4 e8f8 a4b4 f8g8 c1e3 c8c6 c3e4 d8d5 b4b8 c6c8 b8c8 d5d8 c8d8,Qa4+ b5 Qxb5+ c6 Qa4 dxc4 Qxc4 Nbd7 Qxc6 Bb7 Qxb7 Bd6 Nf3 Bxh2 Rxh2 Ne5 dxe5 Ne4 Qxe4 Rc8 Qa4+ Kf8 Qb4+ Kg8 Be3 Rc6 Ne4 Qd5 Qb8+ Rc8 Qxc8+ Qd8 Qxd8#,d4 d5 c4 e6 Nc3 Nf6 Qa4+ b5 Qxb5+ c6 Qa4 dxc4 Qxc4 Nbd7 Qxc6 Bb7 Qxb7 Bd6 Nf3 Bxh2 Rxh2 Ne5 dxe5 Ne4 Qxe4 Rc8 Qa4+ Kf8 Qb4+ Kg8 Be3 Rc6 Ne4 Qd5 Qb8+ Rc8 Qxc8+ Qd8 Qxd8#,3Q2kr/p4ppp/4p3/4P3/4N3/4BN2/PP2PPPR/R3KB2 b Q - 0 20,100000,17,16,2507,2872,147.47058823529412,179.5,368,319,712,305,0.3309418000135338,0.3815142000094056,0.019467164706678457,0.02384463750058785,0.04231649999564979,0.040460499993059784,76|84|152|146|105|120|216|182|140|154|102|103|368|262|106|92|99,129|94|101|222|247|228|168|284|319|282|54|61|296|287|49|51,0.010542600|0.012384500|0.020783300|0.019961200|0.014667100|0.016783300|0.029656400|0.023771100|0.018909800|0.021348400|0.014628200|0.014309600|0.042316500|0.032177900|0.015091500|0.012681000|0.010929400,0.017553700|0.012140300|0.014883400|0.029685700|0.033775800|0.032139500|0.024738700|0.035323700|0.040460500|0.035464600|0.006419300|0.007963300|0.038354200|0.039873300|0.006084100|0.006654100,0.7124560000229394,0.7188430999958655,2,2,white,1.0,17,16,2507,2872,147.47058823529412,179.5,712,305,0.3309418000135338,0.3815142000094056,0.019467164706678457,0.02384463750058785
20260804_220257,d2_queens_gambit_declined_challenger_black,queens_gambit_declined,closed_game,d4 d5 c4 e6 Nc3 Nf6,rnbqkb1r/ppp2ppp/4pn2/3p4/2PP4/2N5/PP2PPPP/R1BQKBNR w KQkq - 2 4,6,2,2,ordered,ordered,True,1-0,checkmate,33,39,d1a4 b7b5 a4b5 c7c6 b5a4 d5c4 a4c4 b8d7 c4c6 c8b7 c6b7 f8d6 g1f3 d6h2 h1h2 d7e5 d4e5 f6e4 b7e4 a8c8 e4a4 e8f8 a4b4 f8g8 c1e3 c8c6 c3e4 d8d5 b4b8 c6c8 b8c8 d5d8 c8d8,Qa4+ b5 Qxb5+ c6 Qa4 dxc4 Qxc4 Nbd7 Qxc6 Bb7 Qxb7 Bd6 Nf3 Bxh2 Rxh2 Ne5 dxe5 Ne4 Qxe4 Rc8 Qa4+ Kf8 Qb4+ Kg8 Be3 Rc6 Ne4 Qd5 Qb8+ Rc8 Qxc8+ Qd8 Qxd8#,d4 d5 c4 e6 Nc3 Nf6 Qa4+ b5 Qxb5+ c6 Qa4 dxc4 Qxc4 Nbd7 Qxc6 Bb7 Qxb7 Bd6 Nf3 Bxh2 Rxh2 Ne5 dxe5 Ne4 Qxe4 Rc8 Qa4+ Kf8 Qb4+ Kg8 Be3 Rc6 Ne4 Qd5 Qb8+ Rc8 Qxc8+ Qd8 Qxd8#,3Q2kr/p4ppp/4p3/4P3/4N3/4BN2/PP2PPPR/R3KB2 b Q - 0 20,100000,17,16,2507,2872,147.47058823529412,179.5,368,319,712,305,0.334733799987589,0.38153549999697134,0.019690223528681706,0.02384596874981071,0.04390710000006948,0.04104979999829084,76|84|152|146|105|120|216|182|140|154|102|103|368|262|106|92|99,129|94|101|222|247|228|168|284|319|282|54|61|296|287|49|51,0.011157000|0.012777700|0.020434700|0.019285300|0.013986500|0.016641200|0.030562900|0.024652900|0.019198800|0.022641500|0.014972500|0.013437300|0.043907100|0.032924200|0.014945100|0.013280700|0.009928400,0.016245900|0.011525900|0.014538700|0.030969000|0.032324100|0.032714000|0.024244000|0.036055100|0.041049800|0.036737300|0.006916700|0.007779200|0.039094400|0.039416000|0.006201000|0.005724400,0.7162692999845603,0.7225453999999445,2,2,black,0.0,16,17,2872,2507,179.5,147.47058823529412,305,712,0.38153549999697134,0.334733799987589,0.02384596874981071,0.019690223528681706
20260804_220257,d2_slav_defence_challenger_white,slav_defence,closed_game,d4 d5 c4 c6 Nf3 Nf6,rnbqkb1r/pp2pppp/2p2n2/3p4/2PP4/5N2/PP2PPPP/RNBQKB1R w KQkq - 2 4,6,2,2,ordered,ordered,True,1/2-1/2,threefold_repetition,24,30,b1c3 d5c4 c1f4 b8d7 e2e3 e7e5 d4e5 f8d6 e5d6 d8a5 b2b4 c4b3 d1b3 e8d8 b3f7 a5c3 e1e2 c3c2 e2e1 c2c3 e1e2 c3c2 e2e1 c2c3,Nc3 dxc4 Bf4 Nbd7 e3 e5 dxe5 Bd6 exd6 Qa5 b4 cxb3 Qxb3 Kd8 Qxf7 Qxc3+ Ke2 Qc2+ Ke1 Qc3+ Ke2 Qc2+ Ke1 Qc3+,d4 d5 c4 c6 Nf3 Nf6 Nc3 dxc4 Bf4 Nbd7 e3 e5 dxe5 Bd6 exd6 Qa5 b4 cxb3 Qxb3 Kd8 Qxf7 Qxc3+ Ke2 Qc2+ Ke1 Qc3+ Ke2 Qc2+ Ke1 Qc3+,r1bk3r/pp1n1Qpp/2pP1n2/8/5B2/2q1PN2/P4PPP/R3KB1R w - - 8 16,0,12,12,1545,1881,128.75,156.75,361,347,297,394,0.2054307000071276,0.26736969995545223,0.017119225000593968,0.02228080832962102,0.04185180000786204,0.0449666999920737,131|205|361|113|117|152|156|132|45|44|45|44,95|347|219|237|227|116|214|78|89|85|89|85,0.016427700|0.025855400|0.041851800|0.016260400|0.018869600|0.022597700|0.023677300|0.018294200|0.005351500|0.005225800|0.005519500|0.005499800,0.013575800|0.044966700|0.028139200|0.035246200|0.031910700|0.018490200|0.031120100|0.014442900|0.012373300|0.012472700|0.012211500|0.012420400,0.47280039996257983,0.4771868999960134,2,2,white,0.5,12,12,1545,1881,128.75,156.75,297,394,0.2054307000071276,0.26736969995545223,0.017119225000593968,0.02228080832962102
20260804_220257,d2_slav_defence_challenger_black,slav_defence,closed_game,d4 d5 c4 c6 Nf3 Nf6,rnbqkb1r/pp2pppp/2p2n2/3p4/2PP4/5N2/PP2PPPP/RNBQKB1R w KQkq - 2 4,6,2,2,ordered,ordered,True,1/2-1/2,threefold_repetition,24,30,b1c3 d5c4 c1f4 b8d7 e2e3 e7e5 d4e5 f8d6 e5d6 d8a5 b2b4 c4b3 d1b3 e8d8 b3f7 a5c3 e1e2 c3c2 e2e1 c2c3 e1e2 c3c2 e2e1 c2c3,Nc3 dxc4 Bf4 Nbd7 e3 e5 dxe5 Bd6 exd6 Qa5 b4 cxb3 Qxb3 Kd8 Qxf7 Qxc3+ Ke2 Qc2+ Ke1 Qc3+ Ke2 Qc2+ Ke1 Qc3+,d4 d5 c4 c6 Nf3 Nf6 Nc3 dxc4 Bf4 Nbd7 e3 e5 dxe5 Bd6 exd6 Qa5 b4 cxb3 Qxb3 Kd8 Qxf7 Qxc3+ Ke2 Qc2+ Ke1 Qc3+ Ke2 Qc2+ Ke1 Qc3+,r1bk3r/pp1n1Qpp/2pP1n2/8/5B2/2q1PN2/P4PPP/R3KB1R w - - 8 16,0,12,12,1545,1881,128.75,156.75,361,347,297,394,0.2155135000066366,0.26994939999713097,0.017959458333886385,0.02249578333309425,0.04367580001417082,0.04734859999734908,131|205|361|113|117|152|156|132|45|44|45|44,95|347|219|237|227|116|214|78|89|85|89|85,0.016772500|0.032412100|0.043675800|0.015504300|0.017449800|0.024502500|0.023016800|0.019999500|0.006293800|0.005112700|0.005277000|0.005496700,0.013617900|0.047348600|0.029062600|0.034383400|0.030680000|0.018874200|0.030679700|0.014251500|0.012724800|0.013459600|0.012639600|0.012227500,0.4854629000037676,0.49030089999723714,2,2,black,0.5,12,12,1881,1545,156.75,128.75,394,297,0.26994939999713097,0.2155135000066366,0.02249578333309425,0.017959458333886385
20260804_220257,d2_kings_indian_defence_challenger_white,kings_indian_defence,indian_game,d4 Nf6 c4 g6 Nc3 Bg7,rnbqk2r/ppppppbp/5np1/8/2PP4/2N5/PP2PPPP/R1BQKBNR w KQkq - 2 4,6,2,2,ordered,ordered,True,0-1,checkmate,86,92,g1f3 b8c6 c1f4 e7e6 d1d3 f6g4 e2e4 d8e7 f4c7 e7b4 e1e2 b4b2 f3d2 b2a1 c3b1 a1a2 b1c3 a2b2 e2f3 h7h5 f1e2 g7f6 c7d6 a7a5 h1e1 a8a6 c3b5 e8d8 d6c7 d8e8 b5d6 e8f8 d6c8 f8g7 c7a5 a6a5 c8d6 g4h2 f3g3 c6d4 g3h2 f6e5 f2f4 e5f4 g2g3 d4e2 g3f4 e2f4 d6e8 h8e8 d3d7 e8f8 h2g3 b2e5 d7b7 f4d5 g3f2 e5d4 f2f3 a5a3 f3g2 d4d2 g2f1 a3f3 f1g1 d2e1 g1h2 e1d2 h2g1 d2d4 g1h2 d4e5 h2g2 f3g3 g2f2 e5f4 f2e2 f4e4 e2f2 g3f3 f2g2 f3d3 g2f2 d3d2 f2g3 e4g4,Nf3 Nc6 Bf4 e6 Qd3 Ng4 e4 Qe7 Bxc7 Qb4 Ke2 Qxb2+ Nd2 Qxa1 Ncb1 Qxa2 Nc3 Qb2 Kf3 h5 Be2 Bf6 Bd6 a5 Re1 Ra6 Nb5 Kd8 Bc7+ Ke8 Nd6+ Kf8 Nxc8 Kg7 Bxa5 Rxa5 Nd6 Nxh2+ Kg3 Nxd4 Kxh2 Be5+ f4 Bxf4+ g3 Nxe2 gxf4 Nxf4 Ne8+ Rxe8 Qxd7 Rf8 Kg3 Qe5 Qxb7 Nd5+ Kf2 Qd4+ Kf3 Ra3+ Kg2 Qxd2+ Kf1 Rf3+ Kg1 Qxe1+ Kh2 Qd2+ Kg1 Qd4+ Kh2 Qe5+ Kg2 Rg3+ Kf2 Qf4+ Ke2 Qxe4+ Kf2 Rf3+ Kg2 Rd3+ Kf2 Rd2+ Kg3 Qg4#,d4 Nf6 c4 g6 Nc3 Bg7 Nf3 Nc6 Bf4 e6 Qd3 Ng4 e4 Qe7 Bxc7 Qb4 Ke2 Qxb2+ Nd2 Qxa1 Ncb1 Qxa2 Nc3 Qb2 Kf3 h5 Be2 Bf6 Bd6 a5 Re1 Ra6 Nb5 Kd8 Bc7+ Ke8 Nd6+ Kf8 Nxc8 Kg7 Bxa5 Rxa5 Nd6 Nxh2+ Kg3 Nxd4 Kxh2 Be5+ f4 Bxf4+ g3 Nxe2 gxf4 Nxf4 Ne8+ Rxe8 Qxd7 Rf8 Kg3 Qe5 Qxb7 Nd5+ Kf2 Qd4+ Kf3 Ra3+ Kg2 Qxd2+ Kf1 Rf3+ Kg1 Qxe1+ Kh2 Qd2+ Kg1 Qd4+ Kh2 Qe5+ Kg2 Rg3+ Kf2 Qf4+ Ke2 Qxe4+ Kf2 Rf3+ Kg2 Rd3+ Kf2 Rd2+ Kg3 Qg4#,5r2/1Q3pk1/4p1p1/3n3p/2P3q1/6K1/3r4/8 w - - 8 47,-100000,43,43,7157,6699,166.4418604651163,155.7906976744186,455,298,819,1794,0.9734427000075812,0.8807383999665035,0.0226382023257577,0.020482288371314036,0.06217669999750797,0.04240599999320693,215|233|288|297|133|306|106|206|246|206|293|278|455|414|84|77|120|251|292|124|146|169|130|128|80|131|269|156|141|110|61|173|55|66|110|69|64|103|53|80|58|116|65,179|261|298|216|288|104|133|180|203|235|218|280|241|219|42|39|264|170|132|265|119|112|162|174|38|219|232|102|102|106|107|114|109|108|111|104|101|93|103|104|110|103|99,0.026545100|0.029806200|0.037591300|0.044727700|0.021838800|0.044999100|0.014241600|0.029688500|0.034683500|0.029137600|0.040678400|0.039950300|0.062176700|0.055411100|0.013280500|0.013583300|0.019129900|0.034474600|0.040890900|0.015395100|0.023097300|0.020625300|0.015980600|0.020326800|0.012461000|0.023564100|0.034703000|0.020752900|0.016581600|0.013436500|0.007816300|0.019800200|0.006103100|0.008064400|0.011832500|0.007995800|0.007589700|0.011751100|0.006152400|0.009766400|0.006890500|0.012833000|0.007088000,0.021890600|0.033993800|0.041545800|0.032261700|0.042406000|0.016583900|0.019434300|0.024427500|0.027246200|0.030577600|0.030050400|0.037524100|0.033349700|0.029553600|0.005281300|0.004892200|0.034233700|0.021991300|0.017811000|0.033279500|0.017916000|0.017149600|0.024528000|0.022842900|0.005367800|0.028472000|0.029229700|0.012869500|0.014094000|0.014463000|0.014990900|0.013783500|0.013243600|0.011722300|0.011906300|0.011722200|0.011303900|0.010509700|0.011303000|0.011431000|0.011819200|0.011731200|0.010004900,1.8541810999740846,1.8707954999990761,2,2,white,0.0,43,43,7157,6699,166.4418604651163,155.7906976744186,819,1794,0.9734427000075812,0.8807383999665035,0.0226382023257577,0.020482288371314036
20260804_220257,d2_kings_indian_defence_challenger_black,kings_indian_defence,indian_game,d4 Nf6 c4 g6 Nc3 Bg7,rnbqk2r/ppppppbp/5np1/8/2PP4/2N5/PP2PPPP/R1BQKBNR w KQkq - 2 4,6,2,2,ordered,ordered,True,0-1,checkmate,86,92,g1f3 b8c6 c1f4 e7e6 d1d3 f6g4 e2e4 d8e7 f4c7 e7b4 e1e2 b4b2 f3d2 b2a1 c3b1 a1a2 b1c3 a2b2 e2f3 h7h5 f1e2 g7f6 c7d6 a7a5 h1e1 a8a6 c3b5 e8d8 d6c7 d8e8 b5d6 e8f8 d6c8 f8g7 c7a5 a6a5 c8d6 g4h2 f3g3 c6d4 g3h2 f6e5 f2f4 e5f4 g2g3 d4e2 g3f4 e2f4 d6e8 h8e8 d3d7 e8f8 h2g3 b2e5 d7b7 f4d5 g3f2 e5d4 f2f3 a5a3 f3g2 d4d2 g2f1 a3f3 f1g1 d2e1 g1h2 e1d2 h2g1 d2d4 g1h2 d4e5 h2g2 f3g3 g2f2 e5f4 f2e2 f4e4 e2f2 g3f3 f2g2 f3d3 g2f2 d3d2 f2g3 e4g4,Nf3 Nc6 Bf4 e6 Qd3 Ng4 e4 Qe7 Bxc7 Qb4 Ke2 Qxb2+ Nd2 Qxa1 Ncb1 Qxa2 Nc3 Qb2 Kf3 h5 Be2 Bf6 Bd6 a5 Re1 Ra6 Nb5 Kd8 Bc7+ Ke8 Nd6+ Kf8 Nxc8 Kg7 Bxa5 Rxa5 Nd6 Nxh2+ Kg3 Nxd4 Kxh2 Be5+ f4 Bxf4+ g3 Nxe2 gxf4 Nxf4 Ne8+ Rxe8 Qxd7 Rf8 Kg3 Qe5 Qxb7 Nd5+ Kf2 Qd4+ Kf3 Ra3+ Kg2 Qxd2+ Kf1 Rf3+ Kg1 Qxe1+ Kh2 Qd2+ Kg1 Qd4+ Kh2 Qe5+ Kg2 Rg3+ Kf2 Qf4+ Ke2 Qxe4+ Kf2 Rf3+ Kg2 Rd3+ Kf2 Rd2+ Kg3 Qg4#,d4 Nf6 c4 g6 Nc3 Bg7 Nf3 Nc6 Bf4 e6 Qd3 Ng4 e4 Qe7 Bxc7 Qb4 Ke2 Qxb2+ Nd2 Qxa1 Ncb1 Qxa2 Nc3 Qb2 Kf3 h5 Be2 Bf6 Bd6 a5 Re1 Ra6 Nb5 Kd8 Bc7+ Ke8 Nd6+ Kf8 Nxc8 Kg7 Bxa5 Rxa5 Nd6 Nxh2+ Kg3 Nxd4 Kxh2 Be5+ f4 Bxf4+ g3 Nxe2 gxf4 Nxf4 Ne8+ Rxe8 Qxd7 Rf8 Kg3 Qe5 Qxb7 Nd5+ Kf2 Qd4+ Kf3 Ra3+ Kg2 Qxd2+ Kf1 Rf3+ Kg1 Qxe1+ Kh2 Qd2+ Kg1 Qd4+ Kh2 Qe5+ Kg2 Rg3+ Kf2 Qf4+ Ke2 Qxe4+ Kf2 Rf3+ Kg2 Rd3+ Kf2 Rd2+ Kg3 Qg4#,5r2/1Q3pk1/4p1p1/3n3p/2P3q1/6K1/3r4/8 w - - 8 47,-100000,43,43,7157,6699,166.4418604651163,155.7906976744186,455,298,819,1794,0.9728124000248499,0.8888099999749102,0.022623544186624416,0.020669999999416516,0.06034900000668131,0.04352020000806078,215|233|288|297|133|306|106|206|246|206|293|278|455|414|84|77|120|251|292|124|146|169|130|128|80|131|269|156|141|110|61|173|55|66|110|69|64|103|53|80|58|116|65,179|261|298|216|288|104|133|180|203|235|218|280|241|219|42|39|264|170|132|265|119|112|162|174|38|219|232|102|102|106|107|114|109|108|111|104|101|93|103|104|110|103|99,0.025449400|0.030156100|0.037735900|0.045114500|0.021750800|0.046959000|0.014979100|0.028933100|0.034506700|0.030844500|0.043553100|0.041031200|0.060349000|0.055803300|0.013953300|0.013245600|0.018788800|0.034795500|0.039618100|0.014917200|0.021993400|0.021023900|0.016286500|0.019535300|0.012248900|0.026138100|0.033973900|0.021236200|0.015980800|0.013043500|0.007469600|0.018892500|0.006217500|0.007661300|0.011406800|0.007649300|0.007145300|0.011328900|0.005860400|0.008762300|0.006414900|0.012596400|0.007462500,0.022950900|0.035203100|0.042184400|0.032025200|0.043520200|0.017410500|0.019722700|0.025072700|0.027468100|0.031597300|0.030940200|0.037321800|0.033180100|0.029740900|0.005271000|0.004802500|0.034661900|0.023674700|0.017500200|0.033717500|0.017924400|0.016964500|0.023084800|0.022701700|0.004428700|0.029305000|0.031799900|0.013162600|0.014092000|0.014855500|0.014608000|0.013304100|0.013623600|0.011046300|0.011328200|0.011327500|0.010918600|0.010124200|0.011683600|0.011339400|0.011438900|0.011469900|0.010312700,1.86162239999976,1.8783380999957444,2,2,black,1.0,43,43,6699,7157,155.7906976744186,166.4418604651163,1794,819,0.8888099999749102,0.9728124000248499,0.020669999999416516,0.022623544186624416
20260804_220257,d2_english_opening_challenger_white,english_opening,flank_opening,c4 e5 Nc3 Nf6 g3 d5,rnbqkb1r/ppp2ppp/5n2/3pp3/2P5/2N3P1/PP1PPP1P/R1BQKBNR w KQkq - 0 4,6,2,2,ordered,ordered,True,1/2-1/2,threefold_repetition,37,43,d1a4 b7b5 a4b5 c7c6 b5a4 d5c4 a4c4 b8d7 c4c6 c8b7 c6b7 f8c5 e2e3 c5e3 f2e3 f6d5 b7d5 a8c8 g1f3 c8c3 b2c3 e8g8 f1d3 d8b6 d5d7 f7f5 d7d5 g8h8 f3e5 f8e8 e5f7 h8g8 f7e5 g8h8 e5f7 h8g8 f7e5,Qa4+ b5 Qxb5+ c6 Qa4 dxc4 Qxc4 Nbd7 Qxc6 Bb7 Qxb7 Bc5 e3 Bxe3 fxe3 Nd5 Qxd5 Rc8 Nf3 Rxc3 bxc3 O-O Bd3 Qb6 Qxd7 f5 Qd5+ Kh8 Nxe5 Re8 Nf7+ Kg8 Ne5+ Kh8 Nf7+ Kg8 Ne5+,c4 e5 Nc3 Nf6 g3 d5 Qa4+ b5 Qxb5+ c6 Qa4 dxc4 Qxc4 Nbd7 Qxc6 Bb7 Qxb7 Bc5 e3 Bxe3 fxe3 Nd5 Qxd5 Rc8 Nf3 Rxc3 bxc3 O-O Bd3 Qb6 Qxd7 f5 Qd5+ Kh8 Nxe5 Re8 Nf7+ Kg8 Ne5+ Kh8 Nf7+ Kg8 Ne5+,4r1k1/p5pp/1q6/3QNp2/8/2PBP1P1/P2P3P/R1B1K2R b KQ - 8 22,0,19,18,2815,3255,148.1578947368421,180.83333333333334,344,336,773,357,0.3724693999829469,0.4257124999567168,0.019603652630681416,0.02365069444203982,0.0398057999991579,0.043393900006776676,64|79|151|150|107|115|264|175|176|256|148|344|131|98|131|102|111|102|111,120|88|107|336|278|252|137|318|227|114|230|319|304|53|209|51|61|51,0.009416400|0.011400100|0.019713800|0.019739000|0.014331500|0.015807100|0.034985700|0.023953600|0.024590100|0.032778100|0.020100800|0.039805800|0.017411200|0.013431100|0.017273600|0.013793900|0.014946100|0.014361400|0.014630100,0.014676100|0.010882100|0.014820100|0.043393900|0.035232400|0.032915400|0.020427200|0.040380100|0.030322800|0.017961300|0.029189600|0.041647700|0.038684000|0.006436600|0.028884500|0.006202900|0.007497800|0.006158000,0.7981818999396637,0.805244400005904,2,2,white,0.5,19,18,2815,3255,148.1578947368421,180.83333333333334,773,357,0.3724693999829469,0.4257124999567168,0.019603652630681416,0.02365069444203982
20260804_220257,d2_english_opening_challenger_black,english_opening,flank_opening,c4 e5 Nc3 Nf6 g3 d5,rnbqkb1r/ppp2ppp/5n2/3pp3/2P5/2N3P1/PP1PPP1P/R1BQKBNR w KQkq - 0 4,6,2,2,ordered,ordered,True,1/2-1/2,threefold_repetition,37,43,d1a4 b7b5 a4b5 c7c6 b5a4 d5c4 a4c4 b8d7 c4c6 c8b7 c6b7 f8c5 e2e3 c5e3 f2e3 f6d5 b7d5 a8c8 g1f3 c8c3 b2c3 e8g8 f1d3 d8b6 d5d7 f7f5 d7d5 g8h8 f3e5 f8e8 e5f7 h8g8 f7e5 g8h8 e5f7 h8g8 f7e5,Qa4+ b5 Qxb5+ c6 Qa4 dxc4 Qxc4 Nbd7 Qxc6 Bb7 Qxb7 Bc5 e3 Bxe3 fxe3 Nd5 Qxd5 Rc8 Nf3 Rxc3 bxc3 O-O Bd3 Qb6 Qxd7 f5 Qd5+ Kh8 Nxe5 Re8 Nf7+ Kg8 Ne5+ Kh8 Nf7+ Kg8 Ne5+,c4 e5 Nc3 Nf6 g3 d5 Qa4+ b5 Qxb5+ c6 Qa4 dxc4 Qxc4 Nbd7 Qxc6 Bb7 Qxb7 Bc5 e3 Bxe3 fxe3 Nd5 Qxd5 Rc8 Nf3 Rxc3 bxc3 O-O Bd3 Qb6 Qxd7 f5 Qd5+ Kh8 Nxe5 Re8 Nf7+ Kg8 Ne5+ Kh8 Nf7+ Kg8 Ne5+,4r1k1/p5pp/1q6/3QNp2/8/2PBP1P1/P2P3P/R1B1K2R b KQ - 8 22,0,19,18,2815,3255,148.1578947368421,180.83333333333334,344,336,773,357,0.37202090001665056,0.4326246999844443,0.019580047369297398,0.024034705554691352,0.03899099999398459,0.04546999999729451,64|79|151|150|107|115|264|175|176|256|148|344|131|98|131|102|111|102|111,120|88|107|336|278|252|137|318|227|114|230|319|304|53|209|51|61|51,0.009007100|0.011406700|0.019849400|0.020120200|0.013808700|0.014608200|0.035003400|0.023028600|0.025418700|0.033453700|0.019712000|0.038991000|0.018101100|0.014131900|0.018044500|0.013847800|0.014726000|0.013643700|0.015118200,0.015019300|0.011105400|0.014878900|0.041465800|0.035583500|0.032616000|0.020322000|0.041290100|0.030744200|0.017881900|0.028485800|0.040377500|0.045470000|0.007043900|0.029777800|0.006662100|0.007556800|0.006343700,0.8046456000010949,0.8117290000081994,2,2,black,0.5,18,19,3255,2815,180.83333333333334,148.1578947368421,357,773,0.4326246999844443,0.37202090001665056,0.024034705554691352,0.019580047369297398
20260804_220257,d3_starting_position_challenger_white,starting_position,starting_position,,rnbqkbnr/pppppppp/8/8/8/8/PPPPPPPP/RNBQKBNR w KQkq - 0 1,0,3,2,ordered,ordered,True,1/2-1/2,threefold_repetition,108,108,g1f3 g8f6 b1c3 b8c6 c3b5 d7d5 d2d4 e8d7 b5c3 d7d6 c1f4 d6e6 d1d3 g7g5 f3g5 e6d7 g5f7 d8e8 f7h8 e7e5 d3f5 d7d6 f5f6 c8e6 h8f7 d6d7 f7e5 c6e5 f6e5 f8d6 e5g7 d7c6 f4d6 c7d6 g7h7 a7a5 h7h6 e6f5 e1c1 a8d8 h6f6 d8d7 f6f5 d7e7 f5d5 c6d7 d5b5 d7c7 c3d5 c7d8 b5a5 b7b6 a5a8 d8d7 d5b6 d7c7 b6d5 c7d7 a8a4 d7e6 d5f4 e6f5 e2e4 f5f4 g2g3 f4e4 f1d3 e4f3 d3e2 e7e2 d1d3 f3f2 h1f1 f2f1 d3f3 f1g2 f3f2 g2f2 a4e8 e2e8 c1d2 e8e4 d2d3 d6d5 c2c4 e4e3 d3d2 d5c4 b2b3 c4c3 d2c2 f2f3 b3b4 f3e4 h2h4 e4d4 g3g4 e3e5 a2a4 e5d5 h4h5 d5e5 c2b3 e5d5 b3c2 d5e5 c2b3 e5d5,Nf3 Nf6 Nc3 Nc6 Nb5 d5 d4 Kd7 Nc3 Kd6 Bf4+ Ke6 Qd3 g5 Nxg5+ Kd7 Nxf7 Qe8 Nxh8 e5 Qf5+ Kd6 Qxf6+ Be6 Nf7+ Kd7 Nxe5+ Nxe5 Qxe5 Bd6 Qg7+ Kc6 Bxd6 cxd6 Qxh7 a5 Qh6 Bf5 O-O-O Rd8 Qf6 Rd7 Qxf5 Re7 Qxd5+ Kd7 Qb5+ Kc7 Nd5+ Kd8 Qxa5+ b6 Qa8+ Kd7 Nxb6+ Kc7 Nd5+ Kd7 Qa4+ Ke6 Nf4+ Kf5 e4+ Kxf4 g3+ Kxe4 Bd3+ Kf3 Be2+ Rxe2 Rd3+ Kxf2 Rf1+ Kxf1 Rf3+ Kg2 Rf2+ Kxf2 Qxe8 Rxe8 Kd2 Re4 Kd3 d5 c4 Re3+ Kd2 dxc4 b3 c3+ Kc2 Kf3 b4 Ke4 h4 Kxd4 g4 Re5 a4 Rd5 h5 Re5 Kb3 Rd5 Kc2 Re5 Kb3 Rd5,Nf3 Nf6 Nc3 Nc6 Nb5 d5 d4 Kd7 Nc3 Kd6 Bf4+ Ke6 Qd3 g5 Nxg5+ Kd7 Nxf7 Qe8 Nxh8 e5 Qf5+ Kd6 Qxf6+ Be6 Nf7+ Kd7 Nxe5+ Nxe5 Qxe5 Bd6 Qg7+ Kc6 Bxd6 cxd6 Qxh7 a5 Qh6 Bf5 O-O-O Rd8 Qf6 Rd7 Qxf5 Re7 Qxd5+ Kd7 Qb5+ Kc7 Nd5+ Kd8 Qxa5+ b6 Qa8+ Kd7 Nxb6+ Kc7 Nd5+ Kd7 Qa4+ Ke6 Nf4+ Kf5 e4+ Kxf4 g3+ Kxe4 Bd3+ Kf3 Be2+ Rxe2 Rd3+ Kxf2 Rf1+ Kxf1 Rf3+ Kg2 Rf2+ Kxf2 Qxe8 Rxe8 Kd2 Re4 Kd3 d5 c4 Re3+ Kd2 dxc4 b3 c3+ Kc2 Kf3 b4 Ke4 h4 Kxd4 g4 Re5 a4 Rd5 h5 Re5 Kb3 Rd5 Kc2 Re5 Kb3 Rd5,8/8/8/3r3P/PP1k2P1/1Kp5/8/8 w - - 7 55,0,54,54,69604,5924,1288.962962962963,109.70370370370371,3628,401,3581,582,7.751741799962474,0.6748619000863982,0.14355077407337916,0.01249744259419256,0.41656139999395236,0.05359000001044478,857|1463|1013|1603|2364|1911|3072|2041|2585|2576|1828|1776|1989|2155|1178|1347|2120|3286|3628|3062|1932|1609|2669|1521|1236|1382|1338|1230|1300|1408|1295|1174|1037|1213|1158|376|756|263|435|239|488|247|220|79|376|141|342|277|221|410|375|337|329|337,118|98|176|154|219|80|401|51|217|290|100|98|95|50|150|108|100|282|335|305|202|300|46|95|46|129|40|47|40|82|114|68|57|81|59|59|37|50|60|44|91|58|41|51|39|96|50|38|56|57|63|69|63|69,0.089195400|0.155229300|0.108578600|0.180002500|0.274501600|0.231059300|0.368164800|0.255668000|0.320695900|0.315785800|0.226580000|0.218541400|0.249256700|0.264324500|0.147633700|0.157325200|0.256522100|0.388081200|0.416561400|0.368864600|0.222189400|0.175754100|0.292907300|0.161284700|0.128289300|0.140080100|0.135081900|0.123402800|0.133304200|0.140643600|0.128710600|0.122632100|0.104871300|0.123369300|0.118306800|0.037000200|0.072270400|0.025105800|0.040395900|0.021878600|0.038609900|0.019013100|0.016758100|0.006347200|0.028431800|0.010341200|0.026068600|0.020309600|0.015981700|0.029799900|0.027427300|0.024152300|0.023964000|0.024486700,0.012106600|0.010376000|0.020159000|0.019132300|0.025398400|0.009409700|0.053590000|0.006297300|0.029491900|0.038223900|0.012885900|0.012330600|0.012313700|0.006691800|0.020467100|0.013511200|0.013108100|0.034296800|0.040170600|0.036689000|0.025287300|0.034402600|0.004998500|0.009898900|0.005242900|0.013853700|0.004375600|0.005271900|0.004444800|0.008551000|0.011939200|0.007902400|0.006004100|0.008249200|0.006059600|0.006244200|0.003694700|0.005114200|0.005904000|0.004615600|0.007506200|0.004656300|0.003219000|0.004285600|0.002922200|0.007420100|0.003864100|0.003092400|0.004710600|0.004203400|0.004703700|0.005202600|0.004892600|0.005478800,8.426603700048872,8.442973700002767,3,2,white,0.5,54,54,69604,5924,1288.962962962963,109.70370370370371,3581,582,7.751741799962474,0.6748619000863982,0.14355077407337916,0.01249744259419256
20260804_220257,d3_starting_position_challenger_black,starting_position,starting_position,,rnbqkbnr/pppppppp/8/8/8/8/PPPPPPPP/RNBQKBNR w KQkq - 0 1,0,2,3,ordered,ordered,True,0-1,checkmate,44,44,g1f3 g8f6 b1c3 b8c6 e2e3 c6b4 e1e2 d7d5 d2d4 c8g4 c3d5 d8d5 e2e1 e8c8 f1c4 d5c4 e3e4 b4c2 d1c2 c4c2 c1f4 c2e4 e1f1 e4f4 f3h4 g7g5 a1e1 g5h4 f2f3 d8d4 f1g1 g4f5 h2h3 e7e5 g2g4 f4g3 g1f1 g3f3 f1g1 f3g3 g1f1 f5d3 e1e2 d4f4,Nf3 Nf6 Nc3 Nc6 e3 Nb4 Ke2 d5 d4 Bg4 Nxd5 Qxd5 Ke1 O-O-O Bc4 Qxc4 e4 Nxc2+ Qxc2 Qxc2 Bf4 Qxe4+ Kf1 Qxf4 Nh4 g5 Re1 gxh4 f3 Rxd4 Kg1 Bf5 h3 e5 g4 Qg3+ Kf1 Qxf3+ Kg1 Qg3+ Kf1 Bd3+ Re2 Rf4#,Nf3 Nf6 Nc3 Nc6 e3 Nb4 Ke2 d5 d4 Bg4 Nxd5 Qxd5 Ke1 O-O-O Bc4 Qxc4 e4 Nxc2+ Qxc2 Qxc2 Bf4 Qxe4+ Kf1 Qxf4 Nh4 g5 Re1 gxh4 f3 Rxd4 Kg1 Bf5 h3 e5 g4 Qg3+ Kf1 Qxf3+ Kg1 Qg3+ Kf1 Bd3+ Re2 Rf4#,2k2b1r/ppp2p1p/5n2/4p3/5rPp/3b2qP/PP2R3/5K1R w - - 6 23,-100000,22,22,4125,63561,187.5,2889.1363636363635,382,6666,291,2266,0.48987420003686566,7.183332500018878,0.022267009092584802,0.32651511363722174,0.046835699991788715,0.7667482999968342,86|119|311|185|177|81|138|382|370|51|351|98|165|259|263|202|296|346|58|67|63|57,1225|1225|1438|2000|1856|477|3153|1812|5881|1713|2117|2094|5020|2814|3337|3806|6666|3014|3196|4132|3515|3070,0.008780800|0.012697700|0.032976900|0.020894400|0.021989200|0.010885200|0.018862000|0.046835700|0.045572500|0.005914300|0.042152000|0.012028700|0.020936500|0.029366800|0.032205400|0.024124500|0.034438900|0.040311300|0.007376700|0.007691300|0.007244800|0.006588600,0.127058400|0.136136600|0.163791700|0.221367200|0.217147700|0.057734300|0.408487900|0.210222900|0.694095100|0.202022400|0.244722300|0.238025000|0.554636800|0.309298400|0.368417400|0.424684200|0.766748300|0.326197700|0.345716700|0.446762000|0.380515100|0.339544400,7.673206700055744,7.681145099995774,3,2,black,1.0,22,22,63561,4125,2889.1363636363635,187.5,2266,291,7.183332500018878,0.48987420003686566,0.32651511363722174,0.022267009092584802
20260804_220257,d3_open_game_challenger_white,open_game,open_game,e4 e5,rnbqkbnr/pppp1ppp/8/4p3/4P3/8/PPPP1PPP/RNBQKBNR w KQkq - 0 2,2,3,2,ordered,ordered,True,1-0,checkmate,71,73,d1h5 g7g5 b1c3 g8f6 h5g5 b8c6 g1f3 d7d5 c3d5 c8f5 d5f6 e8e7 f6d5 e7e6 e4f5 e6d5 c2c4 d5c5 b2b4 c6b4 d2d4 d8d4 f3d4 e5d4 f5f6 c5d6 g5f4 d6e6 f4d4 b4c2 e1d1 c2d4 c1e3 d4f5 f1d3 f5e3 f2e3 e6f6 h1f1 f6e5 f1f7 f8c5 f7f5 e5e6 f5c5 a8d8 d1c2 d8d7 d3f5 e6d6 c5d5 d6e7 d5d7 e7f6 f5h7 h8e8 a1f1 f6e5 d7c7 e8d8 c7e7 e5d6 e7b7 a7a5 f1d1 d6e5 d1d8 a5a4 b7b6 a4a3 d8e8,Qh5 g5 Nc3 Nf6 Qxg5 Nc6 Nf3 d5 Nxd5 Bf5 Nxf6+ Ke7 Nd5+ Ke6 exf5+ Kxd5 c4+ Kc5 b4+ Nxb4 d4+ Qxd4 Nxd4 exd4 f6+ Kd6 Qf4+ Ke6 Qxd4 Nc2+ Kd1 Nxd4 Be3 Nf5 Bd3 Nxe3+ fxe3 Kxf6 Rf1+ Ke5 Rxf7 Bc5 Rf5+ Ke6 Rxc5 Rad8 Kc2 Rd7 Bf5+ Kd6 Rd5+ Ke7 Rxd7+ Kf6 Bxh7 Re8 Rf1+ Ke5 Rxc7 Rd8 Re7+ Kd6 Rxb7 a5 Rd1+ Ke5 Rxd8 a4 Rb6 a3 Re8#,e4 e5 Qh5 g5 Nc3 Nf6 Qxg5 Nc6 Nf3 d5 Nxd5 Bf5 Nxf6+ Ke7 Nd5+ Ke6 exf5+ Kxd5 c4+ Kc5 b4+ Nxb4 d4+ Qxd4 Nxd4 exd4 f6+ Kd6 Qf4+ Ke6 Qxd4 Nc2+ Kd1 Nxd4 Be3 Nf5 Bd3 Nxe3+ fxe3 Kxf6 Rf1+ Ke5 Rxf7 Bc5 Rf5+ Ke6 Rxc5 Rad8 Kc2 Rd7 Bf5+ Kd6 Rd5+ Ke7 Rxd7+ Kf6 Bxh7 Re8 Rf1+ Ke5 Rxc7 Rd8 Re7+ Kd6 Rxb7 a5 Rd1+ Ke5 Rxd8 a4 Rb6 a3 Re8#,4R3/7B/1R6/4k3/2P5/p3P3/P1K3PP/8 b - - 1 37,100000,36,35,48650,4827,1351.388888888889,137.9142857142857,5104,419,2319,388,5.387001699971734,0.56343739994918,0.14963893611032594,0.016098211427119428,0.6207750999892596,0.05386329999601003,1206|2029|1630|5104|2516|1980|1350|1571|1243|999|524|445|490|887|811|225|1012|751|127|643|999|831|941|731|1017|1027|1211|1674|2060|2171|2767|1723|2199|820|2315|621,151|128|364|367|419|84|149|44|74|47|91|100|46|77|73|80|147|70|74|133|244|36|173|224|108|44|129|184|141|150|45|336|103|145|47,0.139333000|0.242908600|0.189199600|0.620775100|0.316420000|0.247665600|0.162868200|0.193943200|0.150194600|0.119259200|0.063629400|0.055395500|0.057564800|0.102562300|0.089646600|0.029842100|0.108079700|0.081987900|0.013762000|0.064681100|0.106454600|0.086502600|0.102364600|0.078956100|0.103860300|0.105041400|0.124863500|0.165549000|0.215629200|0.221686800|0.280155400|0.169886200|0.215910900|0.079088000|0.224923600|0.056411000,0.020001000|0.016933900|0.046724500|0.046215000|0.053863300|0.010443400|0.017802300|0.005400900|0.009646900|0.005903700|0.011840100|0.013156500|0.005811100|0.008515600|0.010240800|0.010862700|0.015802000|0.010005200|0.008477300|0.013537100|0.026913400|0.003780300|0.019299000|0.023994600|0.011706300|0.004815000|0.012670100|0.020492000|0.014867200|0.016474800|0.004429000|0.035545900|0.010468100|0.014610700|0.002187700,5.950439099920914,5.961810599997989,3,2,white,1.0,36,35,48650,4827,1351.388888888889,137.9142857142857,2319,388,5.387001699971734,0.56343739994918,0.14963893611032594,0.016098211427119428
20260804_220257,d3_open_game_challenger_black,open_game,open_game,e4 e5,rnbqkbnr/pppp1ppp/8/4p3/4P3/8/PPPP1PPP/RNBQKBNR w KQkq - 0 2,2,2,3,ordered,ordered,True,0-1,checkmate,42,44,b1c3 d8h4 g2g4 f8b4 c3d5 b4d6 g1f3 h4g4 d5c7 d6c7 d2d4 g4e4 f1e2 e5d4 c1e3 d4e3 f2e3 e4e3 d1d5 g8f6 d5c4 b8c6 a1d1 d7d5 c4b5 a7a6 b5a4 c8f5 c2c3 b7b5 a4h4 c7f4 f3e5 c6e5 h1f1 f5g4 f1f2 g4e2 d1d5 e2c4 e1d1 e3c1,Nc3 Qh4 g4 Bb4 Nd5 Bd6 Nf3 Qxg4 Nxc7+ Bxc7 d4 Qxe4+ Be2 exd4 Be3 dxe3 fxe3 Qxe3 Qd5 Nf6 Qc4 Nc6 Rd1 d5 Qb5 a6 Qa4 Bf5 c3 b5 Qh4 Bf4 Ne5 Nxe5 Rf1 Bg4 Rf2 Bxe2 Rxd5 Bc4+ Kd1 Qc1#,e4 e5 Nc3 Qh4 g4 Bb4 Nd5 Bd6 Nf3 Qxg4 Nxc7+ Bxc7 d4 Qxe4+ Be2 exd4 Be3 dxe3 fxe3 Qxe3 Qd5 Nf6 Qc4 Nc6 Rd1 d5 Qb5 a6 Qa4 Bf5 c3 b5 Qh4 Bf4 Ne5 Nxe5 Rf1 Bg4 Rf2 Bxe2 Rxd5 Bc4+ Kd1 Qc1#,r3k2r/5ppp/p4n2/1p1Rn3/2b2b1Q/2P5/PP3R1P/2qK4 w kq - 3 23,-100000,21,21,5069,72196,241.38095238095238,3437.904761904762,509,9042,535,3606,0.7085052999900654,9.690034100000048,0.03373834761857454,0.46143019523809753,0.07347010000376031,1.2867453999933787,156|208|99|141|97|287|83|152|183|258|372|509|306|279|507|318|274|296|261|228|55,1590|2111|931|379|308|1372|1671|1939|4135|3540|2625|8980|7286|6780|6589|9042|4071|3532|3598|946|771,0.018485800|0.027189500|0.014287100|0.018277600|0.013507000|0.034957900|0.009972000|0.020386700|0.024039300|0.033592600|0.051714800|0.071644700|0.045250400|0.040892700|0.073470100|0.048547100|0.044948700|0.042607000|0.035141300|0.031677800|0.007915200,0.186829600|0.256335800|0.115425100|0.045423600|0.037037000|0.163751700|0.208048400|0.238560300|0.529665700|0.455236700|0.335896700|1.213735100|1.010524700|0.930844700|0.964812300|1.286745400|0.574192900|0.457558400|0.468598500|0.115787700|0.095023800,10.398539399990113,10.407345699990401,3,2,black,1.0,21,21,72196,5069,3437.904761904762,241.38095238095238,3606,535,9.690034100000048,0.7085052999900654,0.46143019523809753,0.03373834761857454
20260804_220257,d3_italian_game_challenger_white,italian_game,open_game,e4 e5 Nf3 Nc6 Bc4 Bc5,r1bqk1nr/pppp1ppp/2n5/2b1p3/2B1P3/5N2/PPPP1PPP/RNBQK2R w KQkq - 4 4,6,3,2,ordered,ordered,True,1-0,checkmate,23,29,c4d5 c6b4 f3e5 b4d5 e4d5 g8f6 d1f3 c5f2 e1f2 d7d6 e5c4 f6d7 h1e1 e8f8 e1e4 d8g5 b1c3 c7c5 c4d6 d7e5 f3f7 e5f7 e4e8,Bd5 Nb4 Nxe5 Nxd5 exd5 Nf6 Qf3 Bxf2+ Kxf2 d6 Nc4 Nd7 Re1+ Kf8 Re4 Qg5 Nc3 c5 Nxd6 Ne5 Qxf7+ Nxf7 Re8#,e4 e5 Nf3 Nc6 Bc4 Bc5 Bd5 Nb4 Nxe5 Nxd5 exd5 Nf6 Qf3 Bxf2+ Kxf2 d6 Nc4 Nd7 Re1+ Kf8 Re4 Qg5 Nc3 c5 Nxd6 Ne5 Qxf7+ Nxf7 Re8#,r1b1Rk1r/pp3npp/3N4/2pP2q1/8/2N5/PPPP1KPP/R1B5 b - - 1 15,100000,12,11,16124,1726,1343.6666666666667,156.9090909090909,3167,325,1516,250,2.0528091000160202,0.23996299999998882,0.171067425001335,0.021814818181817165,0.40110610000556335,0.044604599999729544,1487|1082|351|1010|621|2383|1034|1319|3089|3167|360|221,217|105|139|68|146|294|56|158|325|175|43,0.192591900|0.134627000|0.043213900|0.137630600|0.079197200|0.295357800|0.120888600|0.173068900|0.401106100|0.397751400|0.049046200|0.028329500,0.030518700|0.014932200|0.018413200|0.011608000|0.020191300|0.035967000|0.007399000|0.022103400|0.044604600|0.024239100|0.009986500,2.292772100016009,2.2976497000054223,3,2,white,1.0,12,11,16124,1726,1343.6666666666667,156.9090909090909,1516,250,2.0528091000160202,0.23996299999998882,0.171067425001335,0.021814818181817165
20260804_220257,d3_italian_game_challenger_black,italian_game,open_game,e4 e5 Nf3 Nc6 Bc4 Bc5,r1bqk1nr/pppp1ppp/2n5/2b1p3/2B1P3/5N2/PPPP1PPP/RNBQK2R w KQkq - 4 4,6,2,3,ordered,ordered,True,0-1,checkmate,68,74,e1e2 d8f6 f3e1 f6f2 e2d3 f2d4 d3e2 d4e4 e2f1 e4c4 d2d3 c4d4 d1e2 g8f6 e1f3 d4g4 b1c3 c5d4 c1f4 g4f4 c3d5 f6d5 f1e1 d4b2 a1d1 d5c3 e2f2 c3d1 e1d1 c6d4 f3d4 f4f2 d4b5 f2b6 b5c7 b6c7 h1e1 d7d5 c2c3 c7c3 e1e3 c8g4 e3f3 c3d3 d1e1 b2c3 e1f2 c3d4 f2g3 g4f3 g2f3 a8c8 h2h4 c8c6 a2a4 e8e7 h4h5 h8d8 a4a5 f7f5 g3h4 d3f3 h4g5 c6g6 h5g6 d4e3 g5h4 f3g4,Ke2 Qf6 Ne1 Qxf2+ Kd3 Qd4+ Ke2 Qxe4+ Kf1 Qxc4+ d3 Qd4 Qe2 Nf6 Nf3 Qg4 Nc3 Bd4 Bf4 Qxf4 Nd5 Nxd5 Ke1 Bxb2 Rd1 Nc3 Qf2 Nxd1 Kxd1 Nd4 Nxd4 Qxf2 Nb5 Qb6 Nxc7+ Qxc7 Re1 d5 c3 Qxc3 Re3 Bg4+ Rf3 Qxd3+ Ke1 Bc3+ Kf2 Bd4+ Kg3 Bxf3 gxf3 Rc8 h4 Rc6 a4 Ke7 h5 Rd8 a5 f5 Kh4 Qxf3 Kg5 Rg6+ hxg6 Be3+ Kh4 Qg4#,e4 e5 Nf3 Nc6 Bc4 Bc5 Ke2 Qf6 Ne1 Qxf2+ Kd3 Qd4+ Ke2 Qxe4+ Kf1 Qxc4+ d3 Qd4 Qe2 Nf6 Nf3 Qg4 Nc3 Bd4 Bf4 Qxf4 Nd5 Nxd5 Ke1 Bxb2 Rd1 Nc3 Qf2 Nxd1 Kxd1 Nd4 Nxd4 Qxf2 Nb5 Qb6 Nxc7+ Qxc7 Re1 d5 c3 Qxc3 Re3 Bg4+ Rf3 Qxd3+ Ke1 Bc3+ Kf2 Bd4+ Kg3 Bxf3 gxf3 Rc8 h4 Rc6 a4 Ke7 h5 Rd8 a5 f5 Kh4 Qxf3 Kg5 Rg6+ hxg6 Be3+ Kh4 Qg4#,3r4/pp2k1pp/6P1/P2ppp2/6qK/4b3/8/8 w - - 3 38,-100000,34,34,4693,88967,138.02941176470588,2616.676470588235,295,6061,429,3605,0.6234019000257831,10.68082959993626,0.018335350000758328,0.3141420470569488,0.04301080000004731,0.8322007999959169,177|209|48|42|51|108|198|218|292|295|109|160|289|231|191|158|257|70|135|126|82|57|54|53|70|60|172|186|142|207|77|71|51|47,2387|584|780|700|869|3544|4381|2806|6061|1741|603|3057|3459|5650|5115|1322|911|158|1708|2003|690|2307|2355|2165|2487|3041|3881|3736|4447|4618|3607|3564|2129|2101,0.029417800|0.028155400|0.006303100|0.005963100|0.006474000|0.014290400|0.025648000|0.031973800|0.043010800|0.041418400|0.016533900|0.022087100|0.040504400|0.034390300|0.027993700|0.019611000|0.032787600|0.009174500|0.015892100|0.015661800|0.010980800|0.007595100|0.006144400|0.006315100|0.009265300|0.008607600|0.019931400|0.021156600|0.015970800|0.022951400|0.008922200|0.008210000|0.005348400|0.004711600,0.324901500|0.071056900|0.095937900|0.084719000|0.105270100|0.441913400|0.571571800|0.390658000|0.832200800|0.227269200|0.079894200|0.381939000|0.449428700|0.742047100|0.647729400|0.160468400|0.104742600|0.018018800|0.189916400|0.227753200|0.075323800|0.284005200|0.263278200|0.244194300|0.284473700|0.351958000|0.424986400|0.410884700|0.479862700|0.500025000|0.406927100|0.381419800|0.215003200|0.211051100,11.304231499962043,11.31740020000143,3,2,black,1.0,34,34,88967,4693,2616.676470588235,138.02941176470588,3605,429,10.68082959993626,0.6234019000257831,0.3141420470569488,0.018335350000758328
20260804_220257,d3_ruy_lopez_challenger_white,ruy_lopez,open_game,e4 e5 Nf3 Nc6 Bb5 a6,r1bqkbnr/1ppp1ppp/p1n5/1B2p3/4P3/5N2/PPPP1PPP/RNBQK2R w KQkq - 0 4,6,3,2,ordered,ordered,True,1/2-1/2,threefold_repetition,57,63,b5a4 b7b5 a4b3 g8f6 b1c3 d7d5 e4d5 c6b4 a2a3 b4d5 c3d5 f6d5 f3e5 d5f4 d1f3 f4g2 f3g2 a8b8 e5c6 d8d6 g2e4 f8e7 c6b8 e8g8 b8c6 e7f6 d2d4 g8h8 c1f4 d6d7 c6a7 f6d4 a7c8 d4b2 a1b1 b2c3 e1e2 f8c8 h1g1 f7f5 e4e3 c3f6 b3e6 d7e8 e6c8 e8c8 f4c7 c8d7 g1d1 d7c6 e2e1 c6h1 e1e2 h1c6 e2e1 c6h1 e1e2,Ba4 b5 Bb3 Nf6 Nc3 d5 exd5 Nb4 a3 Nbxd5 Nxd5 Nxd5 Nxe5 Nf4 Qf3 Nxg2+ Qxg2 Rb8 Nc6 Qd6 Qe4+ Be7 Nxb8 O-O Nc6 Bf6 d4 Kh8 Bf4 Qd7 Na7 Bxd4 Nxc8 Bxb2 Rb1 Bc3+ Ke2 Rxc8 Rhg1 f5 Qe3 Bf6 Be6 Qe8 Bxc8 Qxc8 Bxc7 Qd7 Rgd1 Qc6 Ke1 Qh1+ Ke2 Qc6 Ke1 Qh1+ Ke2,e4 e5 Nf3 Nc6 Bb5 a6 Ba4 b5 Bb3 Nf6 Nc3 d5 exd5 Nb4 a3 Nbxd5 Nxd5 Nxd5 Nxe5 Nf4 Qf3 Nxg2+ Qxg2 Rb8 Nc6 Qd6 Qe4+ Be7 Nxb8 O-O Nc6 Bf6 d4 Kh8 Bf4 Qd7 Na7 Bxd4 Nxc8 Bxb2 Rb1 Bc3+ Ke2 Rxc8 Rhg1 f5 Qe3 Bf6 Be6 Qe8 Bxc8 Qxc8 Bxc7 Qd7 Rgd1 Qc6 Ke1 Qh1+ Ke2 Qc6 Ke1 Qh1+ Ke2,7k/2B3pp/p4b2/1p3p2/8/P3Q3/2P1KP1P/1R1R3q b - - 10 32,0,29,28,64561,5708,2226.2413793103447,203.85714285714286,6446,478,4586,844,8.12522629997693,0.7759204999892972,0.2801802172405838,0.027711446428189186,0.8243545000004815,0.06130839999241289,1235|936|1351|1114|1968|957|933|722|293|1948|2462|2679|5071|4024|6191|5174|822|3441|199|3163|3008|3829|1490|2509|6446|1097|201|1097|201,223|122|206|188|111|93|184|159|255|293|112|369|273|235|247|137|177|81|134|478|304|177|122|422|256|83|184|83,0.155558400|0.118415900|0.173330200|0.153223900|0.247052800|0.121664000|0.119860800|0.095494800|0.039688500|0.237565000|0.297908200|0.348507600|0.671868400|0.519072200|0.824354500|0.669550000|0.106052000|0.437924400|0.028775900|0.402585100|0.369498400|0.452565300|0.176534200|0.278083600|0.752010300|0.139155400|0.023508700|0.142318500|0.023099300,0.027685400|0.016595600|0.026927100|0.024998300|0.015242200|0.013062200|0.024764600|0.024553900|0.035637800|0.038552700|0.015513000|0.050654200|0.038477400|0.033615800|0.036543700|0.021312100|0.026935900|0.013571400|0.021091900|0.061308400|0.039283800|0.024774500|0.016196000|0.050976900|0.031415900|0.011905100|0.022121600|0.012203100,8.901146799966227,8.912915199995041,3,2,white,0.5,29,28,64561,5708,2226.2413793103447,203.85714285714286,4586,844,8.12522629997693,0.7759204999892972,0.2801802172405838,0.027711446428189186
20260804_220257,d3_ruy_lopez_challenger_black,ruy_lopez,open_game,e4 e5 Nf3 Nc6 Bb5 a6,r1bqkbnr/1ppp1ppp/p1n5/1B2p3/4P3/5N2/PPPP1PPP/RNBQK2R w KQkq - 0 4,6,2,3,ordered,ordered,True,0-1,checkmate,44,50,b5c6 d7c6 f3e5 d8d4 e5f3 d4e4 e1f1 c8g4 b1c3 e4c4 d2d3 c4e6 c1f4 g8f6 f4c7 f8c5 d3d4 e6c4 f1g1 c5e7 d1e1 e8d7 e1e5 h7h5 a1e1 h8e8 f3d2 c4b4 f2f3 e7d6 e5e8 a8e8 e1e8 b4d4 g1f1 d6c7 f3g4 d7e8 g4h5 d4d2 c3a4 d2d1 f1f2 f6g4,Bxc6 dxc6 Nxe5 Qd4 Nf3 Qxe4+ Kf1 Bg4 Nc3 Qc4+ d3 Qe6 Bf4 Nf6 Bxc7 Bc5 d4 Qc4+ Kg1 Be7 Qe1 Kd7 Qe5 h5 Re1 Rhe8 Nd2 Qb4 f3 Bd6 Qxe8+ Rxe8 Rxe8 Qxd4+ Kf1 Bxc7 fxg4 Kxe8 gxh5 Qxd2 Na4 Qd1+ Kf2 Ng4#,e4 e5 Nf3 Nc6 Bb5 a6 Bxc6 dxc6 Nxe5 Qd4 Nf3 Qxe4+ Kf1 Bg4 Nc3 Qc4+ d3 Qe6 Bf4 Nf6 Bxc7 Bc5 d4 Qc4+ Kg1 Be7 Qe1 Kd7 Qe5 h5 Re1 Rhe8 Nd2 Qb4 f3 Bd6 Qxe8+ Rxe8 Rxe8 Qxd4+ Kf1 Bxc7 fxg4 Kxe8 gxh5 Qxd2 Na4 Qd1+ Kf2 Ng4#,4k3/1pb2pp1/p1p5/7P/N5n1/8/PPP2KPP/3q3R w - - 4 26,-100000,22,22,4545,47762,206.5909090909091,2171.0,423,6830,568,3624,0.6124324999982491,6.022920699964743,0.027837840909011324,0.27376912272567017,0.05642960000841413,0.8971020999888424,124|85|271|50|315|113|423|187|329|64|328|225|381|309|284|155|119|47|239|188|263|46,282|4045|1532|2693|2178|1157|2092|3566|2089|1468|5375|6830|2040|2631|2334|284|421|967|859|2220|1843|856,0.016140300|0.012117900|0.035834500|0.006327400|0.042464200|0.014523000|0.056429600|0.027692600|0.047256400|0.009283400|0.045392300|0.031662600|0.051907900|0.041147500|0.039296600|0.024155900|0.018646600|0.006030200|0.030579900|0.022134800|0.028329300|0.005079600,0.035668600|0.507907100|0.195347700|0.334234100|0.259477200|0.148307600|0.275364000|0.489747300|0.284456100|0.189043700|0.694696100|0.897102100|0.263680400|0.328051100|0.292986600|0.041443100|0.048840800|0.116293600|0.097991000|0.233579000|0.197312700|0.091390800,6.635353199962992,6.644163899996784,3,2,black,1.0,22,22,47762,4545,2171.0,206.5909090909091,3624,568,6.022920699964743,0.6124324999982491,0.27376912272567017,0.027837840909011324
20260804_220257,d3_scotch_game_challenger_white,scotch_game,open_game,e4 e5 Nf3 Nc6 d4 exd4,r1bqkbnr/pppp1ppp/2n5/8/3pP3/5N2/PPP2PPP/RNBQKB1R w KQkq - 0 4,6,3,2,ordered,ordered,True,1-0,checkmate,59,65,f3d4 f8b4 b1c3 c6e5 c1f4 b4c3 b2c3 e5g6 d1g4 g6f4 g4f4 g8e7 f4e5 e8g8 f1c4 e7g6 e5f5 g6e7 f5g5 d7d5 c4d5 d8d6 d4b5 d6c5 d5f7 f8f7 g5c5 e7g6 c5d5 c8e6 d5e6 g8h8 e6f7 g6e5 f7e6 a8d8 e6e5 c7c6 b5a7 c6c5 e5c5 h7h6 c5e7 d8g8 e7b7 g7g5 b7d5 g8e8 f2f3 e8e7 d5d8 h8g7 d8e7 g7g6 a7c6 g5g4 c6e5 g6h5 f3g4,Nxd4 Bb4+ Nc3 Ne5 Bf4 Bxc3+ bxc3 Ng6 Qg4 Nxf4 Qxf4 Ne7 Qe5 O-O Bc4 Ng6 Qf5 Ne7 Qg5 d5 Bxd5 Qd6 Nb5 Qc5 Bxf7+ Rxf7 Qxc5 Ng6 Qd5 Be6 Qxe6 Kh8 Qxf7 Ne5 Qe6 Rd8 Qxe5 c6 Nxa7 c5 Qxc5 h6 Qe7 Rg8 Qxb7 g5 Qd5 Re8 f3 Re7 Qd8+ Kg7 Qxe7+ Kg6 Nc6 g4 Ne5+ Kh5 fxg4#,e4 e5 Nf3 Nc6 d4 exd4 Nxd4 Bb4+ Nc3 Ne5 Bf4 Bxc3+ bxc3 Ng6 Qg4 Nxf4 Qxf4 Ne7 Qe5 O-O Bc4 Ng6 Qf5 Ne7 Qg5 d5 Bxd5 Qd6 Nb5 Qc5 Bxf7+ Rxf7 Qxc5 Ng6 Qd5 Be6 Qxe6 Kh8 Qxf7 Ne5 Qe6 Rd8 Qxe5 c6 Nxa7 c5 Qxc5 h6 Qe7 Rg8 Qxb7 g5 Qd5 Re8 f3 Re7 Qd8+ Kg7 Qxe7+ Kg6 Nc6 g4 Ne5+ Kh5 fxg4#,8/4Q3/7p/4N2k/4P1P1/2P5/P1P3PP/R3K2R b KQ - 0 33,100000,30,29,56702,4756,1890.0666666666666,164.0,5020,363,2593,481,6.627435899979901,0.6126555000228109,0.22091452999933,0.021126051724924513,0.6302566999947885,0.04975890000059735,685|341|753|235|1851|507|2336|5020|2886|2479|2893|2819|1813|588|3078|1295|1665|2054|829|1713|1684|2325|2224|2614|3754|771|696|2525|2313|1956,87|114|77|192|94|97|167|176|332|226|278|363|58|267|127|83|168|176|162|134|175|184|259|216|142|88|126|142|46,0.085304600|0.045964200|0.106040500|0.030020800|0.228882500|0.061595200|0.281721900|0.630256700|0.365911800|0.307939700|0.365281600|0.366683900|0.215934300|0.072580400|0.371649800|0.148954000|0.191388200|0.223600200|0.089298400|0.183934400|0.179927600|0.256749000|0.247542000|0.285384300|0.415476200|0.077796300|0.072556000|0.261557700|0.253078700|0.204425000,0.013308800|0.016257600|0.011920600|0.025416000|0.014816300|0.014126400|0.021940300|0.025332000|0.045272800|0.032826400|0.037877400|0.049758900|0.007607100|0.033073900|0.016743700|0.011713700|0.020310900|0.022714100|0.018623300|0.015405000|0.020478400|0.021771600|0.028954200|0.025085400|0.017261400|0.010096100|0.013433900|0.015385900|0.005143400,7.2400914000027115,7.250928699999349,3,2,white,1.0,30,29,56702,4756,1890.0666666666666,164.0,2593,481,6.627435899979901,0.6126555000228109,0.22091452999933,0.021126051724924513
20260804_220257,d3_scotch_game_challenger_black,scotch_game,open_game,e4 e5 Nf3 Nc6 d4 exd4,r1bqkbnr/pppp1ppp/2n5/8/3pP3/5N2/PPP2PPP/RNBQKB1R w KQkq - 0 4,6,2,3,ordered,ordered,True,0-1,checkmate,36,42,b1d2 d8f6 f3g1 f6f4 d2c4 f8b4 c2c3 f4e4 e1d2 d4c3 b2c3 e4d5 f1d3 b4e7 d2e1 d5g2 c4d6 c7d6 d3h7 h8h7 c1e3 g2h1 e3a7 h1g1 e1d2 e7g5 f2f4 g5f4 d2d3 h7h3 d3e4 g1g5 d1d6 g8f6 d6f6 d7d5,Nbd2 Qf6 Ng1 Qf4 Nc4 Bb4+ c3 Qxe4+ Kd2 dxc3+ bxc3 Qd5+ Bd3 Be7 Ke1 Qxg2 Nd6+ cxd6 Bxh7 Rxh7 Be3 Qxh1 Bxa7 Qxg1+ Kd2 Bg5+ f4 Bxf4+ Kd3 Rh3+ Ke4 Qg5 Qxd6 Nf6+ Qxf6 d5#,e4 e5 Nf3 Nc6 d4 exd4 Nbd2 Qf6 Ng1 Qf4 Nc4 Bb4+ c3 Qxe4+ Kd2 dxc3+ bxc3 Qd5+ Bd3 Be7 Ke1 Qxg2 Nd6+ cxd6 Bxh7 Rxh7 Be3 Qxh1 Bxa7 Qxg1+ Kd2 Bg5+ f4 Bxf4+ Kd3 Rh3+ Ke4 Qg5 Qxd6 Nf6+ Qxf6 d5#,r1b1k3/Bp3pp1/2n2Q2/3p2q1/4Kb2/2P4r/P6P/R7 w q - 0 22,-100000,18,18,2519,27566,139.94444444444446,1531.4444444444443,413,3440,307,1391,0.3428055000404129,3.3998244000104023,0.01904475000224516,0.18887913333391124,0.051458999994792975,0.43841149999934714,326|141|119|107|61|52|102|117|215|239|413|110|86|102|60|77|139|53,2180|3440|1769|1072|2262|2116|1248|970|299|1742|2018|1229|1370|701|1140|2810|648|552,0.040493000|0.027008800|0.017717600|0.014176900|0.008394800|0.006786900|0.013877900|0.018999500|0.031037700|0.032197500|0.051459000|0.014961700|0.009834400|0.012288700|0.007710600|0.010089800|0.019495100|0.006275600,0.263818100|0.438411500|0.220558800|0.138620800|0.293683700|0.271505400|0.167775200|0.130283100|0.039786500|0.218898300|0.235113100|0.142877000|0.151573200|0.081347600|0.133193500|0.332130200|0.075885000|0.064363400,3.742629900050815,3.7501173999917228,3,2,black,1.0,18,18,27566,2519,1531.4444444444443,139.94444444444446,1391,307,3.3998244000104023,0.3428055000404129,0.18887913333391124,0.01904475000224516
20260804_220257,d3_sicilian_defence_challenger_white,sicilian_defence,semi_open_game,e4 c5 Nf3 d6 d4 cxd4,rnbqkbnr/pp2pppp/3p4/8/3pP3/5N2/PPP2PPP/RNBQKB1R w KQkq - 0 4,6,3,2,ordered,ordered,True,1-0,checkmate,63,69,f1b5 b8d7 b1d2 g8f6 f3d4 f6e4 d2e4 d8a5 c1d2 a5b6 c2c3 e8d8 d1g4 f7f5 g4f5 e7e6 f5e6 h7h5 d2f4 d7c5 f4g5 d8c7 e6c4 c7b8 e4g3 d6d5 c4d5 c8g4 g5f4 f8d6 f4d6 b8c8 d6c5 b6f6 d5e4 c8c7 c5e7 f6f7 b5d3 g4d7 e1g1 h8e8 f1e1 g7g5 e1e3 a8c8 e3f3 f7g7 g3h5 g7h8 h5f6 e8e7 e4e7 h8h4 e7d7 c7b6 f6d5 b6c5 d7e7 c5d5 e7e6 d5c5 d4b3,Bb5+ Nd7 Nbd2 Nf6 Nxd4 Nxe4 Nxe4 Qa5+ Bd2 Qb6 c3 Kd8 Qg4 f5 Qxf5 e6 Qxe6 h5 Bf4 Nc5 Bg5+ Kc7 Qc4 Kb8 Ng3 d5 Qxd5 Bg4 Bf4+ Bd6 Bxd6+ Kc8 Bxc5 Qf6 Qe4 Kc7 Be7 Qf7 Bd3 Bd7 O-O Rhe8 Rfe1 g5 Re3 Rac8 Rf3 Qg7 Nxh5 Qh8 Nf6 Rxe7 Qxe7 Qh4 Qxd7+ Kb6 Nd5+ Kc5 Qe7+ Kxd5 Qe6+ Kc5 Nb3#,e4 c5 Nf3 d6 d4 cxd4 Bb5+ Nd7 Nbd2 Nf6 Nxd4 Nxe4 Nxe4 Qa5+ Bd2 Qb6 c3 Kd8 Qg4 f5 Qxf5 e6 Qxe6 h5 Bf4 Nc5 Bg5+ Kc7 Qc4 Kb8 Ng3 d5 Qxd5 Bg4 Bf4+ Bd6 Bxd6+ Kc8 Bxc5 Qf6 Qe4 Kc7 Be7 Qf7 Bd3 Bd7 O-O Rhe8 Rfe1 g5 Re3 Rac8 Rf3 Qg7 Nxh5 Qh8 Nf6 Rxe7 Qxe7 Qh4 Qxd7+ Kb6 Nd5+ Kc5 Qe7+ Kxd5 Qe6+ Kc5 Nb3#,2r5/pp6/4Q3/2k3p1/7q/1NPB1R2/PP3PPP/R5K1 b - - 3 35,100000,32,31,114699,7916,3584.34375,255.3548387096774,14014,678,4833,629,14.98795559995051,1.1343274999962887,0.46837361249845344,0.03659120967729963,1.9686857000051532,0.09896180000214372,676|1304|1282|1521|954|3973|7213|3622|3716|8010|2520|3292|3814|1348|1535|1056|1677|5962|5729|14014|8610|5229|5013|8008|3854|3928|1380|2397|823|568|985|686,134|106|81|41|304|192|392|306|301|383|71|383|186|389|128|116|256|489|523|678|337|330|272|414|353|147|278|128|70|63|65,0.086309600|0.171743700|0.165875600|0.187546600|0.121777500|0.506769100|0.957712800|0.467953100|0.467841100|1.033912100|0.315936100|0.408817900|0.481379700|0.169885100|0.201828200|0.145182400|0.220482000|0.784589700|0.783216900|1.968685700|1.200818100|0.693941500|0.641681000|1.049382700|0.478768500|0.473721200|0.164763500|0.285038800|0.091013800|0.063811200|0.113564500|0.084005900,0.018707500|0.013954200|0.012132300|0.006939000|0.038972200|0.026206900|0.056506300|0.044209300|0.042545000|0.055124000|0.009650600|0.052004200|0.026998200|0.054811600|0.017204200|0.016986000|0.038512300|0.069727400|0.082171800|0.098961800|0.047524600|0.049239000|0.041227700|0.065847700|0.050630700|0.021675500|0.036799500|0.015020400|0.008372000|0.007580700|0.008084900,16.1222830999468,16.13615240000945,3,2,white,1.0,32,31,114699,7916,3584.34375,255.3548387096774,4833,629,14.98795559995051,1.1343274999962887,0.46837361249845344,0.03659120967729963
20260804_220257,d3_sicilian_defence_challenger_black,sicilian_defence,semi_open_game,e4 c5 Nf3 d6 d4 cxd4,rnbqkbnr/pp2pppp/3p4/8/3pP3/5N2/PPP2PPP/RNBQKB1R w KQkq - 0 4,6,2,3,ordered,ordered,True,0-1,checkmate,42,48,d1d4 b8c6 f1b5 d8a5 b2b4 a5b5 d4c3 c8g4 f3g1 c6b4 e1d2 g8f6 d2e3 b5g5 f2f4 g5b5 b1d2 b5b6 c3d4 b4c2 e3d3 c2d4 c1a3 d4b5 a3b2 f6d7 a1e1 b6f2 e1c1 f2g2 b2g7 f8g7 g1f3 g4f3 d2f3 g2f3 d3c4 b5a3 c4b4 a7a5 b4a4 d7b6,Qxd4 Nc6 Bb5 Qa5+ b4 Qxb5 Qc3 Bg4 Ng1 Nxb4 Kd2 Nf6 Ke3 Qg5+ f4 Qb5 Nd2 Qb6+ Qd4 Nxc2+ Kd3 Nxd4 Ba3 Nb5 Bb2 Nd7 Re1 Qf2 Rc1 Qxg2 Bxg7 Bxg7 Ngf3 Bxf3 Nxf3 Qxf3+ Kc4 Na3+ Kb4 a5+ Ka4 Nb6#,e4 c5 Nf3 d6 d4 cxd4 Qxd4 Nc6 Bb5 Qa5+ b4 Qxb5 Qc3 Bg4 Ng1 Nxb4 Kd2 Nf6 Ke3 Qg5+ f4 Qb5 Nd2 Qb6+ Qd4 Nxc2+ Kd3 Nxd4 Ba3 Nb5 Bb2 Nd7 Re1 Qf2 Rc1 Qxg2 Bxg7 Bxg7 Ngf3 Bxf3 Nxf3 Qxf3+ Kc4 Na3+ Kb4 a5+ Ka4 Nb6#,r3k2r/1p2ppbp/1n1p4/p7/K3PP2/n4q2/P6P/2R4R w kq - 2 25,-100000,21,21,4537,51707,216.04761904761904,2462.2380952380954,504,6010,431,2327,0.646799900001497,6.881191300009959,0.030799995238166525,0.32767577619095045,0.0693850000097882,0.8358335999946576,131|217|147|354|242|292|284|99|331|89|51|292|236|368|367|172|504|121|79|107|54,980|313|606|3686|3844|4469|6010|3017|685|1678|1022|5518|2556|3332|2346|1305|5296|748|2975|658|663,0.018060400|0.028581800|0.020019500|0.048950000|0.036878100|0.043516100|0.043629400|0.015149600|0.048215100|0.011304400|0.006986600|0.041257700|0.034373000|0.051997300|0.052074000|0.025241500|0.069385000|0.019821100|0.010006000|0.014060600|0.007292700,0.125550700|0.044597000|0.082703000|0.496582300|0.527145500|0.614802600|0.835833600|0.400664800|0.085576800|0.208729500|0.139082800|0.724675800|0.346168400|0.437753900|0.305194600|0.169916000|0.713430800|0.087107700|0.385396800|0.075190500|0.075088200,7.527991200011456,7.536709799998789,3,2,black,1.0,21,21,51707,4537,2462.2380952380954,216.04761904761904,2327,431,6.881191300009959,0.646799900001497,0.32767577619095045,0.030799995238166525
20260804_220257,d3_french_defence_challenger_white,french_defence,semi_open_game,e4 e6 d4 d5 Nc3 Nf6,rnbqkb1r/ppp2ppp/4pn2/3p4/3PP3/2N5/PPP2PPP/R1BQKBNR w KQkq - 2 4,6,3,2,ordered,ordered,True,1-0,checkmate,67,73,c1g5 d5e4 f1b5 c7c6 b5c4 f8b4 g5f6 d8f6 g1e2 b4c3 e2c3 b8d7 c3e4 f6f4 d1d3 b7b5 g2g3 f4f5 e4d6 e8d8 d6f5 b5c4 d3c4 e6f5 c4f7 d7b6 c2c4 f5f4 g3f4 c8g4 f7g7 h8e8 e1f1 g4h3 f1g1 b6c4 g7f7 e8e4 f7g8 d8e7 g8h7 e7d6 h7g6 h3e6 g6e4 a8g8 g1f1 c4d2 f1e2 d2e4 a1c1 e6g4 f2f3 g4h5 e2e3 e4f6 e3f2 d6d5 c1c5 d5d4 c5c6 h5f3 f2f3 f6e4 h1d1 e4d2 d1d2,Bg5 dxe4 Bb5+ c6 Bc4 Bb4 Bxf6 Qxf6 Ne2 Bxc3+ Nxc3 Nd7 Nxe4 Qf4 Qd3 b5 g3 Qf5 Nd6+ Kd8 Nxf5 bxc4 Qxc4 exf5 Qxf7 Nb6 c4 f4 gxf4 Bg4 Qxg7 Re8+ Kf1 Bh3+ Kg1 Nxc4 Qf7 Re4 Qg8+ Ke7 Qxh7+ Kd6 Qg6+ Be6 Qxe4 Rg8+ Kf1 Nd2+ Ke2 Nxe4 Rac1 Bg4+ f3 Bh5 Ke3 Nf6 Kf2 Kd5 Rc5+ Kxd4 Rxc6 Bxf3 Kxf3 Ne4 Rd1+ Nd2+ Rxd2#,e4 e6 d4 d5 Nc3 Nf6 Bg5 dxe4 Bb5+ c6 Bc4 Bb4 Bxf6 Qxf6 Ne2 Bxc3+ Nxc3 Nd7 Nxe4 Qf4 Qd3 b5 g3 Qf5 Nd6+ Kd8 Nxf5 bxc4 Qxc4 exf5 Qxf7 Nb6 c4 f4 gxf4 Bg4 Qxg7 Re8+ Kf1 Bh3+ Kg1 Nxc4 Qf7 Re4 Qg8+ Ke7 Qxh7+ Kd6 Qg6+ Be6 Qxe4 Rg8+ Kf1 Nd2+ Ke2 Nxe4 Rac1 Bg4+ f3 Bh5 Ke3 Nf6 Kf2 Kd5 Rc5+ Kxd4 Rxc6 Bxf3 Kxf3 Ne4 Rd1+ Nd2+ Rxd2#,6r1/p7/2R5/8/3k1P2/5K2/PP1R3P/8 b - - 0 37,100000,34,33,36553,4912,1075.0882352941176,148.84848484848484,4438,347,3031,748,4.534367000072962,0.6459587000426836,0.13336373529626358,0.019574506061899505,0.528660600000876,0.04792070000257809,1888|2730|2319|586|889|460|1924|1682|2359|498|1562|1324|769|4438|1647|2131|158|94|1244|930|348|404|713|81|136|801|419|530|474|1358|1066|420|161|10,128|198|347|141|83|229|247|313|303|92|90|83|321|259|247|55|75|89|182|52|99|126|58|73|107|80|117|143|237|41|145|148|4,0.254431800|0.349380700|0.315703200|0.081501600|0.128646000|0.068475200|0.264701200|0.235209500|0.319036700|0.066782100|0.196002400|0.154541400|0.091663500|0.528660600|0.188814600|0.250918800|0.021684500|0.012572300|0.132084600|0.102929300|0.035869800|0.043327600|0.078024400|0.009878200|0.018260700|0.089128600|0.046606000|0.057540700|0.055590100|0.151218700|0.122859000|0.045413900|0.015979700|0.000929600,0.020022700|0.025964400|0.047920700|0.020931900|0.012872300|0.033821600|0.036667700|0.043619900|0.042309200|0.011550700|0.013339900|0.012748300|0.039779500|0.031763200|0.030341100|0.009206900|0.009781700|0.011266300|0.021730000|0.005738400|0.010778700|0.014241900|0.007596500|0.010190300|0.015197400|0.010358600|0.014361200|0.017245300|0.027746600|0.005022400|0.016597200|0.014898700|0.000347500,5.180325700115645,5.191940200005774,3,2,white,1.0,34,33,36553,4912,1075.0882352941176,148.84848484848484,3031,748,4.534367000072962,0.6459587000426836,0.13336373529626358,0.019574506061899505
20260804_220257,d3_french_defence_challenger_black,french_defence,semi_open_game,e4 e6 d4 d5 Nc3 Nf6,rnbqkb1r/ppp2ppp/4pn2/3p4/3PP3/2N5/PPP2PPP/R1BQKBNR w KQkq - 2 4,6,2,3,ordered,ordered,True,0-1,checkmate,36,42,f1b5 c7c6 b5d3 d5e4 d3c4 f8b4 c4e6 c8e6 g1f3 e4f3 g2f3 d8d5 c1d2 d5d4 d1e2 b8d7 e1g1 d7e5 d2f4 d4f4 c3a4 e6c4 e2d1 e5f3 g1g2 f4e4 a4c5 b4c5 g2h1 c4e2 d1c1 e4e5 c1f4 e5f4 h1g2 f4h2,Bb5+ c6 Bd3 dxe4 Bc4 Bb4 Bxe6 Bxe6 Nf3 exf3 gxf3 Qd5 Bd2 Qxd4 Qe2 Nbd7 O-O Ne5 Bf4 Qxf4 Na4 Bc4 Qd1 Nxf3+ Kg2 Qe4 Nc5 Bxc5 Kh1 Be2 Qc1 Qe5 Qf4 Qxf4 Kg2 Qxh2#,e4 e6 d4 d5 Nc3 Nf6 Bb5+ c6 Bd3 dxe4 Bc4 Bb4 Bxe6 Bxe6 Nf3 exf3 gxf3 Qd5 Bd2 Qxd4 Qe2 Nbd7 O-O Ne5 Bf4 Qxf4 Na4 Bc4 Qd1 Nxf3+ Kg2 Qe4 Nc5 Bxc5 Kh1 Be2 Qc1 Qe5 Qf4 Qxf4 Kg2 Qxh2#,r3k2r/pp3ppp/2p2n2/2b5/8/5n2/PPP1bPKq/R4R2 w kq - 0 22,-100000,18,18,3939,68082,218.83333333333334,3782.3333333333335,420,9001,453,2754,0.5901993000006769,9.193044500003452,0.0327888500000376,0.5107246944446362,0.0657882000086829,1.1964870000083465,87|194|159|111|154|97|248|223|340|420|414|259|130|268|205|298|228|104,564|1299|2157|647|2509|4404|2140|4845|5666|3988|7674|3383|6874|2734|9001|5602|634|3961,0.012129700|0.028041700|0.021821100|0.018344800|0.025435800|0.016581800|0.038852200|0.034972600|0.055013400|0.065788200|0.060078600|0.036765500|0.018328900|0.040648100|0.030023200|0.040381600|0.032430500|0.014561600,0.074105900|0.177205000|0.295357400|0.093697900|0.372025500|0.603180900|0.291827100|0.687186500|0.773356900|0.550078800|1.040909900|0.422562300|0.920286200|0.350457800|1.196487000|0.742420900|0.081002200|0.520896300,9.78324380000413,9.792070000010426,3,2,black,1.0,18,18,68082,3939,3782.3333333333335,218.83333333333334,2754,453,9.193044500003452,0.5901993000006769,0.5107246944446362,0.0327888500000376
20260804_220257,d3_caro_kann_defence_challenger_white,caro_kann_defence,semi_open_game,e4 c6 d4 d5 Nc3 dxe4,rnbqkbnr/pp2pppp/2p5/8/3Pp3/2N5/PPP2PPP/R1BQKBNR w KQkq - 0 4,6,3,2,ordered,ordered,True,1-0,checkmate,45,51,c3e4 d8a5 c1d2 a5d5 d1f3 d5d4 d2c3 d4d5 e4f6 g8f6 c3f6 d5a5 f6c3 a5c5 a1d1 e7e5 b2b4 c5e7 f1c4 c6c5 c4f7 e7f7 d1d8 e8d8 f3f7 f8d6 f7d5 c5b4 d5d6 d8e8 c3e5 e8f7 d6c7 f7g6 c7g7 g6f5 g7h8 c8e6 h8f6 f5e4 f6e6 b8a6 e5h8 e4f4 g1h3,Nxe4 Qa5+ Bd2 Qd5 Qf3 Qxd4 Bc3 Qd5 Nf6+ Nxf6 Bxf6 Qa5+ Bc3 Qc5 Rd1 e5 b4 Qe7 Bc4 c5 Bxf7+ Qxf7 Rd8+ Kxd8 Qxf7 Bd6 Qd5 cxb4 Qxd6+ Ke8 Bxe5 Kf7 Qc7+ Kg6 Qxg7+ Kf5 Qxh8 Be6 Qf6+ Ke4 Qxe6 Na6 Bh8+ Kf4 Nh3#,e4 c6 d4 d5 Nc3 dxe4 Nxe4 Qa5+ Bd2 Qd5 Qf3 Qxd4 Bc3 Qd5 Nf6+ Nxf6 Bxf6 Qa5+ Bc3 Qc5 Rd1 e5 b4 Qe7 Bc4 c5 Bxf7+ Qxf7 Rd8+ Kxd8 Qxf7 Bd6 Qd5 cxb4 Qxd6+ Ke8 Bxe5 Kf7 Qc7+ Kg6 Qxg7+ Kf5 Qxh8 Be6 Qf6+ Ke4 Qxe6 Na6 Bh8+ Kf4 Nh3#,r6B/pp5p/n3Q3/8/1p3k2/7N/P1P2PPP/4K2R b K - 4 26,100000,23,22,43090,3209,1873.4782608695652,145.86363636363637,3607,359,2494,397,5.637348999967799,0.4413758999289712,0.24510213043338255,0.020062540905862326,0.4649990999896545,0.048858099995413795,2858|974|1224|2930|2169|1009|560|3540|3280|3607|2448|1364|735|1898|1272|1628|1713|1281|1527|1440|2089|2010|1534,68|297|137|290|119|102|254|222|188|359|44|38|121|97|47|198|174|86|127|81|113|47,0.365827600|0.126398900|0.175410900|0.397055600|0.301759600|0.140618200|0.082881700|0.462557200|0.439824400|0.464999100|0.354415500|0.219598100|0.095214200|0.224325500|0.148010200|0.271665300|0.201167100|0.155980300|0.190826400|0.165602700|0.256218000|0.225515300|0.171477200,0.010615000|0.039859600|0.022392900|0.040550400|0.015237300|0.016756900|0.037324300|0.031125000|0.027050900|0.048858100|0.009814800|0.005972700|0.015931700|0.013240400|0.005491600|0.024968900|0.020850000|0.010429300|0.015436400|0.009790800|0.014541100|0.005137800,6.07872489989677,6.087801000001491,3,2,white,1.0,23,22,43090,3209,1873.4782608695652,145.86363636363637,2494,397,5.637348999967799,0.4413758999289712,0.24510213043338255,0.020062540905862326
20260804_220257,d3_caro_kann_defence_challenger_black,caro_kann_defence,semi_open_game,e4 c6 d4 d5 Nc3 dxe4,rnbqkbnr/pp2pppp/2p5/8/3Pp3/2N5/PPP2PPP/R1BQKBNR w KQkq - 0 4,6,2,3,ordered,ordered,True,0-1,checkmate,54,60,c3e4 c8f5 e4c5 d8a5 c2c3 a5b6 c5b7 b6b7 g1f3 f5g4 c1f4 b8d7 f1c4 b7b2 c4f7 e8f7 f3g5 f7e8 d1g4 b2a1 f4c1 a1c1 e1e2 c1h1 g4h5 g7g6 h5f3 h1h2 f3c6 h2h5 e2d3 h5d1 d3e4 d1g4 f2f4 g4g2 g5f3 g8f6 e4e3 a8b8 a2a4 f8g7 a4a5 h7h5 c6e6 b8b2 f3g1 g2d2 e3f3 d7e5 f4e5 d2c3 f3f4 g7h6,Nxe4 Bf5 Nc5 Qa5+ c3 Qb6 Nxb7 Qxb7 Nf3 Bg4 Bf4 Nd7 Bc4 Qxb2 Bxf7+ Kxf7 Ng5+ Ke8 Qxg4 Qxa1+ Bc1 Qxc1+ Ke2 Qxh1 Qh5+ g6 Qf3 Qxh2 Qxc6 Qh5+ Kd3 Qd1+ Ke4 Qg4+ f4 Qxg2+ Nf3 Nf6+ Ke3 Rb8 a4 Bg7 a5 h5 Qe6 Rb2 Ng1 Qd2+ Kf3 Ne5+ fxe5 Qxc3+ Kf4 Bh6#,e4 c6 d4 d5 Nc3 dxe4 Nxe4 Bf5 Nc5 Qa5+ c3 Qb6 Nxb7 Qxb7 Nf3 Bg4 Bf4 Nd7 Bc4 Qxb2 Bxf7+ Kxf7 Ng5+ Ke8 Qxg4 Qxa1+ Bc1 Qxc1+ Ke2 Qxh1 Qh5+ g6 Qf3 Qxh2 Qxc6 Qh5+ Kd3 Qd1+ Ke4 Qg4+ f4 Qxg2+ Nf3 Nf6+ Ke3 Rb8 a4 Bg7 a5 h5 Qe6 Rb2 Ng1 Qd2+ Kf3 Ne5+ fxe5 Qxc3+ Kf4 Bh6#,4k2r/p3p3/4Qnpb/P3P2p/3P1K2/2q5/1r6/6N1 w - - 2 31,-100000,27,27,3861,30315,143.0,1122.7777777777778,357,5335,526,2520,0.5855223000253318,3.9898982000304386,0.021686011112049326,0.14777400740853477,0.10356110001157504,0.6915730000037001,107|185|82|133|142|263|333|208|74|120|65|37|61|192|89|69|36|87|75|74|357|324|284|310|44|59|51,1850|1140|1786|633|2144|1588|613|120|139|330|246|604|255|506|328|543|496|389|393|1024|3551|3854|5335|869|572|408|599,0.019200000|0.026349100|0.011496400|0.019462600|0.020737600|0.034664900|0.046610800|0.031312700|0.012489500|0.017911400|0.008087300|0.004658200|0.007935700|0.023992600|0.011471900|0.008110700|0.004473100|0.010611100|0.008329500|0.009536600|0.103561100|0.042900400|0.037543100|0.042992300|0.006180800|0.007366800|0.007536100,0.283547500|0.153356200|0.246365800|0.085365700|0.289204800|0.210334100|0.092885000|0.017549100|0.020260800|0.039414900|0.030994900|0.068918100|0.033348600|0.058351600|0.035663100|0.065398600|0.059784500|0.043155800|0.044999000|0.122761200|0.450240600|0.467479700|0.691573000|0.110176300|0.079579500|0.050904700|0.138285100,4.57542050005577,4.58544900000561,3,2,black,1.0,27,27,30315,3861,1122.7777777777778,143.0,2520,526,3.9898982000304386,0.5855223000253318,0.14777400740853477,0.021686011112049326
20260804_220257,d3_queens_gambit_declined_challenger_white,queens_gambit_declined,closed_game,d4 d5 c4 e6 Nc3 Nf6,rnbqkb1r/ppp2ppp/4pn2/3p4/2PP4/2N5/PP2PPPP/R1BQKBNR w KQkq - 2 4,6,3,2,ordered,ordered,True,1-0,checkmate,31,37,c1g5 d5c4 g1f3 b8c6 d1a4 b7b5 a4b5 d8d7 b5c4 c6d4 f3d4 f6g4 d4c6 g4f2 e1f2 e6e5 e2e4 f7f6 a1d1 f8c5 c4c5 d7e6 f1c4 e6c6 c5c6 e8e7 c6c7 c8d7 c7d7 e7f8 d7f7,Bg5 dxc4 Nf3 Nc6 Qa4 b5 Qxb5 Qd7 Qxc4 Nxd4 Nxd4 Ng4 Nc6 Nxf2 Kxf2 e5 e4 f6 Rd1 Bc5+ Qxc5 Qe6 Bc4 Qxc6 Qxc6+ Ke7 Qxc7+ Bd7 Qxd7+ Kf8 Qf7#,d4 d5 c4 e6 Nc3 Nf6 Bg5 dxc4 Nf3 Nc6 Qa4 b5 Qxb5 Qd7 Qxc4 Nxd4 Nxd4 Ng4 Nc6 Nxf2 Kxf2 e5 e4 f6 Rd1 Bc5+ Qxc5 Qe6 Bc4 Qxc6 Qxc6+ Ke7 Qxc7+ Bd7 Qxd7+ Kf8 Qf7#,r4k1r/p4Qpp/5p2/4p1B1/2B1P3/2N5/PP3KPP/3R3R b - - 2 19,100000,16,15,44774,3425,2798.375,228.33333333333334,6063,427,1813,309,6.328613399993628,0.529752999995253,0.39553833749960177,0.035316866666350206,0.8815712999930838,0.06049800000619143,1232|3081|2370|2026|4600|738|6063|885|2137|2961|313|4567|1379|4280|3698|4444,120|341|400|336|138|427|239|227|238|113|261|236|138|138|73,0.204977000|0.471870400|0.352728000|0.299057000|0.679973100|0.113055200|0.881571300|0.116431600|0.301893600|0.408086000|0.046446000|0.645608800|0.183497100|0.587027000|0.509319400|0.527071900,0.020719900|0.058216000|0.059535500|0.049601900|0.030419100|0.060498000|0.036030900|0.034837700|0.034771300|0.019104300|0.042602700|0.037258900|0.018552100|0.018597500|0.009007200,6.858366399988881,6.8657901999977184,3,2,white,1.0,16,15,44774,3425,2798.375,228.33333333333334,1813,309,6.328613399993628,0.529752999995253,0.39553833749960177,0.035316866666350206
20260804_220257,d3_queens_gambit_declined_challenger_black,queens_gambit_declined,closed_game,d4 d5 c4 e6 Nc3 Nf6,rnbqkb1r/ppp2ppp/4pn2/3p4/2PP4/2N5/PP2PPPP/R1BQKBNR w KQkq - 2 4,6,2,3,ordered,ordered,True,0-1,checkmate,28,34,d1a4 b8c6 g1f3 f8b4 c4d5 d8d5 c1d2 d5c4 f3e5 c4d4 e5c6 b7c6 a4c6 e8e7 c6a8 h8d8 f2f4 d4d2 e1f2 d2f4 f2e1 f6g4 a8d5 d8d5 h1g1 b4c3 b2c3 f4f2,Qa4+ Nc6 Nf3 Bb4 cxd5 Qxd5 Bd2 Qc4 Ne5 Qxd4 Nxc6 bxc6 Qxc6+ Ke7 Qxa8 Rd8 f4 Qxd2+ Kf2 Qxf4+ Ke1 Ng4 Qd5 Rxd5 Rg1 Bxc3+ bxc3 Qf2#,d4 d5 c4 e6 Nc3 Nf6 Qa4+ Nc6 Nf3 Bb4 cxd5 Qxd5 Bd2 Qc4 Ne5 Qxd4 Nxc6 bxc6 Qxc6+ Ke7 Qxa8 Rd8 f4 Qxd2+ Kf2 Qxf4+ Ke1 Ng4 Qd5 Rxd5 Rg1 Bxc3+ bxc3 Qf2#,2b5/p1p1kppp/4p3/3r4/6n1/2P5/P3PqPP/R3KBR1 w - - 1 18,-100000,14,14,2207,25460,157.64285714285714,1818.5714285714287,347,3377,336,1407,0.3874201000435278,3.856996699963929,0.02767286428882341,0.27549976428313777,0.06852960000105668,0.6619070000015199,76|137|135|347|267|182|77|141|280|52|118|212|123|60,549|1278|2695|3300|1770|716|513|2403|644|991|3377|776|3347|3101,0.011489900|0.020085400|0.025169800|0.053755700|0.068529600|0.043310500|0.019367500|0.025350600|0.038809000|0.007841200|0.016612000|0.031948900|0.017464900|0.007685100,0.073922400|0.179951500|0.397142700|0.661907000|0.310658600|0.120813700|0.089399800|0.378425000|0.089347600|0.131351600|0.460550100|0.113427800|0.464452500|0.385646400,4.244416800007457,4.252526900003431,3,2,black,1.0,14,14,25460,2207,1818.5714285714287,157.64285714285714,1407,336,3.856996699963929,0.3874201000435278,0.27549976428313777,0.02767286428882341
20260804_220257,d3_slav_defence_challenger_white,slav_defence,closed_game,d4 d5 c4 c6 Nf3 Nf6,rnbqkb1r/pp2pppp/2p2n2/3p4/2PP4/5N2/PP2PPPP/RNBQKB1R w KQkq - 2 4,6,3,2,ordered,ordered,True,1-0,checkmate,23,29,d1a4 d5c4 c1g5 f6d5 e2e4 d5b6 a4a5 d8d6 e4e5 d6e6 b1c3 b6d7 a5c7 d7e5 f3e5 f7f5 f1c4 e6e5 d4e5 e7e6 c7c8 e8f7 c8e6,Qa4 dxc4 Bg5 Nd5 e4 Nb6 Qa5 Qd6 e5 Qe6 Nc3 N6d7 Qc7 Nxe5 Nxe5 f5 Bxc4 Qxe5+ dxe5 e6 Qxc8+ Kf7 Qxe6#,d4 d5 c4 c6 Nf3 Nf6 Qa4 dxc4 Bg5 Nd5 e4 Nb6 Qa5 Qd6 e5 Qe6 Nc3 N6d7 Qc7 Nxe5 Nxe5 f5 Bxc4 Qxe5+ dxe5 e6 Qxc8+ Kf7 Qxe6#,rn3b1r/pp3kpp/2p1Q3/4PpB1/2B5/2N5/PP3PPP/R3K2R b KQ - 0 15,100000,12,11,33468,2251,2789.0,204.63636363636363,6274,344,1861,228,5.049732900006347,0.35184190001746174,0.42081107500052894,0.031985627274314705,1.0055874999961816,0.05333229999814648,787|3008|2938|2056|6274|5768|4618|902|1110|426|2787|2794,103|340|344|190|245|251|108|237|127|251|55,0.103370400|0.444897000|0.421142400|0.299770200|1.005587500|0.920256400|0.669899200|0.137368600|0.169341700|0.068198600|0.409750300|0.400150600,0.015387100|0.050421700|0.053332300|0.030690400|0.041253500|0.037091600|0.016416800|0.037248400|0.023622500|0.038802300|0.007575300,5.401574800023809,5.406498999989708,3,2,white,1.0,12,11,33468,2251,2789.0,204.63636363636363,1861,228,5.049732900006347,0.35184190001746174,0.42081107500052894,0.031985627274314705
20260804_220257,d3_slav_defence_challenger_black,slav_defence,closed_game,d4 d5 c4 c6 Nf3 Nf6,rnbqkb1r/pp2pppp/2p2n2/3p4/2PP4/5N2/PP2PPPP/RNBQKB1R w KQkq - 2 4,6,2,3,ordered,ordered,True,1-0,checkmate,55,61,b1c3 d5c4 c1f4 b8a6 e2e4 c8g4 f1c4 a6c5 c4f7 e8f7 f3e5 f7e6 e5g4 f6e4 c3e4 c5e4 d1b3 e6f5 b3f3 d8d4 f4e5 f5e6 e5d4 e6d5 d4e5 a8d8 f3d3 d5c5 d3d8 e4d6 a1d1 e7e6 d1d4 d6c4 b2b4 c5b4 g4e3 b7b5 e3c4 b5c4 d8b8 b4a3 b8a7 a3b4 a7b6 b4a3 b6c6 f8b4 e1e2 h8f8 c6a6 b4a5 a6a5 a3b2 d4c4,Nc3 dxc4 Bf4 Na6 e4 Bg4 Bxc4 Nc5 Bxf7+ Kxf7 Ne5+ Ke6 Nxg4 Nfxe4 Nxe4 Nxe4 Qb3+ Kf5 Qf3 Qxd4 Be5+ Ke6 Bxd4 Kd5 Be5 Rd8 Qd3+ Kc5 Qxd8 Nd6 Rd1 e6 Rd4 Nc4 b4+ Kxb4 Ne3 b5 Nxc4 bxc4 Qb8+ Ka3 Qxa7+ Kb4 Qb6+ Ka3 Qxc6 Bb4+ Ke2 Rf8 Qa6+ Ba5 Qxa5+ Kb2 Rxc4#,d4 d5 c4 c6 Nf3 Nf6 Nc3 dxc4 Bf4 Na6 e4 Bg4 Bxc4 Nc5 Bxf7+ Kxf7 Ne5+ Ke6 Nxg4 Nfxe4 Nxe4 Nxe4 Qb3+ Kf5 Qf3 Qxd4 Be5+ Ke6 Bxd4 Kd5 Be5 Rd8 Qd3+ Kc5 Qxd8 Nd6 Rd1 e6 Rd4 Nc4 b4+ Kxb4 Ne3 b5 Nxc4 bxc4 Qb8+ Ka3 Qxa7+ Kb4 Qb6+ Ka3 Qxc6 Bb4+ Ke2 Rf8 Qa6+ Ba5 Qxa5+ Kb2 Rxc4#,5r2/6pp/4p3/Q3B3/2R5/8/Pk2KPPP/7R b - - 0 31,100000,28,27,3728,15981,133.14285714285714,591.8888888888889,323,1936,1147,3283,0.5171363999834284,2.1920580999722006,0.0184691571422653,0.08118733703600743,0.05494639999233186,0.3333390000043437,131|205|323|132|165|96|132|129|80|209|92|110|182|97|136|144|124|103|197|151|129|97|124|106|29|107|92|106,1287|1823|1936|1223|101|399|1107|341|317|480|272|631|590|268|746|1309|504|220|678|265|240|128|238|87|491|193|107,0.022326800|0.031483000|0.054946400|0.020576000|0.026804300|0.017610900|0.020859900|0.020000800|0.012236900|0.028873900|0.013956500|0.017372700|0.022911500|0.013122600|0.018007100|0.017916500|0.014655000|0.012158600|0.024855200|0.018830700|0.014729600|0.010113200|0.012871400|0.010416600|0.003585200|0.013754800|0.010857600|0.011302700,0.191240600|0.268952100|0.333339000|0.182145800|0.017926600|0.065487100|0.153404400|0.047449100|0.043696400|0.064308400|0.042635400|0.077844700|0.071973200|0.035468500|0.087350000|0.145662400|0.055279800|0.027890300|0.084947800|0.031264400|0.024137100|0.013119600|0.022627900|0.011202500|0.058075200|0.023548900|0.011080900,2.709194499955629,2.72035999999207,3,2,black,0.0,27,28,15981,3728,591.8888888888889,133.14285714285714,3283,1147,2.1920580999722006,0.5171363999834284,0.08118733703600743,0.0184691571422653
20260804_220257,d3_kings_indian_defence_challenger_white,kings_indian_defence,indian_game,d4 Nf6 c4 g6 Nc3 Bg7,rnbqk2r/ppppppbp/5np1/8/2PP4/2N5/PP2PPPP/R1BQKBNR w KQkq - 2 4,6,3,2,ordered,ordered,True,1-0,checkmate,49,55,c1g5 f6g4 e2e4 g4f2 e1f2 b8c6 g1f3 d7d6 d1a4 b7b5 a4b5 g7d4 f3d4 c8d7 d4c6 d7c6 b5c6 e8f8 g5h6 f8g8 c6b7 e7e5 f2e3 d6d5 c4d5 f7f5 e4f5 g6f5 e3d2 g8f7 f1d3 d8d6 h6e3 a8e8 d3f5 e8e7 b7a7 h8g8 f5e4 g8g4 h1f1 f7g8 a7b8 e7e8 b8e8 g8g7 e8f7 g7h8 f7h7,Bg5 Ng4 e4 Nxf2 Kxf2 Nc6 Nf3 d6 Qa4 b5 Qxb5 Bxd4+ Nxd4 Bd7 Nxc6 Bxc6 Qxc6+ Kf8 Bh6+ Kg8 Qb7 e5 Ke3 d5 cxd5 f5 exf5 gxf5 Kd2 Kf7 Bd3 Qd6 Be3 Rae8 Bxf5 Re7 Qxa7 Rg8 Be4 Rg4 Rhf1+ Kg8 Qb8+ Re8 Qxe8+ Kg7 Qf7+ Kh8 Qxh7#,d4 Nf6 c4 g6 Nc3 Bg7 Bg5 Ng4 e4 Nxf2 Kxf2 Nc6 Nf3 d6 Qa4 b5 Qxb5 Bxd4+ Nxd4 Bd7 Nxc6 Bxc6 Qxc6+ Kf8 Bh6+ Kg8 Qb7 e5 Ke3 d5 cxd5 f5 exf5 gxf5 Kd2 Kf7 Bd3 Qd6 Be3 Rae8 Bxf5 Re7 Qxa7 Rg8 Be4 Rg4 Rhf1+ Kg8 Qb8+ Re8 Qxe8+ Kg7 Qf7+ Kh8 Qxh7#,7k/2p4Q/3q4/3Pp3/4B1r1/2N1B3/PP1K2PP/R4R2 b - - 0 28,100000,25,24,66236,4460,2649.44,185.83333333333334,6355,434,3288,416,9.368119000006118,0.6813620000029914,0.37472476000024474,0.028390083333457976,0.849425299995346,0.06649779999861494,2109|4369|655|4347|5590|984|339|2730|1972|4213|6355|1451|1346|785|1064|3821|2233|5633|4649|2908|4427|1310|841|1114|991,239|153|198|247|110|61|268|94|52|49|319|215|265|95|101|308|433|276|195|434|79|131|72|66,0.273480200|0.607190700|0.094185600|0.652607700|0.849425300|0.150819200|0.050831500|0.384682000|0.252227300|0.643690000|0.843850700|0.194996400|0.192698900|0.107268500|0.138586300|0.545090300|0.349198300|0.753273300|0.642658100|0.461400700|0.610334900|0.177036400|0.116141600|0.150899200|0.125545900,0.032678400|0.024944400|0.037350400|0.036978000|0.020543800|0.012693800|0.039432100|0.016259400|0.006940300|0.006738900|0.044841800|0.032454500|0.038563300|0.014855600|0.015649700|0.046261400|0.064965200|0.040805100|0.032321000|0.066497800|0.011743900|0.018401200|0.011311600|0.008130400,10.04948100000911,10.060523299995111,3,2,white,1.0,25,24,66236,4460,2649.44,185.83333333333334,3288,416,9.368119000006118,0.6813620000029914,0.37472476000024474,0.028390083333457976
20260804_220257,d3_kings_indian_defence_challenger_black,kings_indian_defence,indian_game,d4 Nf6 c4 g6 Nc3 Bg7,rnbqk2r/ppppppbp/5np1/8/2PP4/2N5/PP2PPPP/R1BQKBNR w KQkq - 2 4,6,2,3,ordered,ordered,True,1/2-1/2,threefold_repetition,31,37,g1f3 b8c6 c1f4 f6h5 f4e3 c6d4 f3d4 c7c5 d1d3 c5d4 e3d4 h5f4 d3e4 g7d4 e4d4 e7e5 d4e5 e8f8 e5h8 f8e7 h8e5 f4e6 c3d5 e7e8 e5h8 e6f8 h8e5 f8e6 e5h8 e6f8 h8e5,Nf3 Nc6 Bf4 Nh5 Be3 Nxd4 Nxd4 c5 Qd3 cxd4 Bxd4 Nf4 Qe4 Bxd4 Qxd4 e5 Qxe5+ Kf8 Qxh8+ Ke7 Qe5+ Ne6 Nd5+ Ke8 Qh8+ Nf8 Qe5+ Ne6 Qh8+ Nf8 Qe5+,d4 Nf6 c4 g6 Nc3 Bg7 Nf3 Nc6 Bf4 Nh5 Be3 Nxd4 Nxd4 c5 Qd3 cxd4 Bxd4 Nf4 Qe4 Bxd4 Qxd4 e5 Qxe5+ Kf8 Qxh8+ Ke7 Qe5+ Ne6 Nd5+ Ke8 Qh8+ Nf8 Qe5+ Ne6 Qh8+ Nf8 Qe5+,r1bqkn2/pp1p1p1p/6p1/3NQ3/2P5/8/PP2PPPP/R3KB1R b KQ - 12 19,0,16,15,2093,15651,130.8125,1043.4,233,4138,588,1758,0.290477699963958,2.2209249999868916,0.018154856247747375,0.14806166666579276,0.03437430001213215,0.57296670001233,215|233|171|102|222|109|163|104|81|90|71|192|97|73|97|73,1476|4138|2166|2678|1421|1099|1469|288|100|72|310|186|74|100|74,0.027370800|0.031046300|0.024849800|0.017729400|0.034374300|0.016606100|0.023889500|0.015103400|0.011573700|0.011447200|0.008844800|0.027000900|0.011639700|0.008602500|0.012453800|0.007945500,0.186160100|0.572966700|0.322432900|0.417678200|0.205590000|0.162776900|0.204748900|0.037587800|0.013412600|0.008678300|0.038013600|0.023064500|0.007903400|0.011415100|0.008496000,2.5114026999508496,2.5176107000006596,3,2,black,0.5,15,16,15651,2093,1043.4,130.8125,1758,588,2.2209249999868916,0.290477699963958,0.14806166666579276,0.018154856247747375
20260804_220257,d3_english_opening_challenger_white,english_opening,flank_opening,c4 e5 Nc3 Nf6 g3 d5,rnbqkb1r/ppp2ppp/5n2/3pp3/2P5/2N3P1/PP1PPP1P/R1BQKBNR w KQkq - 0 4,6,3,2,ordered,ordered,True,1-0,checkmate,33,39,d1a4 b7b5 a4b5 c7c6 b5b3 b8d7 f1h3 d5c4 b3c4 d7b6 c4c6 c8d7 h3d7 b6d7 g1f3 a8b8 f3e5 f8d6 c6d6 b8b7 e5c6 b7b2 c1b2 f6d5 c3d5 f7f6 c6d8 e8d8 a1c1 h8g8 b2f6 g7f6 d6e7,Qa4+ b5 Qxb5+ c6 Qb3 Nbd7 Bh3 dxc4 Qxc4 Nb6 Qxc6+ Bd7 Bxd7+ Nbxd7 Nf3 Rb8 Nxe5 Bd6 Qxd6 Rb7 Nc6 Rxb2 Bxb2 Nd5 Nxd5 f6 Nxd8 Kxd8 Rc1 Rg8 Bxf6+ gxf6 Qe7#,c4 e5 Nc3 Nf6 g3 d5 Qa4+ b5 Qxb5+ c6 Qb3 Nbd7 Bh3 dxc4 Qxc4 Nb6 Qxc6+ Bd7 Bxd7+ Nbxd7 Nf3 Rb8 Nxe5 Bd6 Qxd6 Rb7 Nc6 Rxb2 Bxb2 Nd5 Nxd5 f6 Nxd8 Kxd8 Rc1 Rg8 Bxf6+ gxf6 Qe7#,3k2r1/p2nQ2p/5p2/3N4/8/6P1/P2PPP1P/2R1K2R b K - 1 20,100000,17,16,35936,2822,2113.8823529411766,176.375,3334,322,1381,281,6.478225799990469,0.5119692999869585,0.3810721058817923,0.031998081249184906,0.8154866999975638,0.07693080000171904,1130|1097|1454|1307|1390|1529|1391|3334|2148|2264|3064|2322|2706|3010|2648|2874|2268,120|88|145|102|322|104|91|291|255|277|218|263|290|78|123|55,0.161219900|0.149505900|0.226460700|0.273631500|0.239807700|0.223457000|0.287422200|0.681037500|0.348064500|0.349648600|0.450285700|0.369364800|0.383410600|0.518821700|0.591984300|0.815486700|0.408616500,0.016644700|0.013893000|0.021610100|0.019555500|0.053862700|0.020757300|0.018371300|0.076930800|0.043151000|0.044239400|0.032426700|0.038224000|0.043310800|0.023766200|0.028963900|0.016261900,6.990195099977427,6.999614200001815,3,2,white,1.0,17,16,35936,2822,2113.8823529411766,176.375,1381,281,6.478225799990469,0.5119692999869585,0.3810721058817923,0.031998081249184906
20260804_220257,d3_english_opening_challenger_black,english_opening,flank_opening,c4 e5 Nc3 Nf6 g3 d5,rnbqkb1r/ppp2ppp/5n2/3pp3/2P5/2N3P1/PP1PPP1P/R1BQKBNR w KQkq - 0 4,6,2,3,ordered,ordered,True,0-1,checkmate,38,44,d1a4 c8d7 a4a5 b7b6 c3d5 b6a5 d5f6 d8f6 e2e4 b8c6 g1e2 f6f3 f1g2 f3g2 d2d4 g2h1 e1d2 h1e4 e2c3 e4d4 d2e2 d4c4 e2d1 f8c5 c1g5 c4f1 d1c2 f1a1 c2d3 a1b2 c3d5 b2d4 d3c2 d7f5 c2b3 a8b8 d5b6 b8b6,Qa4+ Bd7 Qa5 b6 Nxd5 bxa5 Nxf6+ Qxf6 e4 Nc6 Ne2 Qf3 Bg2 Qxg2 d4 Qxh1+ Kd2 Qxe4 Nc3 Qxd4+ Ke2 Qxc4+ Kd1 Bc5 Bg5 Qf1+ Kc2 Qxa1 Kd3 Qxb2 Nd5 Qd4+ Kc2 Bf5+ Kb3 Rb8+ Nb6 Rxb6#,c4 e5 Nc3 Nf6 g3 d5 Qa4+ Bd7 Qa5 b6 Nxd5 bxa5 Nxf6+ Qxf6 e4 Nc6 Ne2 Qf3 Bg2 Qxg2 d4 Qxh1+ Kd2 Qxe4 Nc3 Qxd4+ Ke2 Qxc4+ Kd1 Bc5 Bg5 Qf1+ Kc2 Qxa1 Kd3 Qxb2 Nd5 Qd4+ Kc2 Bf5+ Kb3 Rb8+ Nb6 Rxb6#,4k2r/p1p2ppp/1rn5/p1b1pbB1/3q4/1K4P1/P4P1P/8 w k - 0 23,-100000,19,19,2856,39322,150.31578947368422,2069.5789473684213,379,5705,275,1626,0.482264300037059,6.201104299994768,0.02538233158089784,0.3263739105260404,0.0660414000012679,0.8763112000015099,64|109|138|66|207|125|233|199|43|131|50|154|379|100|343|307|94|54|60,444|1485|261|322|3222|3644|1690|1593|1878|1682|1992|4901|3065|2286|5705|769|734|799|2850,0.014056100|0.020662600|0.024767700|0.010476100|0.033793700|0.023126600|0.039128900|0.034086100|0.006348000|0.025515100|0.014008800|0.023896100|0.066041400|0.016317400|0.056279300|0.045665900|0.012971500|0.007081400|0.008041600,0.080717900|0.268632800|0.042927500|0.048201200|0.516061100|0.587825800|0.247700100|0.235800400|0.287853100|0.262771900|0.373452500|0.765528300|0.565455000|0.338545200|0.876311200|0.100827800|0.094577300|0.100206900|0.407708300,6.683368600031827,6.692144699991331,3,2,black,1.0,19,19,39322,2856,2069.5789473684213,150.31578947368422,1626,275,6.201104299994768,0.482264300037059,0.3263739105260404,0.02538233158089784
20260804_220257,d4_starting_position_challenger_white,starting_position,starting_position,,rnbqkbnr/pppppppp/8/8/8/8/PPPPPPPP/RNBQKBNR w KQkq - 0 1,0,4,2,ordered,ordered,True,1-0,checkmate,113,113,g1f3 g8f6 b1c3 b8c6 e2e3 e7e6 f1b5 c6b4 a2a3 b4c2 d1c2 e8e7 d2d4 d7d6 c1d2 h7h5 h2h3 h8h6 b5d3 c7c6 c3e4 f6e4 d3e4 d6d5 d2b4 c6c5 b4c5 e7e8 c5f8 d5e4 f8g7 d8a5 b2b4 a5d5 g7h6 e4f3 g2f3 c8d7 c2c5 d5c5 b4c5 d7c6 h1g1 c6f3 g1g8 e8d7 g8a8 f3e4 a8a7 d7c6 h6g7 c6d5 a7b7 f7f5 g7e5 h5h4 b7d7 d5c4 e1d2 c4b3 d7d6 b3c4 d6e6 c4d5 e6h6 d5c4 h6h4 e4d5 a1c1 c4b3 c1c3 b3b2 h4f4 b2b1 f4f5 d5e4 f5f6 b1a2 f6d6 a2b2 f2f4 b2a2 a3a4 a2b2 h3h4 b2a2 d2c1 e4f5 a4a5 f5e4 d6d7 e4c6 c3c2 a2b3 c2b2 b3c4 d7d6 c6e4 c1d2 e4f5 b2b6 f5e4 b6b8 e4b7 c5c6 b7a6 e3e4 a6b7 c6c7 b7e4 c7c8q e4c6 c8c6,Nf3 Nf6 Nc3 Nc6 e3 e6 Bb5 Nb4 a3 Nxc2+ Qxc2 Ke7 d4 d6 Bd2 h5 h3 Rh6 Bd3 c6 Ne4 Nxe4 Bxe4 d5 Bb4+ c5 Bxc5+ Ke8 Bxf8 dxe4 Bxg7 Qa5+ b4 Qd5 Bxh6 exf3 gxf3 Bd7 Qc5 Qxc5 bxc5 Bc6 Rg1 Bxf3 Rg8+ Kd7 Rxa8 Be4 Rxa7 Kc6 Bg7 Kd5 Rxb7 f5 Be5 h4 Rd7+ Kc4 Kd2 Kb3 Rd6 Kc4 Rxe6 Kd5 Rh6 Kc4 Rxh4 Bd5 Rc1+ Kb3 Rc3+ Kb2 Rf4 Kb1 Rxf5 Be4 Rf6 Ka2 Rd6 Kb2 f4 Ka2 a4 Kb2 h4 Ka2 Kc1 Bf5 a5 Be4 Rd7 Bc6 Rc2+ Kb3 Rb2+ Kc4 Rd6 Be4 Kd2 Bf5 Rbb6 Be4 Rb8 Bb7 c6 Ba6 e4 Bb7 c7 Bxe4 c8=Q+ Bc6 Qxc6#,Nf3 Nf6 Nc3 Nc6 e3 e6 Bb5 Nb4 a3 Nxc2+ Qxc2 Ke7 d4 d6 Bd2 h5 h3 Rh6 Bd3 c6 Ne4 Nxe4 Bxe4 d5 Bb4+ c5 Bxc5+ Ke8 Bxf8 dxe4 Bxg7 Qa5+ b4 Qd5 Bxh6 exf3 gxf3 Bd7 Qc5 Qxc5 bxc5 Bc6 Rg1 Bxf3 Rg8+ Kd7 Rxa8 Be4 Rxa7 Kc6 Bg7 Kd5 Rxb7 f5 Be5 h4 Rd7+ Kc4 Kd2 Kb3 Rd6 Kc4 Rxe6 Kd5 Rh6 Kc4 Rxh4 Bd5 Rc1+ Kb3 Rc3+ Kb2 Rf4 Kb1 Rxf5 Be4 Rf6 Ka2 Rd6 Kb2 f4 Ka2 a4 Kb2 h4 Ka2 Kc1 Bf5 a5 Be4 Rd7 Bc6 Rc2+ Kb3 Rb2+ Kc4 Rd6 Be4 Kd2 Bf5 Rbb6 Be4 Rb8 Bb7 c6 Ba6 e4 Bb7 c7 Bxe4 c8=Q+ Bc6 Qxc6#,1R6/8/2QR4/P3B3/2kP1P1P/8/3K4/8 b - - 0 57,100000,57,56,514458,8459,9025.578947368422,151.05357142857142,45680,315,135200,733,81.37768379999034,1.4459613000362879,1.4276786631577252,0.025820737500648,8.877916299999924,0.06375449999177363,3833|8204|19335|20171|20682|1798|39581|32205|45680|29557|42012|5731|3901|4015|2628|2614|4509|7383|4320|8216|2745|3640|1243|2161|3878|11424|1693|2122|2862|7390|6905|3330|2187|5167|9169|3479|13046|2605|6114|8119|8244|9542|6907|9400|6584|4437|3179|3943|5520|11905|7281|5245|12691|5372|3351|2813|2390,118|98|211|270|82|279|256|256|156|245|100|286|104|56|109|64|315|99|180|81|139|63|60|154|111|145|171|94|67|206|164|170|65|164|74|81|221|270|228|230|198|234|206|175|130|189|39|58|114|216|168|237|83|64|62|44,0.470918600|1.020309900|2.875740200|3.591044000|3.250263400|0.266908700|6.602278200|5.169815200|8.877916300|5.870493700|7.161623300|0.997926500|0.644315400|0.762324300|0.513540500|0.446902500|0.697917900|1.313150900|0.715929400|1.307725700|0.352355900|0.522676000|0.160534500|0.304559300|0.496335100|1.405402400|0.229110100|0.264419600|0.316570000|0.877266500|0.802767200|0.404778600|0.301315900|0.690011600|1.150681600|0.458953100|1.616353000|0.286388900|0.807774600|0.948975800|0.925751700|1.381004100|1.281727700|1.612656000|1.030701900|0.608197100|0.365962500|0.481172300|0.732010500|1.978001800|1.211928900|0.831025700|2.006137500|0.693458900|0.515045800|0.418036400|0.350590700,0.014525300|0.013170700|0.048400900|0.041906100|0.014476400|0.041234300|0.045834200|0.050389500|0.043232000|0.040168400|0.021725800|0.050343200|0.016446500|0.010885800|0.022649400|0.016981000|0.063754500|0.017937600|0.030731300|0.013932200|0.021510200|0.010153500|0.007460500|0.022250700|0.015639500|0.024149000|0.026425900|0.013951000|0.009696200|0.027609200|0.022762600|0.026849400|0.009945500|0.025066000|0.009205600|0.009285800|0.027092200|0.032099400|0.028944900|0.033623000|0.027544000|0.044889000|0.049410400|0.034962100|0.034596600|0.021842400|0.005054200|0.011295500|0.022244900|0.045226700|0.030093200|0.041230700|0.017613800|0.014274800|0.015252800|0.007985000,82.82364510002662,82.85287729999982,4,2,white,1.0,57,56,514458,8459,9025.578947368422,151.05357142857142,135200,733,81.37768379999034,1.4459613000362879,1.4276786631577252,0.025820737500648
20260804_220257,d4_starting_position_challenger_black,starting_position,starting_position,,rnbqkbnr/pppppppp/8/8/8/8/PPPPPPPP/RNBQKBNR w KQkq - 0 1,0,2,4,ordered,ordered,True,0-1,checkmate,58,58,g1f3 g8f6 b1c3 b8a6 d2d4 f6g4 c1f4 a6b4 e1d2 g4f2 d1e1 f2h1 e2e4 c7c5 d4c5 e7e5 f4e5 b4c6 e5f4 d8f6 d2d1 f6f4 f1e2 f8c5 e1h1 f7f5 f3e1 f5e4 e2h5 e8d8 c3d5 f4f5 e1d3 f5h5 g2g4 h5g4 d1d2 e4d3 c2d3 g4g5 d2c3 g5e5 d3d4 c5d4 c3d3 d4b2 a1d1 h8e8 d5e7 e8e7 d3c4 b7b5 c4d3 c6b4 d3d2 e5d6 h1d5 d6d5,Nf3 Nf6 Nc3 Na6 d4 Ng4 Bf4 Nb4 Kd2 Nxf2 Qe1 Nxh1 e4 c5 dxc5 e5 Bxe5 Nc6 Bf4 Qf6 Kd1 Qxf4 Be2 Bxc5 Qxh1 f5 Ne1 fxe4 Bh5+ Kd8 Nd5 Qf5 Nd3 Qxh5+ g4 Qxg4+ Kd2 exd3 cxd3 Qg5+ Kc3 Qe5+ d4 Bxd4+ Kd3 Bxb2 Rd1 Re8 Ne7 Rxe7 Kc4 b5+ Kd3 Nb4+ Kd2 Qd6+ Qd5 Qxd5#,Nf3 Nf6 Nc3 Na6 d4 Ng4 Bf4 Nb4 Kd2 Nxf2 Qe1 Nxh1 e4 c5 dxc5 e5 Bxe5 Nc6 Bf4 Qf6 Kd1 Qxf4 Be2 Bxc5 Qxh1 f5 Ne1 fxe4 Bh5+ Kd8 Nd5 Qf5 Nd3 Qxh5+ g4 Qxg4+ Kd2 exd3 cxd3 Qg5+ Kc3 Qe5+ d4 Bxd4+ Kd3 Bxb2 Rd1 Re8 Ne7 Rxe7 Kc4 b5+ Kd3 Nb4+ Kd2 Qd6+ Qd5 Qxd5#,r1bk4/p2pr1pp/8/1p1q4/1n6/8/Pb1K3P/3R4 w - - 0 30,-100000,29,29,5092,333432,175.58620689655172,11497.655172413793,637,43069,648,75935,1.088555100010126,75.35055110001122,0.03753638275896986,2.5982948655176283,0.10157460000482388,10.839379199998803,86|119|223|170|226|166|200|122|152|204|325|188|169|243|68|232|382|106|65|120|89|158|107|637|146|240|54|47|48,4700|6542|13789|20401|4231|6334|43069|34346|15855|16887|8398|4560|33244|2402|2506|12500|4130|2988|5286|27006|12361|4386|15831|17218|3410|2060|3558|3179|2255,0.011586200|0.018688400|0.043242500|0.032566900|0.042810500|0.031117600|0.048391300|0.030607900|0.035963200|0.046895700|0.094203500|0.043264200|0.049204800|0.058020400|0.025078100|0.063742000|0.078300000|0.022623700|0.010905800|0.032676500|0.016513800|0.026138100|0.019979300|0.101574600|0.033086500|0.044684700|0.010600400|0.008501100|0.007587400,0.876381500|1.169353200|2.982246600|4.437824100|1.013410000|1.659133200|10.839379200|8.233218100|3.738137900|4.365586100|2.215096800|1.172017800|7.955925700|0.542465100|0.591255400|2.743319200|1.082017000|0.779707600|1.228667100|5.435002000|2.456687500|0.790656600|3.262887400|3.319315800|0.539902700|0.318161800|0.654746300|0.544089200|0.403960200,76.43910620002134,76.45790729999135,4,2,black,1.0,29,29,333432,5092,11497.655172413793,175.58620689655172,75935,648,75.35055110001122,1.088555100010126,2.5982948655176283,0.03753638275896986
20260804_220257,d4_open_game_challenger_white,open_game,open_game,e4 e5,rnbqkbnr/pppp1ppp/8/4p3/4P3/8/PPPP1PPP/RNBQKBNR w KQkq - 0 2,2,4,2,ordered,ordered,True,1-0,checkmate,155,157,d1h5 g7g5 f2f4 e5f4 g1e2 g8f6 h5g5 b8c6 g5f4 f6h5 f4f2 d7d5 e4d5 d8d5 f2e3 e8d8 e2c3 d5d6 e3d3 d6d3 f1d3 h5f4 g2g3 f4d3 c2d3 c8f5 c3d5 f5d3 b1c3 f8c5 d5f4 h8e8 e1d1 d3f5 c3b5 f5g4 d1c2 g4f5 c2b3 c6a5 b3c3 a5c6 c3c4 e8e5 b5c3 c6a5 c4b5 c5d4 b5a4 f5d7 a4b4 a5c6 b4b3 d8c8 d2d3 c6a5 b3c2 a5c6 c3d5 d7f5 c2d2 c8d7 h1e1 e5e1 d2e1 a8e8 e1d1 f5g4 d1c2 e8e5 d5f6 d7d6 f6g4 c6b4 c2b3 e5b5 b3c4 b4d3 c4d4 d3b4 g4e3 b4c6 d4d3 c6e5 d3e2 f7f6 a2a4 b5c5 b2b4 c5c3 c1b2 c3e3 e2e3 e5c4 e3e4 c4b2 e4f5 d6e7 f4d5 e7d6 d5f6 b2d3 a1d1 c7c5 d1d3 d6c6 b4b5 c6c7 d3d7 c7c8 d7h7 b7b6 h7a7 c8b8 a7e7 b8c8 f6d5 c8d8 e7e4 d8c8 d5b6 c8c7 b6c4 c7d7 e4e5 d7c7 e5c5 c7d7 c5e5 d7c8 e5d5 c8b8 f5e4 b8b7 g3g4 b7b8 c4e5 b8b7 e5c6 b7c7 a4a5 c7b7 a5a6 b7c7 h2h3 c7b6 h3h4 b6c7 c6d8 c7b8 b5b6 b8c8 d8f7 c8b8 d5d8,Qh5 g5 f4 exf4 Ne2 Nf6 Qxg5 Nc6 Qxf4 Nh5 Qf2 d5 exd5 Qxd5 Qe3+ Kd8 Nec3 Qd6 Qd3 Qxd3 Bxd3 Nf4 g3 Nxd3+ cxd3 Bf5 Nd5 Bxd3 Nbc3 Bc5 Nf4 Re8+ Kd1 Bf5 Nb5 Bg4+ Kc2 Bf5+ Kb3 Na5+ Kc3 Nc6 Kc4 Re5 Nc3 Na5+ Kb5 Bd4+ Ka4 Bd7+ Kb4 Nc6+ Kb3 Kc8 d3 Na5+ Kc2 Nc6 Ncd5 Bf5 Kd2 Kd7 Re1 Rxe1 Kxe1 Re8+ Kd1 Bg4+ Kc2 Re5 Nf6+ Kd6 Nxg4 Nb4+ Kb3 Rb5 Kc4 Nxd3 Kxd4 Nb4 Ne3 Nc6+ Kd3 Ne5+ Ke2 f6 a4 Rc5 b4 Rc3 Bb2 Rxe3+ Kxe3 Nc4+ Ke4 Nxb2 Kf5 Ke7 Nd5+ Kd6 Nxf6 Nd3 Rd1 c5 Rxd3+ Kc6 b5+ Kc7 Rd7+ Kc8 Rxh7 b6 Rxa7 Kb8 Re7 Kc8 Nd5 Kd8 Re4 Kc8 Nxb6+ Kc7 Nc4 Kd7 Re5 Kc7 Rxc5+ Kd7 Re5 Kc8 Rd5 Kb8 Ke4 Kb7 g4 Kb8 Ne5 Kb7 Nc6 Kc7 a5 Kb7 a6+ Kc7 h3 Kb6 h4 Kc7 Nd8 Kb8 b6 Kc8 Nf7 Kb8 Rd8#,e4 e5 Qh5 g5 f4 exf4 Ne2 Nf6 Qxg5 Nc6 Qxf4 Nh5 Qf2 d5 exd5 Qxd5 Qe3+ Kd8 Nec3 Qd6 Qd3 Qxd3 Bxd3 Nf4 g3 Nxd3+ cxd3 Bf5 Nd5 Bxd3 Nbc3 Bc5 Nf4 Re8+ Kd1 Bf5 Nb5 Bg4+ Kc2 Bf5+ Kb3 Na5+ Kc3 Nc6 Kc4 Re5 Nc3 Na5+ Kb5 Bd4+ Ka4 Bd7+ Kb4 Nc6+ Kb3 Kc8 d3 Na5+ Kc2 Nc6 Ncd5 Bf5 Kd2 Kd7 Re1 Rxe1 Kxe1 Re8+ Kd1 Bg4+ Kc2 Re5 Nf6+ Kd6 Nxg4 Nb4+ Kb3 Rb5 Kc4 Nxd3 Kxd4 Nb4 Ne3 Nc6+ Kd3 Ne5+ Ke2 f6 a4 Rc5 b4 Rc3 Bb2 Rxe3+ Kxe3 Nc4+ Ke4 Nxb2 Kf5 Ke7 Nd5+ Kd6 Nxf6 Nd3 Rd1 c5 Rxd3+ Kc6 b5+ Kc7 Rd7+ Kc8 Rxh7 b6 Rxa7 Kb8 Re7 Kc8 Nd5 Kd8 Re4 Kc8 Nxb6+ Kc7 Nc4 Kd7 Re5 Kc7 Rxc5+ Kd7 Re5 Kc8 Rd5 Kb8 Ke4 Kb7 g4 Kb8 Ne5 Kb7 Nc6 Kc7 a5 Kb7 a6+ Kc7 h3 Kb6 h4 Kc7 Nd8 Kb8 b6 Kc8 Nf7 Kb8 Rd8#,1k1R4/5N2/PP6/8/4K1PP/8/8/8 b - - 4 79,100000,78,77,481609,9657,6174.474358974359,125.41558441558442,34556,476,84467,1642,71.0978120999498,1.4776565000065602,0.911510411537818,0.019190344155929354,5.379528299992671,0.08279949999996461,14812|19699|26342|3223|6882|6656|2765|11203|16940|14758|3923|8709|1556|4955|16809|8190|3280|27475|4730|11271|4948|13380|34556|1827|7795|2083|10162|22190|9844|10978|12314|8085|4235|12808|8311|855|3270|3013|5474|2307|3287|1653|1821|4736|4183|6884|272|767|4567|3293|1563|1575|1327|1949|2854|2233|1804|1428|2402|2223|2039|2038|2643|1724|1675|2560|2428|2953|2493|1923|2316|2041|2229|2079|2161|1620|1467|1786,151|127|114|306|188|239|113|62|366|88|224|81|174|88|169|90|218|96|103|102|231|135|151|95|105|96|144|385|476|252|188|123|93|102|193|64|82|216|105|142|59|66|201|146|154|116|51|66|88|86|162|142|70|38|36|78|67|59|40|38|96|88|87|75|69|55|156|153|122|131|64|100|63|32|60|34|32,2.585733600|3.402730100|4.099780400|0.525829400|1.157805400|1.076321900|0.701511600|2.176639400|2.855716000|2.684611100|0.593005800|1.400938000|0.235541300|0.779511100|2.649467400|1.231357900|0.468216500|4.065704200|0.649183100|1.637460000|0.731552300|1.941524600|5.379528300|0.263244900|1.197425000|0.312402100|1.497236300|3.225188800|1.469212400|1.625493000|1.859338100|1.288478600|0.601005900|1.914198100|1.271437000|0.139871800|0.482732300|0.439976200|0.811232000|0.331956000|0.461556700|0.222039700|0.244597800|0.701228400|0.616361500|1.011705700|0.035284700|0.110854700|0.566948100|0.388776400|0.176321500|0.183033200|0.148033300|0.202674300|0.278458600|0.208523600|0.171478000|0.112972000|0.201060700|0.190545000|0.171271900|0.183579600|0.240631000|0.147603100|0.135794000|0.200771600|0.183854300|0.237653800|0.214811200|0.160133100|0.197405600|0.166515600|0.164079900|0.173181000|0.166286500|0.124528400|0.104713600|0.132446100,0.027104800|0.020965000|0.019805300|0.049557900|0.038328200|0.035204600|0.025863800|0.009533000|0.082799500|0.015376200|0.034430500|0.014508900|0.023027100|0.014506500|0.030311300|0.015194700|0.033618500|0.015615000|0.016313300|0.017743800|0.043518100|0.031063100|0.024817300|0.013843000|0.016188700|0.014612900|0.021939300|0.050867900|0.076963100|0.040755200|0.028998300|0.020885700|0.013660400|0.015880300|0.028329200|0.010042700|0.013336100|0.030932900|0.017970500|0.020237300|0.009724200|0.011244300|0.027611200|0.022752000|0.022510600|0.017903900|0.008809800|0.008933000|0.010050900|0.010612500|0.020059100|0.016975100|0.010202600|0.004955900|0.004360100|0.008850300|0.007113600|0.006575900|0.004860000|0.005585700|0.010668700|0.011544800|0.010053400|0.007180600|0.006622500|0.006606100|0.017247800|0.019322400|0.013640000|0.015946400|0.007307400|0.011687600|0.007752800|0.003973300|0.007218600|0.003738900|0.002804600,72.57546859995637,72.60876319999807,4,2,white,1.0,78,77,481609,9657,6174.474358974359,125.41558441558442,84467,1642,71.0978120999498,1.4776565000065602,0.911510411537818,0.019190344155929354
20260804_220257,d4_open_game_challenger_black,open_game,open_game,e4 e5,rnbqkbnr/pppp1ppp/8/4p3/4P3/8/PPPP1PPP/RNBQKBNR w KQkq - 0 2,2,2,4,ordered,ordered,True,0-1,checkmate,64,66,b1c3 f8b4 c3d5 g8f6 d5b4 b8c6 b4c6 d7c6 g1f3 c8g4 d2d4 f6e4 f1c4 e5d4 c4f7 e8f7 f3e5 f7e6 e5g4 d8d5 d1e2 h7h5 c1f4 b7b6 f4c7 e6d7 c7b6 a7b6 e2d3 h5g4 a1d1 g4g3 f2g3 e4d6 h1f1 a8e8 e1f2 h8h2 f1g1 e8e3 d3e3 d4e3 f2e3 d5e4 e3f2 e4c2 f2e3 c2b2 d1d3 b2a2 d3d4 c6c5 d4d3 h2h5 g1f1 h5e5 e3f4 a2c4 f4f3 c4d3 f3g4 d3g6 g4h4 g6h5,Nc3 Bb4 Nd5 Nf6 Nxb4 Nc6 Nxc6 dxc6 Nf3 Bg4 d4 Nxe4 Bc4 exd4 Bxf7+ Kxf7 Ne5+ Ke6 Nxg4 Qd5 Qe2 h5 Bf4 b6 Bxc7 Kd7 Bxb6 axb6 Qd3 hxg4 Rd1 g3 fxg3 Nd6 Rf1 Rae8+ Kf2 Rxh2 Rg1 Re3 Qxe3 dxe3+ Kxe3 Qe4+ Kf2 Qxc2+ Ke3 Qxb2 Rd3 Qxa2 Rd4 c5 Rd3 Rh5 Rf1 Re5+ Kf4 Qc4+ Kf3 Qxd3+ Kg4 Qg6+ Kh4 Qh5#,e4 e5 Nc3 Bb4 Nd5 Nf6 Nxb4 Nc6 Nxc6 dxc6 Nf3 Bg4 d4 Nxe4 Bc4 exd4 Bxf7+ Kxf7 Ne5+ Ke6 Nxg4 Qd5 Qe2 h5 Bf4 b6 Bxc7 Kd7 Bxb6 axb6 Qd3 hxg4 Rd1 g3 fxg3 Nd6 Rf1 Rae8+ Kf2 Rxh2 Rg1 Re3 Qxe3 dxe3+ Kxe3 Qe4+ Kf2 Qxc2+ Ke3 Qxb2 Rd3 Qxa2 Rd4 c5 Rd3 Rh5 Rf1 Re5+ Kf4 Qc4+ Kf3 Qxd3+ Kg4 Qg6+ Kh4 Qh5#,8/3k2p1/1p1n4/2p1r2q/7K/6P1/6P1/5R2 w - - 4 34,-100000,32,32,5397,207028,168.65625,6469.625,449,18265,683,59635,0.9439681000512792,34.93702390002727,0.029499003126602474,1.0917819968758522,0.07873510000354145,3.283625200012466,156|92|93|84|124|285|330|81|72|114|449|256|155|174|216|399|235|424|62|178|226|53|43|80|175|171|244|178|45|72|68|63,13938|9229|13819|3248|8419|5772|7016|1232|7655|18265|18188|5000|5113|2036|5056|10410|10119|8886|7362|7321|1638|3330|1558|4596|3010|9767|5058|3480|1588|1414|2060|1445,0.022113700|0.015429000|0.015185500|0.013703400|0.020961800|0.070864400|0.057635000|0.018412500|0.014171300|0.023854900|0.073398400|0.042844500|0.030850600|0.031851900|0.038952900|0.072033800|0.046408500|0.078735100|0.009070400|0.028844700|0.035940200|0.009186000|0.006182100|0.011345900|0.026642200|0.026893700|0.040076500|0.027886400|0.006667800|0.010586600|0.009640800|0.007597600,2.512084900|1.482470800|2.225125700|0.541899200|1.486114900|1.091352700|1.306102300|0.226098100|1.255575500|3.197617000|3.283625200|0.968003600|0.969381300|0.364268800|0.915380300|1.935710100|1.819207600|1.491359800|1.295626300|1.183472700|0.258986000|0.488685700|0.222884500|0.626454200|0.403293400|1.358908200|0.690011300|0.511633400|0.233117700|0.190339300|0.235502600|0.166730800,35.88099200007855,35.89588719999301,4,2,black,1.0,32,32,207028,5397,6469.625,168.65625,59635,683,34.93702390002727,0.9439681000512792,1.0917819968758522,0.029499003126602474
20260804_220257,d4_italian_game_challenger_white,italian_game,open_game,e4 e5 Nf3 Nc6 Bc4 Bc5,r1bqk1nr/pppp1ppp/2n5/2b1p3/2B1P3/5N2/PPPP1PPP/RNBQK2R w KQkq - 4 4,6,4,2,ordered,ordered,True,1-0,checkmate,29,35,d2d4 e5d4 c4b5 c5b4 c1d2 b4d2 b1d2 c6b4 c2c3 d4c3 b2c3 b4a2 a1a2 g8f6 d2c4 f6e4 a2e2 d8e7 f3g5 e7g5 e2e4 e8f8 c4d6 c7d6 d1d6 g5e7 d6e7 f8g8 e7e8,d4 exd4 Bb5 Bb4+ Bd2 Bxd2+ Nbxd2 Nb4 c3 dxc3 bxc3 Nxa2 Rxa2 Nf6 Nc4 Nxe4 Re2 Qe7 Ng5 Qxg5 Rxe4+ Kf8 Nd6 cxd6 Qxd6+ Qe7 Qxe7+ Kg8 Qe8#,e4 e5 Nf3 Nc6 Bc4 Bc5 d4 exd4 Bb5 Bb4+ Bd2 Bxd2+ Nbxd2 Nb4 c3 dxc3 bxc3 Nxa2 Rxa2 Nf6 Nc4 Nxe4 Re2 Qe7 Ng5 Qxg5 Rxe4+ Kf8 Nd6 cxd6 Qxd6+ Qe7 Qxe7+ Kg8 Qe8#,r1b1Q1kr/pp1p1ppp/8/1B6/4R3/2P5/5PPP/4K2R b K - 2 18,100000,15,14,138966,1626,9264.4,116.14285714285714,30723,237,37284,293,23.4050644999661,0.3001668999932008,1.5603376333310734,0.0214404928566572,4.986888800005545,0.04001159999461379,8822|16406|3578|3144|18307|2631|5800|30723|10874|19598|4077|7763|806|2286|4151,123|73|73|237|98|112|126|91|214|148|56|119|108|48,1.567710600|2.840380600|0.644117000|0.543026900|3.134694000|0.445916000|1.196519100|4.986888800|1.809045600|3.356650900|0.711736900|1.197289700|0.129256800|0.378016800|0.463814800,0.023242100|0.015231900|0.016987900|0.040011600|0.020965600|0.020792600|0.024354600|0.017879800|0.033176500|0.028019700|0.009186400|0.024404200|0.017221800|0.008692200,23.705231399959303,23.712302400002955,4,2,white,1.0,15,14,138966,1626,9264.4,116.14285714285714,37284,293,23.4050644999661,0.3001668999932008,1.5603376333310734,0.0214404928566572
20260804_220257,d4_italian_game_challenger_black,italian_game,open_game,e4 e5 Nf3 Nc6 Bc4 Bc5,r1bqk1nr/pppp1ppp/2n5/2b1p3/2B1P3/5N2/PPPP1PPP/RNBQK2R w KQkq - 4 4,6,2,4,ordered,ordered,True,0-1,checkmate,32,38,e1e2 g8f6 b1c3 c5b4 c3b5 a7a6 f3e5 c6e5 b5c7 d8c7 c4b3 d7d5 b3a4 b7b5 a4b3 d5e4 h2h4 c8g4 f2f3 e4f3 g2f3 g4f3 e2e3 f6g4 e3f4 f3d1 h1d1 c7c6 d2d4 c6f6 f4e4 f6f3,Ke2 Nf6 Nc3 Bb4 Nb5 a6 Nxe5 Nxe5 Nxc7+ Qxc7 Bb3 d5 Ba4+ b5 Bb3 dxe4 h4 Bg4+ f3 exf3+ gxf3 Bxf3+ Ke3 Nfg4+ Kf4 Bxd1 Rxd1 Qc6 d4 Qf6+ Ke4 Qf3#,e4 e5 Nf3 Nc6 Bc4 Bc5 Ke2 Nf6 Nc3 Bb4 Nb5 a6 Nxe5 Nxe5 Nxc7+ Qxc7 Bb3 d5 Ba4+ b5 Bb3 dxe4 h4 Bg4+ f3 exf3+ gxf3 Bxf3+ Ke3 Nfg4+ Kf4 Bxd1 Rxd1 Qc6 d4 Qf6+ Ke4 Qf3#,r3k2r/5ppp/p7/1p2n3/1b1PK1nP/1B3q2/PPP5/R1BR4 w kq - 3 20,-100000,16,16,2403,142960,150.1875,8935.0,357,30299,301,40159,0.5248785000148928,29.98932709998917,0.0328049062509308,1.874332943749323,0.07525390000955667,6.251659799992922,177|307|172|146|72|115|65|217|357|129|69|82|66|104|269|56,9412|10412|26639|2306|857|30299|2131|7202|13486|3265|1770|3388|2803|25079|2213|1698,0.028180600|0.056264800|0.028272500|0.032041700|0.013934400|0.021340200|0.017116100|0.070342600|0.075253900|0.025080700|0.019155300|0.018754000|0.018234000|0.034879300|0.050446000|0.015582400,1.890551200|1.986876300|5.328673700|0.431531800|0.139833800|6.251659800|0.461519200|1.683255000|3.005219300|0.653482100|0.352445200|0.759289100|0.649810600|5.476097600|0.526313900|0.392768500,30.51420560000406,30.52446339999733,4,2,black,1.0,16,16,142960,2403,8935.0,150.1875,40159,301,29.98932709998917,0.5248785000148928,1.874332943749323,0.0328049062509308
20260804_220257,d4_ruy_lopez_challenger_white,ruy_lopez,open_game,e4 e5 Nf3 Nc6 Bb5 a6,r1bqkbnr/1ppp1ppp/p1n5/1B2p3/4P3/5N2/PPPP1PPP/RNBQK2R w KQkq - 0 4,6,4,2,ordered,ordered,True,1-0,checkmate,33,39,b5c6 d7c6 f3e5 d8d4 e5f7 e8f7 d1h5 f7e6 h5f5 e6d6 f5f8 d6e5 f8g7 g8f6 g7h8 d4e4 e1f1 e4c4 d2d3 c4c2 f2f4 e5d5 b1c3 d5c5 c1e3 c5b4 h8f8 b4a5 f8c5 b7b5 c5a3 c2a4 b2b4,Bxc6 dxc6 Nxe5 Qd4 Nxf7 Kxf7 Qh5+ Ke6 Qf5+ Kd6 Qxf8+ Ke5 Qxg7+ Nf6 Qxh8 Qxe4+ Kf1 Qc4+ d3 Qxc2 f4+ Kd5 Nc3+ Kc5 Be3+ Kb4 Qf8+ Ka5 Qc5+ b5 Qa3+ Qa4 b4#,e4 e5 Nf3 Nc6 Bb5 a6 Bxc6 dxc6 Nxe5 Qd4 Nxf7 Kxf7 Qh5+ Ke6 Qf5+ Kd6 Qxf8+ Ke5 Qxg7+ Nf6 Qxh8 Qxe4+ Kf1 Qc4+ d3 Qxc2 f4+ Kd5 Nc3+ Kc5 Be3+ Kb4 Qf8+ Ka5 Qc5+ b5 Qa3+ Qa4 b4#,r1b5/2p4p/p1p2n2/kp6/qP3P2/Q1NPB3/P5PP/R4K1R b - - 0 20,100000,17,16,47635,1412,2802.0588235294117,88.25,15981,176,11451,212,33.585763600014616,0.9987400999671081,1.9756331529420361,0.06242125624794426,11.024336000002222,0.13378669999656267,3188|15981|2212|1711|3253|2233|4468|2757|778|2813|1213|652|2140|638|696|734|2168,76|176|115|125|84|115|100|69|76|103|61|95|81|50|46|40,0.765210700|11.024336000|1.654747600|2.243864200|2.451361000|1.738530900|3.391764900|1.989511000|0.453789000|1.713717800|0.852982100|0.492578600|1.602175000|0.508872800|0.568633200|0.518005300|1.615683500,0.021692700|0.133786700|0.082230800|0.108117700|0.060754500|0.084858900|0.065695300|0.062986300|0.051481200|0.081073300|0.046196000|0.057193800|0.056701600|0.035562300|0.030349600|0.020059400,34.584503699981724,34.61269199999515,4,2,white,1.0,17,16,47635,1412,2802.0588235294117,88.25,11451,212,33.585763600014616,0.9987400999671081,1.9756331529420361,0.06242125624794426
20260804_220257,d4_ruy_lopez_challenger_black,ruy_lopez,open_game,e4 e5 Nf3 Nc6 Bb5 a6,r1bqkbnr/1ppp1ppp/p1n5/1B2p3/4P3/5N2/PPPP1PPP/RNBQK2R w KQkq - 0 4,6,2,4,ordered,ordered,True,0-1,checkmate,40,46,b5c6 d7c6 f3e5 d8d4 e5f3 d4e4 e1f1 c8e6 f3g5 e4e5 g5e6 e5e6 b1c3 g8f6 d2d4 f8b4 c3a4 e8c8 c1f4 b7b5 d1d3 b5a4 d3a6 c8d7 a6a4 e6c4 f1g1 d8a8 a4a8 h8a8 a1d1 c4c2 d1f1 a8a2 f2f3 c2b2 f4d2 b2d2 f1f2 d2f2,Bxc6 dxc6 Nxe5 Qd4 Nf3 Qxe4+ Kf1 Be6 Ng5 Qe5 Nxe6 Qxe6 Nc3 Nf6 d4 Bb4 Na4 O-O-O Bf4 b5 Qd3 bxa4 Qxa6+ Kd7 Qxa4 Qc4+ Kg1 Ra8 Qxa8 Rxa8 Rd1 Qxc2 Rf1 Rxa2 f3 Qxb2 Bd2 Qxd2 Rf2 Qxf2#,e4 e5 Nf3 Nc6 Bb5 a6 Bxc6 dxc6 Nxe5 Qd4 Nf3 Qxe4+ Kf1 Be6 Ng5 Qe5 Nxe6 Qxe6 Nc3 Nf6 d4 Bb4 Na4 O-O-O Bf4 b5 Qd3 bxa4 Qxa6+ Kd7 Qxa4 Qc4+ Kg1 Ra8 Qxa8 Rxa8 Rd1 Qxc2 Rf1 Rxa2 f3 Qxb2 Bd2 Qxd2 Rf2 Qxf2#,8/2pk1ppp/2p2n2/8/1b1P4/5P2/r4qPP/6KR w - - 0 24,-100000,20,20,3652,209784,182.6,10489.2,322,27278,453,63520,2.465679500019178,139.51128039995092,0.12328397500095889,6.975564019997546,0.2317081000073813,16.707608400000026,124|85|271|50|176|110|229|322|275|269|255|85|169|46|139|282|310|238|137|80,1413|19051|3737|10502|6548|2755|23501|27278|12558|23272|14868|3577|9250|12499|2546|12423|12981|4642|3048|3335,0.098457200|0.073329000|0.231708100|0.036060200|0.104331500|0.088231900|0.135863300|0.209321400|0.140387000|0.175132500|0.179597900|0.096865200|0.132227900|0.029353500|0.114003000|0.157951600|0.184460200|0.142193400|0.098918900|0.037285800,0.981636300|14.865933400|3.041283600|6.295648600|4.001158400|1.727415600|14.521930500|15.777915900|8.534902100|16.707608400|10.850502100|2.265501300|7.041155400|8.879123400|1.706279400|8.230528100|7.792554300|2.926367000|1.666235000|1.697601600,141.9769598999701,142.02260179999575,4,2,black,1.0,20,20,209784,3652,10489.2,182.6,63520,453,139.51128039995092,2.465679500019178,6.975564019997546,0.12328397500095889
20260804_220257,d4_scotch_game_challenger_white,scotch_game,open_game,e4 e5 Nf3 Nc6 d4 exd4,r1bqkbnr/pppp1ppp/2n5/8/3pP3/5N2/PPP2PPP/RNBQKB1R w KQkq - 0 4,6,4,2,ordered,ordered,True,1-0,checkmate,27,33,f1b5 f8b4 c1d2 b4d2 b1d2 c6b4 c2c3 d4c3 b2c3 b4a2 a1a2 g8f6 d2c4 f6e4 a2e2 d8e7 f3g5 e7g5 e2e4 e8f8 c4d6 c7d6 d1d6 g5e7 d6e7 f8g8 e7e8,Bb5 Bb4+ Bd2 Bxd2+ Nbxd2 Nb4 c3 dxc3 bxc3 Nxa2 Rxa2 Nf6 Nc4 Nxe4 Re2 Qe7 Ng5 Qxg5 Rxe4+ Kf8 Nd6 cxd6 Qxd6+ Qe7 Qxe7+ Kg8 Qe8#,e4 e5 Nf3 Nc6 d4 exd4 Bb5 Bb4+ Bd2 Bxd2+ Nbxd2 Nb4 c3 dxc3 bxc3 Nxa2 Rxa2 Nf6 Nc4 Nxe4 Re2 Qe7 Ng5 Qxg5 Rxe4+ Kf8 Nd6 cxd6 Qxd6+ Qe7 Qxe7+ Kg8 Qe8#,r1b1Q1kr/pp1p1ppp/8/1B6/4R3/2P5/5PPP/4K2R b K - 2 17,100000,14,13,123395,1499,8813.92857142857,115.3076923076923,30723,237,34402,258,84.23382129996025,1.0818052999820793,6.016701521425732,0.08321579230631379,18.67316939999,0.16727849999733735,9657|3578|3144|18307|2631|5800|30723|10874|19598|4077|7763|806|2286|4151,69|73|237|98|112|126|91|214|148|56|119|108|48,7.758972300|2.672399700|2.341015200|13.924561600|2.017377400|4.140097500|18.673169400|6.940582000|13.355081600|3.255322300|4.771956100|0.555363800|1.661045500|2.166876900,0.077060400|0.067892700|0.167278500|0.091017200|0.078658500|0.093032200|0.064352200|0.131810000|0.099733600|0.042701100|0.054829800|0.078560800|0.034878300,85.31562659994233,85.34423010000319,4,2,white,1.0,14,13,123395,1499,8813.92857142857,115.3076923076923,34402,258,84.23382129996025,1.0818052999820793,6.016701521425732,0.08321579230631379
20260804_220257,d4_scotch_game_challenger_black,scotch_game,open_game,e4 e5 Nf3 Nc6 d4 exd4,r1bqkbnr/pppp1ppp/2n5/8/3pP3/5N2/PPP2PPP/RNBQKB1R w KQkq - 0 4,6,2,4,ordered,ordered,True,0-1,checkmate,30,36,b1d2 f8b4 c2c3 d4c3 b2c3 b4c3 c1b2 c3b2 a1b1 b2c3 e1e2 g8f6 d2c4 f6e4 d1d5 e4f6 d5c5 d8e7 c5e7 e8e7 e2d1 f6e4 d1c2 c6b4 c2b3 a7a5 f1e2 a5a4 b3a3 b4c2,Nbd2 Bb4 c3 dxc3 bxc3 Bxc3 Bb2 Bxb2 Rb1 Bc3 Ke2 Nf6 Nc4 Nxe4 Qd5 Nf6 Qc5 Qe7+ Qxe7+ Kxe7 Kd1 Ne4 Kc2 Nb4+ Kb3 a5 Be2 a4+ Ka3 Nc2#,e4 e5 Nf3 Nc6 d4 exd4 Nbd2 Bb4 c3 dxc3 bxc3 Bxc3 Bb2 Bxb2 Rb1 Bc3 Ke2 Nf6 Nc4 Nxe4 Qd5 Nf6 Qc5 Qe7+ Qxe7+ Kxe7 Kd1 Ne4 Kc2 Nb4+ Kb3 a5 Be2 a4+ Ka3 Nc2#,r1b4r/1pppkppp/8/8/p1N1n3/K1b2N2/P1n1BPPP/1R5R w - - 2 19,-100000,15,15,3333,190953,222.2,12730.2,420,38695,351,43523,2.223300300000119,134.90452580004057,0.14822002000000795,8.993635053336039,0.3118176999996649,27.220817800000077,326|117|91|233|229|303|224|353|258|17|339|420|89|288|46,14096|2361|4839|4063|10057|14865|28697|7225|5462|4821|38695|12794|35605|3954|3419,0.153848700|0.078997200|0.076259000|0.131660600|0.130734600|0.223218600|0.145863700|0.211184000|0.204112800|0.017662500|0.246444000|0.311817700|0.064841200|0.201225100|0.025430600,10.169669200|1.797132100|3.531892000|2.623392400|6.507045400|10.217438900|18.763231400|5.119021200|3.773398100|3.141389200|27.220817800|10.416491800|25.540456700|3.297316900|2.785832700,137.1278261000407,137.15852739999536,4,2,black,1.0,15,15,190953,3333,12730.2,222.2,43523,351,134.90452580004057,2.223300300000119,8.993635053336039,0.14822002000000795
20260804_220257,d4_sicilian_defence_challenger_white,sicilian_defence,semi_open_game,e4 c5 Nf3 d6 d4 cxd4,rnbqkbnr/pp2pppp/3p4/8/3pP3/5N2/PPP2PPP/RNBQKB1R w KQkq - 0 4,6,4,2,ordered,ordered,True,1-0,checkmate,35,41,d1d4 d8a5 d4c3 a5c3 b1c3 b8c6 f1b5 g8f6 c1e3 f6e4 c3e4 c8d7 a1d1 e7e5 e4d6 f8d6 d1d6 e8g8 d6d7 c6b4 e3c5 b4c2 e1f1 f8e8 b5c4 e5e4 c4f7 g8h8 f7e8 a8e8 f3g5 e8e5 d7d8 e5e8 d8e8,Qxd4 Qa5+ Qc3 Qxc3+ Nxc3 Nc6 Bb5 Nf6 Be3 Nxe4 Nxe4 Bd7 Rd1 e5 Nxd6+ Bxd6 Rxd6 O-O Rxd7 Nb4 Bc5 Nxc2+ Kf1 Rfe8 Bc4 e4 Bxf7+ Kh8 Bxe8 Rxe8 Ng5 Re5 Rd8+ Re8 Rxe8#,e4 c5 Nf3 d6 d4 cxd4 Qxd4 Qa5+ Qc3 Qxc3+ Nxc3 Nc6 Bb5 Nf6 Be3 Nxe4 Nxe4 Bd7 Rd1 e5 Nxd6+ Bxd6 Rxd6 O-O Rxd7 Nb4 Bc5 Nxc2+ Kf1 Rfe8 Bc4 e4 Bxf7+ Kh8 Bxe8 Rxe8 Ng5 Re5 Rd8+ Re8 Rxe8#,4R2k/pp4pp/8/2B3N1/4p3/8/PPn2PPP/5K1R b - - 0 21,100000,18,17,150080,2513,8337.777777777777,147.8235294117647,53773,343,38958,329,111.89161870007229,1.93374840002798,6.216201038892905,0.11374990588399883,39.96782460001123,0.29622590000508353,2774|8357|1390|10734|11212|4799|53773|5342|4486|11383|8291|3349|10089|1354|4831|6711|650|555,88|89|205|122|96|189|343|51|331|300|53|103|208|46|84|165|40,2.025256600|6.478064700|0.772552800|7.751522100|8.610210600|3.656792200|39.967824600|4.439817400|3.788820600|9.495648800|5.775168500|2.411166500|7.069867100|1.066265900|3.425045600|4.410016700|0.422796500|0.324781500,0.070924500|0.058513700|0.120760400|0.095525300|0.069220200|0.138684800|0.296225900|0.045143200|0.265908600|0.227164300|0.058168700|0.087835800|0.159641900|0.031697200|0.063099300|0.120104000|0.025130600,113.82536710010027,113.85976520000258,4,2,white,1.0,18,17,150080,2513,8337.777777777777,147.8235294117647,38958,329,111.89161870007229,1.93374840002798,6.216201038892905,0.11374990588399883
20260804_220257,d4_sicilian_defence_challenger_black,sicilian_defence,semi_open_game,e4 c5 Nf3 d6 d4 cxd4,rnbqkbnr/pp2pppp/3p4/8/3pP3/5N2/PPP2PPP/RNBQKB1R w KQkq - 0 4,6,2,4,ordered,ordered,True,1/2-1/2,threefold_repetition,39,45,d1d4 d8b6 d4b6 a7b6 f1b5 c8d7 b5d7 b8d7 b1c3 d7e5 f3e5 d6e5 c1e3 e7e6 e3b6 f8b4 e1c1 b4c3 b2c3 g8f6 f2f4 e5f4 e4e5 f6d5 b6c5 d5c3 d1d4 c3e2 c1d2 e2d4 c5d4 a8a4 d4c5 a4a5 c5d4 a5a4 d4c5 a4a5 c5d4,Qxd4 Qb6 Qxb6 axb6 Bb5+ Bd7 Bxd7+ Nxd7 Nc3 Ne5 Nxe5 dxe5 Be3 e6 Bxb6 Bb4 O-O-O Bxc3 bxc3 Nf6 f4 exf4 e5 Nd5 Bc5 Nxc3 Rd4 Ne2+ Kd2 Nxd4 Bxd4 Ra4 Bc5 Ra5 Bd4 Ra4 Bc5 Ra5 Bd4,e4 c5 Nf3 d6 d4 cxd4 Qxd4 Qb6 Qxb6 axb6 Bb5+ Bd7 Bxd7+ Nxd7 Nc3 Ne5 Nxe5 dxe5 Be3 e6 Bxb6 Bb4 O-O-O Bxc3 bxc3 Nf6 f4 exf4 e5 Nd5 Bc5 Nxc3 Rd4 Ne2+ Kd2 Nxd4 Bxd4 Ra4 Bc5 Ra5 Bd4 Ra4 Bc5 Ra5 Bd4,4k2r/1p3ppp/4p3/r3P3/3B1p2/8/P1PK2PP/7R b k - 8 23,0,20,19,2715,133393,135.75,7020.684210526316,319,18048,564,20080,0.7150144999905024,33.102494700055104,0.03575072499952512,1.742236563160795,0.1252089000045089,5.216454299996258,131|131|71|82|192|88|124|94|224|84|161|196|108|319|35|81|129|168|129|168,6055|4419|6466|3904|18048|3607|11057|11036|1445|4021|1862|6709|4608|3159|1404|12185|9897|13614|9897,0.106272500|0.125208900|0.059337500|0.014308700|0.033531300|0.016749300|0.019004100|0.021358900|0.039098800|0.014066600|0.030174600|0.033752100|0.016935200|0.050936500|0.006519100|0.014607100|0.026407800|0.028980100|0.028113900|0.029651500,5.216454300|3.314404600|3.324081400|0.805759000|3.705945300|0.642666800|2.179636400|2.014512800|0.237104600|0.664847000|0.325499000|1.098015000|0.826835100|0.598221400|0.259544800|1.944376600|1.589538300|2.260570900|2.094481400,33.817509200045606,33.833328699998674,4,2,black,0.5,19,20,133393,2715,7020.684210526316,135.75,20080,564,33.102494700055104,0.7150144999905024,1.742236563160795,0.03575072499952512
20260804_220257,d4_french_defence_challenger_white,french_defence,semi_open_game,e4 e6 d4 d5 Nc3 Nf6,rnbqkb1r/ppp2ppp/4pn2/3p4/3PP3/2N5/PPP2PPP/R1BQKBNR w KQkq - 2 4,6,4,2,ordered,ordered,True,1-0,checkmate,35,41,e4d5 e6d5 d1e2 e8d7 e2e5 f6g4 e5d5 f8d6 d5f7 d7c6 f7d5 c6d7 d5f5 d7e8 f5e4 e8f7 f1c4 f7f6 g1f3 g7g5 c1g5 f6g7 g5d8 h8d8 c4d3 g4f6 e4h4 d8e8 e1f1 f6d7 h4h7 g7f6 c3d5 f6e6 h7f5,exd5 exd5 Qe2+ Kd7 Qe5 Ng4 Qxd5+ Bd6 Qxf7+ Kc6 Qd5+ Kd7 Qf5+ Ke8 Qe4+ Kf7 Bc4+ Kf6 Nf3 g5 Bxg5+ Kg7 Bxd8 Rxd8 Bd3 Nf6 Qh4 Re8+ Kf1 Nfd7 Qxh7+ Kf6 Nd5+ Ke6 Qf5#,e4 e6 d4 d5 Nc3 Nf6 exd5 exd5 Qe2+ Kd7 Qe5 Ng4 Qxd5+ Bd6 Qxf7+ Kc6 Qd5+ Kd7 Qf5+ Ke8 Qe4+ Kf7 Bc4+ Kf6 Nf3 g5 Bxg5+ Kg7 Bxd8 Rxd8 Bd3 Nf6 Qh4 Re8+ Kf1 Nfd7 Qxh7+ Kf6 Nd5+ Ke6 Qf5#,rnb1r3/pppn4/3bk3/3N1Q2/3P4/3B1N2/PPP2PPP/R4K1R b - - 4 21,100000,18,17,105260,2706,5847.777777777777,159.1764705882353,21609,586,38570,253,24.716780300062965,0.6631144000130007,1.3731544611146091,0.03900672941252945,4.772959800000535,0.1484957999928156,4222|3810|9421|3194|3513|2250|3989|3316|5170|6658|4414|6259|21609|5520|5936|9591|1746|4642,107|50|445|151|64|56|73|112|114|586|64|124|266|90|253|98|53,0.938720500|0.907353500|1.989202000|0.740578300|0.824382400|0.611890100|1.027896200|0.890229600|1.524074700|1.810072300|1.149753200|1.602743000|4.772959800|1.319857900|1.315335500|1.926554800|0.399357700|0.965818800,0.031711700|0.009586600|0.100149100|0.028474500|0.016284500|0.012891200|0.017006100|0.024084100|0.034705900|0.148495800|0.014759900|0.031577100|0.071169500|0.025466900|0.061527000|0.024182600|0.011041900,25.379894700075965,25.39138830000593,4,2,white,1.0,18,17,105260,2706,5847.777777777777,159.1764705882353,38570,253,24.716780300062965,0.6631144000130007,1.3731544611146091,0.03900672941252945
20260804_220257,d4_french_defence_challenger_black,french_defence,semi_open_game,e4 e6 d4 d5 Nc3 Nf6,rnbqkb1r/ppp2ppp/4pn2/3p4/3PP3/2N5/PPP2PPP/R1BQKBNR w KQkq - 2 4,6,2,4,ordered,ordered,True,0-1,checkmate,52,58,f1b5 c7c6 b5d3 d5e4 d3c4 f8b4 c4e6 c8e6 g1f3 b4c3 b2c3 d8a5 f3d2 a5c3 c1b2 c3b2 d2e4 f6e4 e1e2 e4c3 e2d3 c3d1 a1d1 e6f5 d3e2 b2c2 e2e3 c2e4 e3d2 e4d4 d2e2 d4g4 f2f3 g4g2 e2e3 g2a2 d1d4 c6c5 d4d6 g7g5 h2h3 a2b3 e3d2 e8e7 d6h6 h8d8 d2e1 b3f3 h6e6 f7e6 h1h2 d8d1,Bb5+ c6 Bd3 dxe4 Bc4 Bb4 Bxe6 Bxe6 Nf3 Bxc3+ bxc3 Qa5 Nd2 Qxc3 Bb2 Qxb2 Nxe4 Nxe4 Ke2 Nc3+ Kd3 Nxd1 Raxd1 Bf5+ Ke2 Qxc2+ Ke3 Qe4+ Kd2 Qxd4+ Ke2 Qg4+ f3 Qxg2+ Ke3 Qxa2 Rd4 c5 Rd6 g5 h3 Qb3+ Kd2 Ke7 Rh6 Rd8+ Ke1 Qxf3 Re6+ fxe6 Rh2 Rd1#,e4 e6 d4 d5 Nc3 Nf6 Bb5+ c6 Bd3 dxe4 Bc4 Bb4 Bxe6 Bxe6 Nf3 Bxc3+ bxc3 Qa5 Nd2 Qxc3 Bb2 Qxb2 Nxe4 Nxe4 Ke2 Nc3+ Kd3 Nxd1 Raxd1 Bf5+ Ke2 Qxc2+ Ke3 Qe4+ Kd2 Qxd4+ Ke2 Qg4+ f3 Qxg2+ Ke3 Qxa2 Rd4 c5 Rd6 g5 h3 Qb3+ Kd2 Ke7 Rh6 Rd8+ Ke1 Qxf3 Re6+ fxe6 Rh2 Rd1#,rn6/pp2k2p/4p3/2p2bp1/8/5q1P/7R/3rK3 w - - 2 30,-100000,26,26,3603,159616,138.57692307692307,6139.076923076923,420,20210,404,54930,0.9280693000328029,39.00348579992715,0.03569497307818473,1.5001340692279672,0.10489390000293497,5.559496899993974,87|194|159|111|154|53|205|208|118|223|110|122|86|92|42|57|88|46|302|151|420|94|252|113|51|65,5942|4301|20210|2273|5927|5405|13701|5708|2544|5199|4541|4202|3577|3643|3342|3889|1827|4678|11369|19325|12771|4164|3508|1687|376|5507,0.018712600|0.044504000|0.058894500|0.033299700|0.037492500|0.012213900|0.052074000|0.041744300|0.025436700|0.043760200|0.022914000|0.025199900|0.023809000|0.031700500|0.013591400|0.014235100|0.027296900|0.009967200|0.102309800|0.058503300|0.104893900|0.021040900|0.057886700|0.024994100|0.010328200|0.011266000,1.397652800|1.364115200|5.559496900|0.545778500|1.472326100|1.361556300|2.985153700|1.173740600|0.490408800|0.955623400|0.908943100|0.955091100|1.106181000|1.153213300|0.918463700|1.086724900|0.504073300|1.255823800|3.422583900|5.001575500|2.723129000|0.860790300|0.651057700|0.290047000|0.053335600|0.806600300,39.93155509995995,39.94990870000038,4,2,black,1.0,26,26,159616,3603,6139.076923076923,138.57692307692307,54930,404,39.00348579992715,0.9280693000328029,1.5001340692279672,0.03569497307818473
20260804_220257,d4_caro_kann_defence_challenger_white,caro_kann_defence,semi_open_game,e4 c6 d4 d5 Nc3 dxe4,rnbqkbnr/pp2pppp/2p5/8/3Pp3/2N5/PPP2PPP/R1BQKBNR w KQkq - 0 4,6,4,2,ordered,ordered,True,1-0,checkmate,69,75,c3e4 d8a5 c1d2 a5d5 f1d3 d5d4 d2c3 d4d5 g1e2 b8d7 d1d2 e7e6 d2g5 d5g5 e4g5 f8d6 c3g7 d6b4 e1f1 g8f6 g7h8 f6d5 d3h7 b4d6 g5e4 d6b4 a1d1 b4d2 d1d2 f7f5 e4c3 d5c3 h8c3 d7c5 h7g6 e8f8 c3e5 c5e4 d2d4 e4c5 e5d6 f8g7 g6f5 e6f5 d6c5 a7a5 e2f4 a8a6 d4d8 g7f6 d8c8 f6e5 g2g3 a5a4 c8e8 e5f6 e8e6 f6g7 e6e7 g7f6 e7b7 f6e5 f1g2 a6a5 h1e1 e5f6 e1e6 f6g5 b7g7,Nxe4 Qa5+ Bd2 Qd5 Bd3 Qxd4 Bc3 Qd5 Ne2 Nd7 Qd2 e6 Qg5 Qxg5 Nxg5 Bd6 Bxg7 Bb4+ Kf1 Ngf6 Bxh8 Nd5 Bxh7 Bd6 Ne4 Bb4 Rd1 Bd2 Rxd2 f5 N4c3 Nxc3 Bxc3 Nc5 Bg6+ Kf8 Be5 Ne4 Rd4 Nc5 Bd6+ Kg7 Bxf5 exf5 Bxc5 a5 Nf4 Ra6 Rd8 Kf6 Rxc8 Ke5 g3 a4 Re8+ Kf6 Re6+ Kg7 Re7+ Kf6 Rxb7 Ke5 Kg2 Ra5 Re1+ Kf6 Re6+ Kg5 Rg7#,e4 c6 d4 d5 Nc3 dxe4 Nxe4 Qa5+ Bd2 Qd5 Bd3 Qxd4 Bc3 Qd5 Ne2 Nd7 Qd2 e6 Qg5 Qxg5 Nxg5 Bd6 Bxg7 Bb4+ Kf1 Ngf6 Bxh8 Nd5 Bxh7 Bd6 Ne4 Bb4 Rd1 Bd2 Rxd2 f5 N4c3 Nxc3 Bxc3 Nc5 Bg6+ Kf8 Be5 Ne4 Rd4 Nc5 Bd6+ Kg7 Bxf5 exf5 Bxc5 a5 Nf4 Ra6 Rd8 Kf6 Rxc8 Ke5 g3 a4 Re8+ Kf6 Re6+ Kg7 Re7+ Kf6 Rxb7 Ke5 Kg2 Ra5 Re1+ Kf6 Re6+ Kg5 Rg7#,8/6R1/2p1R3/r1B2pk1/p4N2/6P1/PPP2PKP/8 b - - 8 38,100000,35,34,302887,5805,8653.914285714285,170.73529411764707,22711,368,91113,598,72.14838270003384,1.4519068000518018,2.0613823628581094,0.042703141177994175,6.764393699995708,0.10729200000059791,8253|12084|4938|19189|17996|22615|21777|6910|11117|2689|4265|13872|16415|22711|3074|4967|3530|5320|6459|2024|9541|4331|5585|7979|11584|6676|4724|7419|6706|3733|5892|4251|4511|5278|4472,68|297|128|269|329|368|122|165|71|149|295|273|279|251|289|92|217|42|189|213|90|78|205|193|270|105|231|46|49|96|98|127|57|54,2.437671400|2.699194300|1.625590500|5.937584000|4.540988700|6.252662900|6.764393700|2.023356400|3.757648400|0.755683800|1.132405900|3.316559100|3.710145300|5.018461000|0.766917800|1.119893700|0.666087700|1.006174200|1.266283300|0.409981200|1.652106200|0.844582800|1.069203500|1.779559200|2.360935200|1.234221200|0.753284400|1.380707000|1.150114700|0.614480800|1.075327300|0.734406200|0.734758300|0.788313500|0.768699100,0.015330800|0.073611100|0.053644800|0.091046000|0.107292000|0.094957800|0.037337200|0.042072100|0.033540300|0.051499400|0.079129000|0.057096500|0.066021100|0.059587500|0.063606100|0.024429900|0.039366900|0.006639000|0.038633700|0.043631200|0.023315000|0.017637500|0.040532300|0.037735100|0.068277300|0.019899800|0.052129500|0.016467000|0.007323700|0.021945900|0.021976000|0.025115900|0.012593000|0.008486400,73.60028950008564,73.62550280000141,4,2,white,1.0,35,34,302887,5805,8653.914285714285,170.73529411764707,91113,598,72.14838270003384,1.4519068000518018,2.0613823628581094,0.042703141177994175
20260804_220257,d4_caro_kann_defence_challenger_black,caro_kann_defence,semi_open_game,e4 c6 d4 d5 Nc3 dxe4,rnbqkbnr/pp2pppp/2p5/8/3Pp3/2N5/PPP2PPP/R1BQKBNR w KQkq - 0 4,6,2,4,ordered,ordered,True,1/2-1/2,threefold_repetition,44,50,c3e4 g8f6 e4f6 g7f6 g1f3 d8a5 e1e2 c8f5 c1f4 b8d7 c2c4 f5e4 f3h4 a5h5 f2f3 h5h4 f3e4 h4f4 e2d3 b7b5 f1e2 b5c4 d3c4 f4e4 e2h5 e4g2 h1e1 g2b2 h5f7 e8f7 d1h5 f7g8 h5g4 f8g7 g4e6 g8f8 e6e7 f8g8 e7e6 g8f8 e6e7 f8g8 e7e6 g8f8,Nxe4 Nf6 Nxf6+ gxf6 Nf3 Qa5+ Ke2 Bf5 Bf4 Nd7 c4 Be4 Nh4 Qh5+ f3 Qxh4 fxe4 Qxf4 Kd3 b5 Be2 bxc4+ Kxc4 Qxe4 Bh5 Qxg2 Re1 Qxb2 Bxf7+ Kxf7 Qh5+ Kg8 Qg4+ Bg7 Qe6+ Kf8 Qxe7+ Kg8 Qe6+ Kf8 Qe7+ Kg8 Qe6+ Kf8,e4 c6 d4 d5 Nc3 dxe4 Nxe4 Nf6 Nxf6+ gxf6 Nf3 Qa5+ Ke2 Bf5 Bf4 Nd7 c4 Be4 Nh4 Qh5+ f3 Qxh4 fxe4 Qxf4 Kd3 b5 Be2 bxc4+ Kxc4 Qxe4 Bh5 Qxg2 Re1 Qxb2 Bxf7+ Kxf7 Qh5+ Kg8 Qg4+ Bg7 Qe6+ Kf8 Qxe7+ Kg8 Qe6+ Kf8 Qe7+ Kg8 Qe6+ Kf8,r4k1r/p2n2bp/2p1Qp2/8/2KP4/8/Pq5P/R3R3 w - - 7 26,0,22,22,2976,159473,135.27272727272728,7248.772727272727,373,33001,616,42990,0.7605381999455858,39.07986869999149,0.03456991817934481,1.7763576681814315,0.08944869998958893,8.476155299998936,107|86|155|50|238|373|312|137|97|87|148|45|191|184|229|60|80|85|68|81|82|81,9458|1002|12452|16817|25208|33001|15795|8612|2572|14035|2929|4162|5277|3775|607|674|907|356|439|478|439|478,0.031035500|0.018103900|0.029704500|0.013342100|0.053342300|0.089448700|0.088351800|0.029895400|0.032897400|0.021206400|0.033273000|0.010294700|0.043756000|0.043167900|0.065714600|0.023710900|0.025422900|0.024315300|0.019232200|0.022497900|0.019333900|0.022490900,2.079513000|0.194863000|3.394731500|4.103797100|6.119137700|8.476155300|4.121470200|2.257838700|0.612753800|3.056052300|0.647614600|0.960682000|1.145699200|0.960533900|0.167401200|0.151975400|0.189192800|0.080356900|0.085998800|0.085396200|0.089611900|0.099093200,39.84040689993708,39.854661900011706,4,2,black,0.5,22,22,159473,2976,7248.772727272727,135.27272727272728,42990,616,39.07986869999149,0.7605381999455858,1.7763576681814315,0.03456991817934481
20260804_220257,d4_queens_gambit_declined_challenger_white,queens_gambit_declined,closed_game,d4 d5 c4 e6 Nc3 Nf6,rnbqkb1r/ppp2ppp/4pn2/3p4/2PP4/2N5/PP2PPPP/R1BQKBNR w KQkq - 2 4,6,4,2,ordered,ordered,True,1/2-1/2,threefold_repetition,98,104,c4d5 e6d5 g1f3 f8b4 a2a3 b4c3 b2c3 b8c6 c1g5 c6d4 d1d4 c8f5 d4e5 e8f8 e5f5 d8d6 f3e5 a8e8 f2f4 e8e5 f4e5 d6c5 g5d2 f6e8 f5f2 c5f2 e1f2 c7c5 d2e3 c5c4 e3a7 e8c7 a7c5 f8e8 a1d1 c7e6 d1d5 e6c5 d5c5 f7f5 c5c8 e8d7 c8h8 d7e6 h8h7 e6e5 h7g7 b7b5 g7b7 b5b4 a3b4 e5e4 b7d7 f5f4 d7d4 e4e5 d4c4 e5d5 c4f4 d5e5 e2e3 e5d5 f1c4 d5e5 h1a1 e5d6 f4d4 d6e5 a1a5 e5f6 f2f3 f6g7 a5e5 g7f6 f3e4 f6g7 d4d6 g7h8 h2h4 h8g7 e4d4 g7h8 e3e4 h8g7 c4d5 g7h8 g2g4 h8g7 d6c6 g7h8 c6h6 h8g7 h6d6 g7h8 d6h6 h8g7 h6d6 g7h8,cxd5 exd5 Nf3 Bb4 a3 Bxc3+ bxc3 Nc6 Bg5 Nxd4 Qxd4 Bf5 Qe5+ Kf8 Qxf5 Qd6 Ne5 Re8 f4 Rxe5 fxe5 Qc5 Bd2 Ne8 Qf2 Qxf2+ Kxf2 c5 Be3 c4 Bxa7 Nc7 Bc5+ Ke8 Rd1 Ne6 Rxd5 Nxc5 Rxc5 f5 Rc8+ Kd7 Rxh8 Ke6 Rxh7 Kxe5 Rxg7 b5 Rb7 b4 axb4 Ke4 Rd7 f4 Rd4+ Ke5 Rxc4 Kd5 Rxf4 Ke5 e3 Kd5 Bc4+ Ke5 Ra1 Kd6 Rd4+ Ke5 Ra5+ Kf6 Kf3 Kg7 Re5 Kf6 Ke4 Kg7 Rd6 Kh8 h4 Kg7 Kd4 Kh8 e4 Kg7 Bd5 Kh8 g4 Kg7 Rc6 Kh8 Rh6+ Kg7 Rd6 Kh8 Rh6+ Kg7 Rd6 Kh8,d4 d5 c4 e6 Nc3 Nf6 cxd5 exd5 Nf3 Bb4 a3 Bxc3+ bxc3 Nc6 Bg5 Nxd4 Qxd4 Bf5 Qe5+ Kf8 Qxf5 Qd6 Ne5 Re8 f4 Rxe5 fxe5 Qc5 Bd2 Ne8 Qf2 Qxf2+ Kxf2 c5 Be3 c4 Bxa7 Nc7 Bc5+ Ke8 Rd1 Ne6 Rxd5 Nxc5 Rxc5 f5 Rc8+ Kd7 Rxh8 Ke6 Rxh7 Kxe5 Rxg7 b5 Rb7 b4 axb4 Ke4 Rd7 f4 Rd4+ Ke5 Rxc4 Kd5 Rxf4 Ke5 e3 Kd5 Bc4+ Ke5 Ra1 Kd6 Rd4+ Ke5 Ra5+ Kf6 Kf3 Kg7 Re5 Kf6 Ke4 Kg7 Rd6 Kh8 h4 Kg7 Kd4 Kh8 e4 Kg7 Bd5 Kh8 g4 Kg7 Rc6 Kh8 Rh6+ Kg7 Rd6 Kh8 Rh6+ Kg7 Rd6 Kh8,7k/8/3R4/3BR3/1P1KP1PP/2P5/8/8 w - - 11 53,0,49,49,228693,5952,4667.2040816326535,121.46938775510205,21141,348,72724,488,47.04558480005653,1.3169952999742236,0.9601139755113578,0.026877455101514767,5.183921500007273,0.08551200000511017,3416|9960|9598|2148|13130|5376|9523|6947|21141|9193|1759|3287|17788|655|7935|2293|2978|18550|4243|1202|992|1302|1265|1137|1960|1911|1197|1055|1075|979|1934|2187|3721|4940|4561|4858|6084|3657|4093|4279|4446|3626|3426|2533|2366|1983|1956|2092|1956,100|191|82|295|105|348|47|244|267|160|336|286|61|311|130|100|56|96|55|143|56|75|38|165|112|133|54|44|84|86|87|112|47|196|49|64|258|76|139|92|122|80|102|66|44|34|45|34|45,0.883101700|2.791206600|2.626887700|0.500232500|3.548882600|1.420562100|2.849973300|2.063403600|5.183921500|2.359058800|0.386453700|0.683166900|3.839449800|0.117781300|1.494320500|0.425823000|0.582110100|3.427271200|0.872073800|0.242805000|0.174587700|0.225427100|0.222437200|0.174771600|0.288571900|0.288464900|0.193818500|0.166029700|0.151866100|0.126025400|0.244438800|0.311319400|0.563655600|0.854331500|0.671258300|0.639243800|0.718059500|0.503170400|0.595704400|0.553528600|0.613109400|0.456102200|0.459175200|0.350908000|0.313807400|0.234185800|0.231751900|0.223491500|0.197857300,0.029159600|0.047517000|0.021821700|0.064928800|0.030838200|0.085512000|0.012487200|0.083757000|0.065718400|0.036860000|0.075543200|0.058865500|0.017105100|0.055557100|0.026833400|0.021054400|0.010238800|0.019728000|0.013391700|0.026754600|0.011044300|0.014696100|0.006237500|0.031908100|0.016917000|0.028927500|0.011954500|0.007716500|0.013194600|0.011009800|0.015506800|0.018663200|0.008713300|0.048643200|0.009784200|0.012323900|0.074869000|0.015292800|0.026378100|0.019215800|0.022994900|0.014877300|0.021625400|0.014370500|0.007103700|0.009708900|0.007162200|0.005747100|0.006737400,48.362580100030755,48.39279309999256,4,2,white,0.5,49,49,228693,5952,4667.2040816326535,121.46938775510205,72724,488,47.04558480005653,1.3169952999742236,0.9601139755113578,0.026877455101514767
20260804_220257,d4_queens_gambit_declined_challenger_black,queens_gambit_declined,closed_game,d4 d5 c4 e6 Nc3 Nf6,rnbqkb1r/ppp2ppp/4pn2/3p4/2PP4/2N5/PP2PPPP/R1BQKBNR w KQkq - 2 4,6,2,4,ordered,ordered,True,0-1,checkmate,34,40,d1a4 c8d7 a4a5 b7b6 c3d5 b6a5 d5f6 d8f6 e2e4 f6d4 g1e2 f8b4 e2c3 d4e4 e1d1 b4c3 b2c3 d7a4 d1d2 e4c2 d2e3 c2c3 f1d3 c3a1 d3h7 h8h7 e3e4 a1a2 c4c5 a2f2 c1g5 a4c2 e4e5 b8d7,Qa4+ Bd7 Qa5 b6 Nxd5 bxa5 Nxf6+ Qxf6 e4 Qxd4 Ne2 Bb4+ Nc3 Qxe4+ Kd1 Bxc3 bxc3 Ba4+ Kd2 Qc2+ Ke3 Qxc3+ Bd3 Qxa1 Bxh7 Rxh7 Ke4 Qxa2 c5 Qxf2 Bg5 Bc2+ Ke5 Nd7#,d4 d5 c4 e6 Nc3 Nf6 Qa4+ Bd7 Qa5 b6 Nxd5 bxa5 Nxf6+ Qxf6 e4 Qxd4 Ne2 Bb4+ Nc3 Qxe4+ Kd1 Bxc3 bxc3 Ba4+ Kd2 Qc2+ Ke3 Qxc3+ Bd3 Qxa1 Bxh7 Rxh7 Ke4 Qxa2 c5 Qxf2 Bg5 Bc2+ Ke5 Nd7#,r3k3/p1pn1ppr/4p3/p1P1K1B1/8/8/2b2qPP/7R w q - 4 21,-100000,17,17,1951,72902,114.76470588235294,4288.35294117647,270,16242,285,24224,0.44571780000114813,16.003960200047004,0.026218694117714596,0.9414094235321767,0.05865829999675043,3.95850409999548,76|111|144|70|187|170|47|104|83|46|41|143|110|138|170|270|41,5079|16242|1793|900|3160|2860|5758|5169|3712|4051|3052|3798|3341|3861|4211|3261|2654,0.015589100|0.026328500|0.039132800|0.017491600|0.042129300|0.035252000|0.010206400|0.026142800|0.021599200|0.011412200|0.007594100|0.029819500|0.024472800|0.028439400|0.043135200|0.058658300|0.008314600,1.228458400|3.958504100|0.402529400|0.366235100|0.692553100|0.635890600|1.306104600|1.122176600|0.771244800|0.799018300|0.570393100|0.875920600|0.590047900|0.802559000|0.807033600|0.593620500|0.481670500,16.449678000048152,16.4595277000044,4,2,black,1.0,17,17,72902,1951,4288.35294117647,114.76470588235294,24224,285,16.003960200047004,0.44571780000114813,0.9414094235321767,0.026218694117714596
20260804_220257,d4_slav_defence_challenger_white,slav_defence,closed_game,d4 d5 c4 c6 Nf3 Nf6,rnbqkb1r/pp2pppp/2p2n2/3p4/2PP4/5N2/PP2PPPP/RNBQKB1R w KQkq - 2 4,6,4,2,ordered,ordered,True,1/2-1/2,threefold_repetition,49,55,b1d2 d5c4 e2e4 e7e5 d2c4 f8b4 c1d2 b4d2 d1d2 f6e4 d2d3 e4f6 d4e5 d8d3 f1d3 f6d5 c4d6 e8d7 d6f7 h8e8 d3e4 d5f4 e4f5 d7c7 f5c8 e8c8 g2g3 f4d3 e1e2 d3b2 a1b1 b2c4 f3d2 c4d2 e2d2 b8d7 f7d6 c8f8 b1b7 c7d8 f2f4 d7c5 d6f7 d8c8 f7d6 c8d8 d6f7 d8c8 f7d6,Nbd2 dxc4 e4 e5 Nxc4 Bb4+ Bd2 Bxd2+ Qxd2 Nxe4 Qd3 Nf6 dxe5 Qxd3 Bxd3 Nd5 Nd6+ Kd7 Nxf7 Re8 Be4 Nf4 Bf5+ Kc7 Bxc8 Rxc8 g3 Nd3+ Ke2 Nxb2 Rab1 Nc4 Nd2 Nxd2 Kxd2 Nd7 Nd6 Rf8 Rxb7+ Kd8 f4 Nc5 Nf7+ Kc8 Nd6+ Kd8 Nf7+ Kc8 Nd6+,d4 d5 c4 c6 Nf3 Nf6 Nbd2 dxc4 e4 e5 Nxc4 Bb4+ Bd2 Bxd2+ Qxd2 Nxe4 Qd3 Nf6 dxe5 Qxd3 Bxd3 Nd5 Nd6+ Kd7 Nxf7 Re8 Be4 Nf4 Bf5+ Kc7 Bxc8 Rxc8 g3 Nd3+ Ke2 Nxb2 Rab1 Nc4 Nd2 Nxd2 Kxd2 Nd7 Nd6 Rf8 Rxb7+ Kd8 f4 Nc5 Nf7+ Kc8 Nd6+ Kd8 Nf7+ Kc8 Nd6+,r1k2r2/pR4pp/2pN4/2n1P3/5P2/6P1/P2K3P/7R b - - 8 28,0,25,24,162749,3731,6509.96,155.45833333333334,18607,410,43518,481,41.97623889995157,0.9678107000945602,1.6790495559980627,0.04032544583727334,5.056925600001705,0.10471379999944475,8088|9532|6961|4799|4102|9760|7041|948|14061|6658|18607|4024|1902|5969|1356|11951|12037|4124|11682|1985|4510|4589|1737|4589|1737,85|204|85|97|156|259|105|378|137|198|410|86|89|79|131|244|85|226|244|41|130|110|42|110,1.894393500|2.174664200|1.937875900|1.206046600|1.085301100|2.734760900|1.979550300|0.239903600|3.806883100|1.751515800|5.056925600|0.974708800|0.429554400|1.513238600|0.325664400|2.896585100|2.877309800|1.019126200|2.940206800|0.555507800|0.996518100|1.270757300|0.484038800|1.306743900|0.518458300,0.018253600|0.050845200|0.030993200|0.026555200|0.044426300|0.062394500|0.028711400|0.089076200|0.036206200|0.060395700|0.104713800|0.020776900|0.023018000|0.021448500|0.034233700|0.055362500|0.024899700|0.060032200|0.059286600|0.008260800|0.035238000|0.033205500|0.009977800|0.029499200,42.94404960004613,42.96272970001155,4,2,white,0.5,25,24,162749,3731,6509.96,155.45833333333334,43518,481,41.97623889995157,0.9678107000945602,1.6790495559980627,0.04032544583727334
20260804_220257,d4_slav_defence_challenger_black,slav_defence,closed_game,d4 d5 c4 c6 Nf3 Nf6,rnbqkb1r/pp2pppp/2p2n2/3p4/2PP4/5N2/PP2PPPP/RNBQKB1R w KQkq - 2 4,6,2,4,ordered,ordered,True,1/2-1/2,threefold_repetition,22,28,b1c3 d5c4 c1f4 c8g4 f4b8 a8b8 f3e5 e7e6 e5g4 f6g4 e2e4 g4f2 e1f2 d8f6 f2e3 f6h6 e3f3 h6f6 f3e3 f6h6 e3f3 h6f6,Nc3 dxc4 Bf4 Bg4 Bxb8 Rxb8 Ne5 e6 Nxg4 Nxg4 e4 Nxf2 Kxf2 Qf6+ Ke3 Qh6+ Kf3 Qf6+ Ke3 Qh6+ Kf3 Qf6+,d4 d5 c4 c6 Nf3 Nf6 Nc3 dxc4 Bf4 Bg4 Bxb8 Rxb8 Ne5 e6 Nxg4 Nxg4 e4 Nxf2 Kxf2 Qf6+ Ke3 Qh6+ Kf3 Qf6+ Ke3 Qh6+ Kf3 Qf6+,1r2kb1r/pp3ppp/2p1pq2/8/2pPP3/2N2K2/PP4PP/R2Q1B1R w k - 9 15,0,11,11,1389,71319,126.27272727272727,6483.545454545455,340,20936,230,17544,0.3903646000107983,21.49368779998622,0.035487690910072575,1.9539716181805653,0.09315529999730643,6.26533360000758,131|205|120|137|107|340|103|80|41|84|41,5659|20936|4431|15846|3723|5581|3847|3015|2633|3015|2633,0.046645900|0.058425200|0.030391700|0.036317300|0.033767300|0.093155300|0.029637000|0.022157200|0.009720300|0.020559600|0.009587800,1.728355200|6.265333600|1.321918000|4.678883500|1.052990100|1.754793400|1.278203400|0.901718100|0.757311600|1.006668900|0.747512000,21.884052399997017,21.89219779999985,4,2,black,0.5,11,11,71319,1389,6483.545454545455,126.27272727272727,17544,230,21.49368779998622,0.3903646000107983,1.9539716181805653,0.035487690910072575
20260804_220257,d4_kings_indian_defence_challenger_white,kings_indian_defence,indian_game,d4 Nf6 c4 g6 Nc3 Bg7,rnbqk2r/ppppppbp/5np1/8/2PP4/2N5/PP2PPPP/R1BQKBNR w KQkq - 2 4,6,4,2,ordered,ordered,True,1-0,checkmate,31,37,c1g5 f6g4 h2h3 g4f2 e1f2 b8c6 e2e3 d7d6 f1d3 c8e6 g1f3 h7h5 d1b3 a7a5 b3b7 g7d4 e3d4 c6d4 f3d4 e6c4 b7c6 e8f8 d3c4 a8b8 c6d5 b8b2 f2e3 f8e8 d5f7 e8d7 c4e6,Bg5 Ng4 h3 Nxf2 Kxf2 Nc6 e3 d6 Bd3 Be6 Nf3 h5 Qb3 a5 Qxb7 Bxd4 exd4 Nxd4 Nxd4 Bxc4 Qc6+ Kf8 Bxc4 Rb8 Qd5 Rxb2+ Ke3 Ke8 Qxf7+ Kd7 Be6#,d4 Nf6 c4 g6 Nc3 Bg7 Bg5 Ng4 h3 Nxf2 Kxf2 Nc6 e3 d6 Bd3 Be6 Nf3 h5 Qb3 a5 Qxb7 Bxd4 exd4 Nxd4 Nxd4 Bxc4 Qc6+ Kf8 Bxc4 Rb8 Qd5 Rxb2+ Ke3 Ke8 Qxf7+ Kd7 Be6#,3q3r/2pkpQ2/3pB1p1/p5Bp/3N4/2N1K2P/Pr4P1/R6R b - - 2 19,100000,16,15,226726,3073,14170.375,204.86666666666667,33264,421,62205,346,62.29448149999371,0.9031048000033479,3.8934050937496067,0.06020698666688986,9.513821300002746,0.12707570000202395,19472|26106|5937|8313|32989|29456|33264|10662|2607|9157|9768|13054|18791|3975|1493|1682,239|101|174|226|314|294|386|209|140|175|75|421|60|193|66,5.321422600|6.702306600|1.613946000|2.399264200|9.353275000|8.744810100|9.513821300|3.222584300|0.832797700|2.688886400|2.635818600|3.135648100|4.539431200|0.890284400|0.309863900|0.390321100,0.063234900|0.028031900|0.044070200|0.048164500|0.112973600|0.086493500|0.127075700|0.077437500|0.049556100|0.048713700|0.023787400|0.101810600|0.030199900|0.048138900|0.013416400,63.197586299997056,63.211413700002595,4,2,white,1.0,16,15,226726,3073,14170.375,204.86666666666667,62205,346,62.29448149999371,0.9031048000033479,3.8934050937496067,0.06020698666688986
20260804_220257,d4_kings_indian_defence_challenger_black,kings_indian_defence,indian_game,d4 Nf6 c4 g6 Nc3 Bg7,rnbqk2r/ppppppbp/5np1/8/2PP4/2N5/PP2PPPP/R1BQKBNR w KQkq - 2 4,6,2,4,ordered,ordered,True,1/2-1/2,threefold_repetition,91,97,g1f3 b8c6 c1f4 f6h5 f4e3 h5f6 d1d3 c6b4 d3d2 f6g4 e3f4 c7c6 e2e4 d8a5 c4c5 g6g5 f3g5 g7f6 g5f3 d7d5 e4d5 c6d5 f1e2 f6g7 h2h4 c8f5 a2a4 b4c2 e1f1 c2a1 b2b4 a5b4 h1h3 e7e5 d4e5 b4c5 c3d1 a1b3 d2b2 g4f2 d1f2 f5h3 f2h3 b3a5 h3g5 h7h6 g5h3 a8d8 e2d3 h6h5 h3g5 g7h6 g5f7 e8f7 f4h6 h8h6 f3g5 f7g8 g5f3 h6e6 g2g4 h5g4 f3g5 e6e7 e5e6 d8f8 f1g2 a5c6 g2g3 c5e3 g3g4 e3d3 a4a5 c6a5 b2e5 a5c4 e5e1 f8f1 e1b4 c4e5 g4h5 e7h7 g5h7 d3h7 h5g5 h7g7 g5h5 g7h7 h5g5 h7g7 g5h5,Nf3 Nc6 Bf4 Nh5 Be3 Nf6 Qd3 Nb4 Qd2 Ng4 Bf4 c6 e4 Qa5 c5 g5 Nxg5 Bf6 Nf3 d5 exd5 cxd5 Be2 Bg7 h4 Bf5 a4 Nc2+ Kf1 Nxa1 b4 Qxb4 Rh3 e5 dxe5 Qxc5 Nd1 Nb3 Qb2 Nxf2 Nxf2 Bxh3 Nxh3 Na5 Nhg5 h6 Nh3 Rd8 Bd3 h5 Nhg5 Bh6 Nxf7 Kxf7 Bxh6 Rxh6 Ng5+ Kg8 Nf3 Re6 g4 hxg4 Ng5 Re7 e6 Rf8+ Kg2 Nc6 Kg3 Qe3+ Kxg4 Qxd3 a5 Nxa5 Qe5 Nc4 Qe1 Rf1 Qb4 Ne5+ Kh5 Rh7+ Nxh7 Qxh7+ Kg5 Qg7+ Kh5 Qh7+ Kg5 Qg7+ Kh5,d4 Nf6 c4 g6 Nc3 Bg7 Nf3 Nc6 Bf4 Nh5 Be3 Nf6 Qd3 Nb4 Qd2 Ng4 Bf4 c6 e4 Qa5 c5 g5 Nxg5 Bf6 Nf3 d5 exd5 cxd5 Be2 Bg7 h4 Bf5 a4 Nc2+ Kf1 Nxa1 b4 Qxb4 Rh3 e5 dxe5 Qxc5 Nd1 Nb3 Qb2 Nxf2 Nxf2 Bxh3 Nxh3 Na5 Nhg5 h6 Nh3 Rd8 Bd3 h5 Nhg5 Bh6 Nxf7 Kxf7 Bxh6 Rxh6 Ng5+ Kg8 Nf3 Re6 g4 hxg4 Ng5 Re7 e6 Rf8+ Kg2 Nc6 Kg3 Qe3+ Kxg4 Qxd3 a5 Nxa5 Qe5 Nc4 Qe1 Rf1 Qb4 Ne5+ Kh5 Rh7+ Nxh7 Qxh7+ Kg5 Qg7+ Kh5 Qh7+ Kg5 Qg7+ Kh5,6k1/pp4q1/4P3/3pn2K/1Q5P/8/8/5r2 b - - 7 49,0,46,45,11696,750484,254.2608695652174,16677.422222222223,672,75840,1285,124624,3.121487100070226,194.00095899998269,0.06785841521891796,4.311132422221838,0.19196859998919535,20.563170499997796,215|233|171|154|143|252|476|606|137|307|180|378|672|641|102|374|367|223|271|181|173|178|292|253|373|340|259|152|86|234|342|225|414|58|358|74|529|413|287|286|57|50|45|45|45|45,13768|28041|27731|23161|16982|37909|25569|75840|28817|53599|32233|42933|18636|1691|5145|5222|20554|4282|22801|5205|3390|13504|26431|39842|42676|29410|4710|4477|2271|24164|5784|2908|1019|13898|1381|2320|12629|9296|9468|3872|3931|621|854|655|854,0.048701500|0.057446500|0.058411800|0.050617200|0.034801500|0.057966700|0.104322600|0.169827100|0.035217400|0.084793500|0.050973100|0.107727400|0.191968600|0.186959700|0.021983700|0.086744600|0.089618200|0.062850200|0.092515300|0.041716100|0.053565400|0.050870600|0.093571700|0.081008900|0.089347900|0.081932700|0.064489300|0.037707100|0.031067900|0.066546900|0.081840300|0.058007400|0.101478300|0.015610600|0.093780600|0.020672900|0.141102700|0.108331400|0.072247300|0.078992900|0.013377600|0.010986100|0.009545200|0.011064400|0.008890100|0.010288200,3.186613900|7.510047500|7.339037400|6.353116200|4.598379300|9.270447900|6.750907100|20.563170500|7.444973900|15.052994200|8.248993700|12.540126500|4.752001600|0.595159400|1.313010400|1.427486200|5.074099900|1.110355900|5.626287900|1.313454700|0.920972800|3.281986300|6.332984000|10.150867000|10.861986100|6.716387400|1.007328400|1.040052600|0.561571300|6.053562900|1.623699900|0.791505700|0.244901500|3.222853700|0.350387300|0.656625200|3.024094000|2.235642200|2.420042100|0.975641900|0.861125300|0.128846900|0.179765900|0.118282700|0.169181800,197.1224461000529,197.1620363999973,4,2,black,0.5,45,46,750484,11696,16677.422222222223,254.2608695652174,124624,1285,194.00095899998269,3.121487100070226,4.311132422221838,0.06785841521891796
20260804_220257,d4_english_opening_challenger_white,english_opening,flank_opening,c4 e5 Nc3 Nf6 g3 d5,rnbqkb1r/ppp2ppp/5n2/3pp3/2P5/2N3P1/PP1PPP1P/R1BQKBNR w KQkq - 0 4,6,4,2,ordered,ordered,True,1/2-1/2,threefold_repetition,52,58,c4d5 b8d7 f1h3 f6d5 c3d5 f7f5 e2e3 f8c5 h3f5 c5e3 d2e3 d7c5 f5c8 a8c8 d1h5 e8f8 h5f5 f8g8 d5e7 d8e7 f5c8 g8f7 c8h8 c5d3 e1e2 d3c1 a1c1 f7e6 h8h7 e7d6 h7g7 d6a6 e2f3 a6a2 g7g8 e6f5 e3e4 f5f6 g8a2 a7a6 c1c7 b7b6 f3g4 f6g6 a2g8 g6h6 g8h8 h6g6 h8g8 g6h6 g8h8 h6g6,cxd5 Nbd7 Bh3 Nxd5 Nxd5 f5 e3 Bc5 Bxf5 Bxe3 dxe3 Nc5 Bxc8 Rxc8 Qh5+ Kf8 Qf5+ Kg8 Ne7+ Qxe7 Qxc8+ Kf7 Qxh8 Nd3+ Ke2 Nxc1+ Rxc1 Ke6 Qxh7 Qd6 Qxg7 Qa6+ Kf3 Qxa2 Qg8+ Kf5 e4+ Kf6 Qxa2 a6 Rxc7 b6 Kg4 Kg6 Qg8+ Kh6 Qh8+ Kg6 Qg8+ Kh6 Qh8+ Kg6,c4 e5 Nc3 Nf6 g3 d5 cxd5 Nbd7 Bh3 Nxd5 Nxd5 f5 e3 Bc5 Bxf5 Bxe3 dxe3 Nc5 Bxc8 Rxc8 Qh5+ Kf8 Qf5+ Kg8 Ne7+ Qxe7 Qxc8+ Kf7 Qxh8 Nd3+ Ke2 Nxc1+ Rxc1 Ke6 Qxh7 Qd6 Qxg7 Qa6+ Kf3 Qxa2 Qg8+ Kf5 e4+ Kf6 Qxa2 a6 Rxc7 b6 Kg4 Kg6 Qg8+ Kh6 Qh8+ Kg6 Qg8+ Kh6 Qh8+ Kg6,7Q/2R5/pp4k1/4p3/4P1K1/6P1/1P3P1P/6NR w - - 10 30,0,26,26,77660,3074,2986.923076923077,118.23076923076923,8802,334,27675,348,19.496281899992027,0.7895364000141853,0.7498569961535395,0.030366784615930207,2.5037025999918114,0.0929521000070963,2797|8130|2647|8802|6173|3351|3978|935|2634|1495|838|2055|2069|1270|5685|1855|350|1213|1533|2120|2677|2800|2972|3074|3133|3074,279|90|298|210|132|334|104|56|59|39|40|61|73|163|283|58|82|146|41|204|91|45|51|42|51|42,0.909747200|2.287172400|0.674096200|2.503702600|2.057507100|0.988528800|1.317883000|0.304145100|0.731828300|0.393777100|0.238485500|0.558669500|0.516857900|0.286617800|1.458440500|0.426104800|0.080503200|0.262156300|0.313851200|0.450753500|0.453612700|0.507814000|0.503753200|0.393964400|0.463595000|0.412714600,0.063253300|0.025269600|0.064579200|0.064204500|0.043779700|0.092952100|0.039514600|0.013459100|0.015184900|0.010652100|0.008702600|0.018420200|0.019263800|0.050708300|0.065685800|0.015775000|0.022982100|0.032082500|0.008470500|0.046077600|0.021993400|0.011336400|0.008928800|0.008661700|0.010422800|0.007175800,20.285818300006213,20.30408709999756,4,2,white,0.5,26,26,77660,3074,2986.923076923077,118.23076923076923,27675,348,19.496281899992027,0.7895364000141853,0.7498569961535395,0.030366784615930207
20260804_220257,d4_english_opening_challenger_black,english_opening,flank_opening,c4 e5 Nc3 Nf6 g3 d5,rnbqkb1r/ppp2ppp/5n2/3pp3/2P5/2N3P1/PP1PPP1P/R1BQKBNR w KQkq - 0 4,6,2,4,ordered,ordered,True,0-1,checkmate,30,36,d1a4 c8d7 a4a5 b7b6 c3d5 b6a5 d5f6 d8f6 e2e4 b8c6 g1e2 f6f3 f1g2 f3g2 d2d4 g2h1 e1d2 h1e4 e2c3 e4d4 d2e2 d4c4 e2d1 c4f1 d1d2 f1f2 d2d1 d7g4 c3e2 f2e2,Qa4+ Bd7 Qa5 b6 Nxd5 bxa5 Nxf6+ Qxf6 e4 Nc6 Ne2 Qf3 Bg2 Qxg2 d4 Qxh1+ Kd2 Qxe4 Nc3 Qxd4+ Ke2 Qxc4+ Kd1 Qf1+ Kd2 Qxf2+ Kd1 Bg4+ Ne2 Qxe2#,c4 e5 Nc3 Nf6 g3 d5 Qa4+ Bd7 Qa5 b6 Nxd5 bxa5 Nxf6+ Qxf6 e4 Nc6 Ne2 Qf3 Bg2 Qxg2 d4 Qxh1+ Kd2 Qxe4 Nc3 Qxd4+ Ke2 Qxc4+ Kd1 Qf1+ Kd2 Qxf2+ Kd1 Bg4+ Ne2 Qxe2#,r3kb1r/p1p2ppp/2n5/p3p3/6b1/6P1/PP2q2P/R1BK4 w kq - 0 19,-100000,15,15,1719,92833,114.6,6188.866666666667,233,17148,213,30998,0.40755390001868363,21.111185299960198,0.027170260001245575,1.40741235333068,0.05252360001031775,4.06475109999883,64|109|138|66|207|125|233|199|43|131|50|154|47|102|51,4680|11858|1373|1791|9410|17148|3295|3130|4162|3500|5101|13108|5154|4322|4801,0.017323600|0.032511200|0.035419100|0.014478700|0.048465900|0.037019000|0.052523600|0.042236600|0.009225800|0.028885400|0.012208800|0.031595600|0.011908000|0.020717100|0.013035500,1.096025300|3.374365100|0.326481600|0.405441300|2.459737700|4.064751100|0.753980500|0.698409000|0.813539800|0.709568000|1.057952600|2.556683600|1.032273200|0.932622400|0.829354100,21.51873919997888,21.52756170000066,4,2,black,1.0,15,15,92833,1719,6188.866666666667,114.6,30998,213,21.111185299960198,0.40755390001868363,1.40741235333068,0.027170260001245575
